#2026 05 14 11:36:38.843#Z#DEBUG#12f0546a-4f89-11f1-8186-eeee0a8da331.incident-management-db-deployer#flowable-async-job-executor-thread-2017#
[PollStageAppStatusExecution] 704b7d6e-c410-4b7e-8dbd-4e9da35f4465 [2026-05-14T11:31:08.092675] Updated app with guid 704b7d6e-c410-4b7e-8dbd-4e9da35f4465 ({"lifecycle"=>{"data"=>{"buildpacks"=>["nodejs_buildpack"]}, "type"=>"buildpack"}}) (STDOUT, API)#
#2026 05 14 11:36:38.843#Z#DEBUG#12f0546a-4f89-11f1-8186-eeee0a8da331.incident-management-db-deployer#flowable-async-job-executor-thread-2017#
[PollStageAppStatusExecution] 704b7d6e-c410-4b7e-8dbd-4e9da35f4465 [2026-05-14T11:31:08.178719] Updating process: "web" (STDOUT, API)#
#2026 05 14 11:36:38.843#Z#DEBUG#12f0546a-4f89-11f1-8186-eeee0a8da331.incident-management-db-deployer#flowable-async-job-executor-thread-2017#
[PollStageAppStatusExecution] 704b7d6e-c410-4b7e-8dbd-4e9da35f4465 [2026-05-14T11:31:16.232928] Uploading app package for app with guid 704b7d6e-c410-4b7e-8dbd-4e9da35f4465 (STDOUT, API)#
#2026 05 14 11:36:38.843#Z#DEBUG#12f0546a-4f89-11f1-8186-eeee0a8da331.incident-management-db-deployer#flowable-async-job-executor-thread-2017#
[PollStageAppStatusExecution] 704b7d6e-c410-4b7e-8dbd-4e9da35f4465 [2026-05-14T11:31:16.424669] Updated app with guid 704b7d6e-c410-4b7e-8dbd-4e9da35f4465 ({"environment_variables"=>"[PRIVATE DATA HIDDEN]"}) (STDOUT, API)#
#2026 05 14 11:36:38.843#Z#DEBUG#12f0546a-4f89-11f1-8186-eeee0a8da331.incident-management-db-deployer#flowable-async-job-executor-thread-2017#
[PollStageAppStatusExecution] 704b7d6e-c410-4b7e-8dbd-4e9da35f4465 [2026-05-14T11:31:26.359668] Creating build for app with guid 704b7d6e-c410-4b7e-8dbd-4e9da35f4465 (STDOUT, API)#
#2026 05 14 11:36:38.843#Z#DEBUG#12f0546a-4f89-11f1-8186-eeee0a8da331.incident-management-db-deployer#flowable-async-job-executor-thread-2017#
[PollStageAppStatusExecution] 704b7d6e-c410-4b7e-8dbd-4e9da35f4465 [2026-05-14T11:31:26.897108] Downloading nodejs_buildpack... (STDOUT, STG)#
#2026 05 14 11:36:38.843#Z#DEBUG#12f0546a-4f89-11f1-8186-eeee0a8da331.incident-management-db-deployer#flowable-async-job-executor-thread-2017#
[PollStageAppStatusExecution] 704b7d6e-c410-4b7e-8dbd-4e9da35f4465 [2026-05-14T11:31:26.943608] Downloaded nodejs_buildpack (STDOUT, STG)#
#2026 05 14 11:36:38.843#Z#DEBUG#12f0546a-4f89-11f1-8186-eeee0a8da331.incident-management-db-deployer#flowable-async-job-executor-thread-2017#
[PollStageAppStatusExecution] 704b7d6e-c410-4b7e-8dbd-4e9da35f4465 [2026-05-14T11:31:26.943688] Cell 77283d80-dfa7-40ba-ba4e-265aef112085 creating container for instance 51919369-c73b-4123-989e-e120823ac371 (STDOUT, STG)#
#2026 05 14 11:36:38.843#Z#DEBUG#12f0546a-4f89-11f1-8186-eeee0a8da331.incident-management-db-deployer#flowable-async-job-executor-thread-2017#
[PollStageAppStatusExecution] 704b7d6e-c410-4b7e-8dbd-4e9da35f4465 [2026-05-14T11:31:29.152928] Security group rules were updated (STDOUT, STG)#
#2026 05 14 11:36:38.843#Z#DEBUG#12f0546a-4f89-11f1-8186-eeee0a8da331.incident-management-db-deployer#flowable-async-job-executor-thread-2017#
[PollStageAppStatusExecution] 704b7d6e-c410-4b7e-8dbd-4e9da35f4465 [2026-05-14T11:31:29.251584] Cell 77283d80-dfa7-40ba-ba4e-265aef112085 successfully created container for instance 51919369-c73b-4123-989e-e120823ac371 (STDOUT, STG)#
#2026 05 14 11:36:38.843#Z#DEBUG#12f0546a-4f89-11f1-8186-eeee0a8da331.incident-management-db-deployer#flowable-async-job-executor-thread-2017#
[PollStageAppStatusExecution] 704b7d6e-c410-4b7e-8dbd-4e9da35f4465 [2026-05-14T11:31:29.915294] Downloading build artifacts cache... (STDOUT, STG)#
#2026 05 14 11:36:38.843#Z#DEBUG#12f0546a-4f89-11f1-8186-eeee0a8da331.incident-management-db-deployer#flowable-async-job-executor-thread-2017#
[PollStageAppStatusExecution] 704b7d6e-c410-4b7e-8dbd-4e9da35f4465 [2026-05-14T11:31:29.915340] Downloading app package... (STDOUT, STG)#
#2026 05 14 11:36:38.843#Z#DEBUG#12f0546a-4f89-11f1-8186-eeee0a8da331.incident-management-db-deployer#flowable-async-job-executor-thread-2017#
[PollStageAppStatusExecution] 704b7d6e-c410-4b7e-8dbd-4e9da35f4465 [2026-05-14T11:31:30.031066] Downloaded build artifacts cache (225B) (STDOUT, STG)#
#2026 05 14 11:36:38.843#Z#DEBUG#12f0546a-4f89-11f1-8186-eeee0a8da331.incident-management-db-deployer#flowable-async-job-executor-thread-2017#
[PollStageAppStatusExecution] 704b7d6e-c410-4b7e-8dbd-4e9da35f4465 [2026-05-14T11:31:30.298080] Downloaded app package (2.3M) (STDOUT, STG)#
#2026 05 14 11:36:38.843#Z#DEBUG#12f0546a-4f89-11f1-8186-eeee0a8da331.incident-management-db-deployer#flowable-async-job-executor-thread-2017#
[PollStageAppStatusExecution] 704b7d6e-c410-4b7e-8dbd-4e9da35f4465 [2026-05-14T11:31:30.374840] -----> Nodejs Buildpack version 1.8.44 (STDOUT, STG)#
#2026 05 14 11:36:38.843#Z#DEBUG#12f0546a-4f89-11f1-8186-eeee0a8da331.incident-management-db-deployer#flowable-async-job-executor-thread-2017#
[PollStageAppStatusExecution] 704b7d6e-c410-4b7e-8dbd-4e9da35f4465 [2026-05-14T11:31:30.480228] -----> Bootstrapping python (STDOUT, STG)#
#2026 05 14 11:36:38.843#Z#DEBUG#12f0546a-4f89-11f1-8186-eeee0a8da331.incident-management-db-deployer#flowable-async-job-executor-thread-2017#
[PollStageAppStatusExecution] 704b7d6e-c410-4b7e-8dbd-4e9da35f4465 [2026-05-14T11:31:30.480249] -----> Installing python 3.11.14 (STDOUT, STG)#
#2026 05 14 11:36:38.843#Z#DEBUG#12f0546a-4f89-11f1-8186-eeee0a8da331.incident-management-db-deployer#flowable-async-job-executor-thread-2017#
[PollStageAppStatusExecution] 704b7d6e-c410-4b7e-8dbd-4e9da35f4465 [2026-05-14T11:31:30.480277] Copy [/tmp/buildpacks/978cee5ec9c58000/dependencies/b5e0345ae0ae1932e7d56fffaa49a487/python_3.11.14_linux_x64_cflinuxfs4_66f53248.tgz] (STDOUT, STG)#
#2026 05 14 11:36:38.843#Z#DEBUG#12f0546a-4f89-11f1-8186-eeee0a8da331.incident-management-db-deployer#flowable-async-job-executor-thread-2017#
[PollStageAppStatusExecution] 704b7d6e-c410-4b7e-8dbd-4e9da35f4465 [2026-05-14T11:31:33.577871] -----> Installing binaries (STDOUT, STG)#
#2026 05 14 11:36:38.843#Z#DEBUG#12f0546a-4f89-11f1-8186-eeee0a8da331.incident-management-db-deployer#flowable-async-job-executor-thread-2017#
[PollStageAppStatusExecution] 704b7d6e-c410-4b7e-8dbd-4e9da35f4465 [2026-05-14T11:31:33.577979] engines.node (package.json): >=18 (STDOUT, STG)#
#2026 05 14 11:36:38.843#Z#DEBUG#12f0546a-4f89-11f1-8186-eeee0a8da331.incident-management-db-deployer#flowable-async-job-executor-thread-2017#
[PollStageAppStatusExecution] 704b7d6e-c410-4b7e-8dbd-4e9da35f4465 [2026-05-14T11:31:33.577997] engines.npm (package.json): unspecified (use default) (STDOUT, STG)#
#2026 05 14 11:36:38.843#Z#DEBUG#12f0546a-4f89-11f1-8186-eeee0a8da331.incident-management-db-deployer#flowable-async-job-executor-thread-2017#
[PollStageAppStatusExecution] 704b7d6e-c410-4b7e-8dbd-4e9da35f4465 [2026-05-14T11:31:33.578001] [31;1m**WARNING**[0m Dangerous semver range (>) in engines.node. See: http://docs.cloudfoundry.org/buildpacks/node/node-tips.html (STDOUT, STG)#
#2026 05 14 11:36:38.843#Z#DEBUG#12f0546a-4f89-11f1-8186-eeee0a8da331.incident-management-db-deployer#flowable-async-job-executor-thread-2017#
[PollStageAppStatusExecution] 704b7d6e-c410-4b7e-8dbd-4e9da35f4465 [2026-05-14T11:31:33.578058] -----> Installing node 24.13.0 (STDOUT, STG)#
#2026 05 14 11:36:38.843#Z#DEBUG#12f0546a-4f89-11f1-8186-eeee0a8da331.incident-management-db-deployer#flowable-async-job-executor-thread-2017#
[PollStageAppStatusExecution] 704b7d6e-c410-4b7e-8dbd-4e9da35f4465 [2026-05-14T11:31:33.578188] Copy [/tmp/buildpacks/978cee5ec9c58000/dependencies/2f5692219fecc3eee6e6d507a6bfe7b9/node_24.13.0_linux_x64_cflinuxfs4_a816dee1.tgz] (STDOUT, STG)#
#2026 05 14 11:36:38.843#Z#DEBUG#12f0546a-4f89-11f1-8186-eeee0a8da331.incident-management-db-deployer#flowable-async-job-executor-thread-2017#
[PollStageAppStatusExecution] 704b7d6e-c410-4b7e-8dbd-4e9da35f4465 [2026-05-14T11:31:35.496408] Using default npm version: 11.6.2 (STDOUT, STG)#
#2026 05 14 11:36:38.843#Z#DEBUG#12f0546a-4f89-11f1-8186-eeee0a8da331.incident-management-db-deployer#flowable-async-job-executor-thread-2017#
[PollStageAppStatusExecution] 704b7d6e-c410-4b7e-8dbd-4e9da35f4465 [2026-05-14T11:31:35.496426] -----> Installing yarn 1.22.22 (STDOUT, STG)#
#2026 05 14 11:36:38.843#Z#DEBUG#12f0546a-4f89-11f1-8186-eeee0a8da331.incident-management-db-deployer#flowable-async-job-executor-thread-2017#
[PollStageAppStatusExecution] 704b7d6e-c410-4b7e-8dbd-4e9da35f4465 [2026-05-14T11:31:35.496532] Copy [/tmp/buildpacks/978cee5ec9c58000/dependencies/e3a39aedd1236924d69cc2d0637a8ed2/yarn_1.22.22_linux_noarch_any-stack_4911d0a6.tgz] (STDOUT, STG)#
#2026 05 14 11:36:38.843#Z#DEBUG#12f0546a-4f89-11f1-8186-eeee0a8da331.incident-management-db-deployer#flowable-async-job-executor-thread-2017#
[PollStageAppStatusExecution] 704b7d6e-c410-4b7e-8dbd-4e9da35f4465 [2026-05-14T11:31:35.767368] Installed yarn 1.22.22 (STDOUT, STG)#
#2026 05 14 11:36:38.843#Z#DEBUG#12f0546a-4f89-11f1-8186-eeee0a8da331.incident-management-db-deployer#flowable-async-job-executor-thread-2017#
[PollStageAppStatusExecution] 704b7d6e-c410-4b7e-8dbd-4e9da35f4465 [2026-05-14T11:31:35.767387] -----> Creating runtime environment (STDOUT, STG)#
#2026 05 14 11:36:38.843#Z#DEBUG#12f0546a-4f89-11f1-8186-eeee0a8da331.incident-management-db-deployer#flowable-async-job-executor-thread-2017#
[PollStageAppStatusExecution] 704b7d6e-c410-4b7e-8dbd-4e9da35f4465 [2026-05-14T11:31:35.769340] NODE_ENV=production (STDOUT, STG)#
#2026 05 14 11:36:38.843#Z#DEBUG#12f0546a-4f89-11f1-8186-eeee0a8da331.incident-management-db-deployer#flowable-async-job-executor-thread-2017#
[PollStageAppStatusExecution] 704b7d6e-c410-4b7e-8dbd-4e9da35f4465 [2026-05-14T11:31:35.769367] NODE_HOME=/tmp/contents215035544/deps/0/node (STDOUT, STG)#
#2026 05 14 11:36:38.843#Z#DEBUG#12f0546a-4f89-11f1-8186-eeee0a8da331.incident-management-db-deployer#flowable-async-job-executor-thread-2017#
[PollStageAppStatusExecution] 704b7d6e-c410-4b7e-8dbd-4e9da35f4465 [2026-05-14T11:31:35.769371] NODE_MODULES_CACHE=true (STDOUT, STG)#
#2026 05 14 11:36:38.843#Z#DEBUG#12f0546a-4f89-11f1-8186-eeee0a8da331.incident-management-db-deployer#flowable-async-job-executor-thread-2017#
[PollStageAppStatusExecution] 704b7d6e-c410-4b7e-8dbd-4e9da35f4465 [2026-05-14T11:31:35.769373] NODE_VERBOSE=false (STDOUT, STG)#
#2026 05 14 11:36:38.843#Z#DEBUG#12f0546a-4f89-11f1-8186-eeee0a8da331.incident-management-db-deployer#flowable-async-job-executor-thread-2017#
[PollStageAppStatusExecution] 704b7d6e-c410-4b7e-8dbd-4e9da35f4465 [2026-05-14T11:31:35.769375] NPM_CONFIG_LOGLEVEL=error (STDOUT, STG)#
#2026 05 14 11:36:38.843#Z#DEBUG#12f0546a-4f89-11f1-8186-eeee0a8da331.incident-management-db-deployer#flowable-async-job-executor-thread-2017#
[PollStageAppStatusExecution] 704b7d6e-c410-4b7e-8dbd-4e9da35f4465 [2026-05-14T11:31:35.769379] NPM_CONFIG_PRODUCTION=true (STDOUT, STG)#
#2026 05 14 11:36:38.843#Z#DEBUG#12f0546a-4f89-11f1-8186-eeee0a8da331.incident-management-db-deployer#flowable-async-job-executor-thread-2017#
[PollStageAppStatusExecution] 704b7d6e-c410-4b7e-8dbd-4e9da35f4465 [2026-05-14T11:31:35.769384] -----> Building dependencies (STDOUT, STG)#
#2026 05 14 11:36:38.843#Z#DEBUG#12f0546a-4f89-11f1-8186-eeee0a8da331.incident-management-db-deployer#flowable-async-job-executor-thread-2017#
[PollStageAppStatusExecution] 704b7d6e-c410-4b7e-8dbd-4e9da35f4465 [2026-05-14T11:31:35.769386] Prebuild detected (node_modules already exists) (STDOUT, STG)#
#2026 05 14 11:36:38.843#Z#DEBUG#12f0546a-4f89-11f1-8186-eeee0a8da331.incident-management-db-deployer#flowable-async-job-executor-thread-2017#
[PollStageAppStatusExecution] 704b7d6e-c410-4b7e-8dbd-4e9da35f4465 [2026-05-14T11:31:35.769388] Rebuilding any native modules (STDOUT, STG)#
#2026 05 14 11:36:38.843#Z#DEBUG#12f0546a-4f89-11f1-8186-eeee0a8da331.incident-management-db-deployer#flowable-async-job-executor-thread-2017#
[PollStageAppStatusExecution] 704b7d6e-c410-4b7e-8dbd-4e9da35f4465 [2026-05-14T11:31:36.196114] rebuilt dependencies successfully (STDOUT, STG)#
#2026 05 14 11:36:38.843#Z#DEBUG#12f0546a-4f89-11f1-8186-eeee0a8da331.incident-management-db-deployer#flowable-async-job-executor-thread-2017#
[PollStageAppStatusExecution] 704b7d6e-c410-4b7e-8dbd-4e9da35f4465 [2026-05-14T11:31:36.253742] Installing any new modules (package.json + package-lock.json) (STDOUT, STG)#
#2026 05 14 11:36:38.843#Z#DEBUG#12f0546a-4f89-11f1-8186-eeee0a8da331.incident-management-db-deployer#flowable-async-job-executor-thread-2017#
[PollStageAppStatusExecution] 704b7d6e-c410-4b7e-8dbd-4e9da35f4465 [2026-05-14T11:31:36.626217] up to date in 307ms (STDOUT, STG)#
#2026 05 14 11:36:38.843#Z#DEBUG#12f0546a-4f89-11f1-8186-eeee0a8da331.incident-management-db-deployer#flowable-async-job-executor-thread-2017#
[PollStageAppStatusExecution] 704b7d6e-c410-4b7e-8dbd-4e9da35f4465 [2026-05-14T11:31:36.626542] 4 packages are looking for funding (STDOUT, STG)#
#2026 05 14 11:36:38.843#Z#DEBUG#12f0546a-4f89-11f1-8186-eeee0a8da331.incident-management-db-deployer#flowable-async-job-executor-thread-2017#
[PollStageAppStatusExecution] 704b7d6e-c410-4b7e-8dbd-4e9da35f4465 [2026-05-14T11:31:36.626639] run `npm fund` for details (STDOUT, STG)#
#2026 05 14 11:36:38.843#Z#DEBUG#12f0546a-4f89-11f1-8186-eeee0a8da331.incident-management-db-deployer#flowable-async-job-executor-thread-2017#
[PollStageAppStatusExecution] 704b7d6e-c410-4b7e-8dbd-4e9da35f4465 [2026-05-14T11:31:37.090630] Contrast Security no credentials found. Will not write environment files. (STDOUT, STG)#
#2026 05 14 11:36:38.843#Z#DEBUG#12f0546a-4f89-11f1-8186-eeee0a8da331.incident-management-db-deployer#flowable-async-job-executor-thread-2017#
[PollStageAppStatusExecution] 704b7d6e-c410-4b7e-8dbd-4e9da35f4465 [2026-05-14T11:31:44.917800] Exit status 0 (STDOUT, STG)#
#2026 05 14 11:36:38.843#Z#DEBUG#12f0546a-4f89-11f1-8186-eeee0a8da331.incident-management-db-deployer#flowable-async-job-executor-thread-2017#
[PollStageAppStatusExecution] 704b7d6e-c410-4b7e-8dbd-4e9da35f4465 [2026-05-14T11:31:44.917856] Uploading droplet, build artifacts cache... (STDOUT, STG)#
#2026 05 14 11:36:38.843#Z#DEBUG#12f0546a-4f89-11f1-8186-eeee0a8da331.incident-management-db-deployer#flowable-async-job-executor-thread-2017#
[PollStageAppStatusExecution] 704b7d6e-c410-4b7e-8dbd-4e9da35f4465 [2026-05-14T11:31:44.917891] Uploading droplet... (STDOUT, STG)#
#2026 05 14 11:36:38.843#Z#DEBUG#12f0546a-4f89-11f1-8186-eeee0a8da331.incident-management-db-deployer#flowable-async-job-executor-thread-2017#
[PollStageAppStatusExecution] 704b7d6e-c410-4b7e-8dbd-4e9da35f4465 [2026-05-14T11:31:44.917980] Uploading build artifacts cache... (STDOUT, STG)#
#2026 05 14 11:36:38.843#Z#DEBUG#12f0546a-4f89-11f1-8186-eeee0a8da331.incident-management-db-deployer#flowable-async-job-executor-thread-2017#
[PollStageAppStatusExecution] 704b7d6e-c410-4b7e-8dbd-4e9da35f4465 [2026-05-14T11:31:44.936154] Uploaded build artifacts cache (228B) (STDOUT, STG)#
#2026 05 14 11:36:38.843#Z#DEBUG#12f0546a-4f89-11f1-8186-eeee0a8da331.incident-management-db-deployer#flowable-async-job-executor-thread-2017#
[PollStageAppStatusExecution] 704b7d6e-c410-4b7e-8dbd-4e9da35f4465 [2026-05-14T11:31:45.476816] Creating droplet for app with guid 704b7d6e-c410-4b7e-8dbd-4e9da35f4465 (STDOUT, API)#
#2026 05 14 11:36:38.843#Z#DEBUG#12f0546a-4f89-11f1-8186-eeee0a8da331.incident-management-db-deployer#flowable-async-job-executor-thread-2017#
[PollStageAppStatusExecution] 704b7d6e-c410-4b7e-8dbd-4e9da35f4465 [2026-05-14T11:31:49.539335] Uploaded droplet (58.4M) (STDOUT, STG)#
#2026 05 14 11:36:38.843#Z#DEBUG#12f0546a-4f89-11f1-8186-eeee0a8da331.incident-management-db-deployer#flowable-async-job-executor-thread-2017#
[PollStageAppStatusExecution] 704b7d6e-c410-4b7e-8dbd-4e9da35f4465 [2026-05-14T11:31:49.555843] Uploading complete (STDOUT, STG)#
#2026 05 14 11:36:38.843#Z#DEBUG#12f0546a-4f89-11f1-8186-eeee0a8da331.incident-management-db-deployer#flowable-async-job-executor-thread-2017#
[PollStageAppStatusExecution] 704b7d6e-c410-4b7e-8dbd-4e9da35f4465 [2026-05-14T11:31:49.864177] Cell 77283d80-dfa7-40ba-ba4e-265aef112085 stopping instance 51919369-c73b-4123-989e-e120823ac371 (STDOUT, STG)#
#2026 05 14 11:36:38.843#Z#DEBUG#12f0546a-4f89-11f1-8186-eeee0a8da331.incident-management-db-deployer#flowable-async-job-executor-thread-2017#
[PollStageAppStatusExecution] 704b7d6e-c410-4b7e-8dbd-4e9da35f4465 [2026-05-14T11:31:49.864213] Cell 77283d80-dfa7-40ba-ba4e-265aef112085 destroying container for instance 51919369-c73b-4123-989e-e120823ac371 (STDOUT, STG)#
#2026 05 14 11:36:38.843#Z#DEBUG#12f0546a-4f89-11f1-8186-eeee0a8da331.incident-management-db-deployer#flowable-async-job-executor-thread-2017#
[PollStageAppStatusExecution] 704b7d6e-c410-4b7e-8dbd-4e9da35f4465 [2026-05-14T11:31:49.917942] Staging complete for build 51919369-c73b-4123-989e-e120823ac371 (STDOUT, API)#
#2026 05 14 11:36:38.843#Z#DEBUG#12f0546a-4f89-11f1-8186-eeee0a8da331.incident-management-db-deployer#flowable-async-job-executor-thread-2017#
[PollStageAppStatusExecution] 704b7d6e-c410-4b7e-8dbd-4e9da35f4465 [2026-05-14T11:31:53.478934] Cell 77283d80-dfa7-40ba-ba4e-265aef112085 successfully destroyed container for instance 51919369-c73b-4123-989e-e120823ac371 (STDOUT, STG)#
#2026 05 14 11:36:38.843#Z#DEBUG#12f0546a-4f89-11f1-8186-eeee0a8da331.incident-management-db-deployer#flowable-async-job-executor-thread-2017#
[PollStageAppStatusExecution] 704b7d6e-c410-4b7e-8dbd-4e9da35f4465 [2026-05-14T11:31:56.429717] Updated app with guid 704b7d6e-c410-4b7e-8dbd-4e9da35f4465 ({:droplet_guid=>"f9998647-2bca-4b70-9cd3-37322f72d814"}) (STDOUT, API)#
#2026 05 14 11:36:38.843#Z#DEBUG#12f0546a-4f89-11f1-8186-eeee0a8da331.incident-management-db-deployer#flowable-async-job-executor-thread-2017#
[PollStageAppStatusExecution] 704b7d6e-c410-4b7e-8dbd-4e9da35f4465 [2026-05-14T11:31:56.875008] Cell d1cc041a-d5a1-41d6-b9f6-6cda736ce3f0 creating container for instance 70cef61c-53f7-4b93-a733-dcc854a33a4e (STDOUT, CELL)#
#2026 05 14 11:36:38.843#Z#DEBUG#12f0546a-4f89-11f1-8186-eeee0a8da331.incident-management-db-deployer#flowable-async-job-executor-thread-2017#
[PollStageAppStatusExecution] 704b7d6e-c410-4b7e-8dbd-4e9da35f4465 [2026-05-14T11:31:57.973753] Security group rules were updated (STDOUT, CELL)#
#2026 05 14 11:36:38.843#Z#DEBUG#12f0546a-4f89-11f1-8186-eeee0a8da331.incident-management-db-deployer#flowable-async-job-executor-thread-2017#
[PollStageAppStatusExecution] 704b7d6e-c410-4b7e-8dbd-4e9da35f4465 [2026-05-14T11:31:58.082987] Cell d1cc041a-d5a1-41d6-b9f6-6cda736ce3f0 successfully created container for instance 70cef61c-53f7-4b93-a733-dcc854a33a4e (STDOUT, CELL)#
#2026 05 14 11:36:38.843#Z#DEBUG#12f0546a-4f89-11f1-8186-eeee0a8da331.incident-management-db-deployer#flowable-async-job-executor-thread-2017#
[PollStageAppStatusExecution] 704b7d6e-c410-4b7e-8dbd-4e9da35f4465 [2026-05-14T11:32:03.770502] Invoking pre-start scripts. (STDOUT, APP/TASK/deploy)#
#2026 05 14 11:36:38.843#Z#DEBUG#12f0546a-4f89-11f1-8186-eeee0a8da331.incident-management-db-deployer#flowable-async-job-executor-thread-2017#
[PollStageAppStatusExecution] 704b7d6e-c410-4b7e-8dbd-4e9da35f4465 [2026-05-14T11:32:04.009516] Invoking start command. (STDOUT, APP/TASK/deploy)#
#2026 05 14 11:36:38.843#Z#DEBUG#12f0546a-4f89-11f1-8186-eeee0a8da331.incident-management-db-deployer#flowable-async-job-executor-thread-2017#
[PollStageAppStatusExecution] 704b7d6e-c410-4b7e-8dbd-4e9da35f4465 [2026-05-14T11:32:04.506586] > start (STDOUT, APP/TASK/deploy)#
#2026 05 14 11:36:38.843#Z#DEBUG#12f0546a-4f89-11f1-8186-eeee0a8da331.incident-management-db-deployer#flowable-async-job-executor-thread-2017#
[PollStageAppStatusExecution] 704b7d6e-c410-4b7e-8dbd-4e9da35f4465 [2026-05-14T11:32:04.506619] > node node_modules/@sap/hdi-deploy/deploy.js --use-hdb --parameter com.sap.hana.di.table/try_fast_table_migration=true (STDOUT, APP/TASK/deploy)#
#2026 05 14 11:36:38.843#Z#DEBUG#12f0546a-4f89-11f1-8186-eeee0a8da331.incident-management-db-deployer#flowable-async-job-executor-thread-2017#
[PollStageAppStatusExecution] 704b7d6e-c410-4b7e-8dbd-4e9da35f4465 [2026-05-14T11:32:04.671820] VCAP_SERVICES: (STDOUT, APP/TASK/deploy)#
#2026 05 14 11:36:38.843#Z#DEBUG#12f0546a-4f89-11f1-8186-eeee0a8da331.incident-management-db-deployer#flowable-async-job-executor-thread-2017#
[PollStageAppStatusExecution] 704b7d6e-c410-4b7e-8dbd-4e9da35f4465 [2026-05-14T11:32:04.672094] { (STDOUT, APP/TASK/deploy)#
#2026 05 14 11:36:38.843#Z#DEBUG#12f0546a-4f89-11f1-8186-eeee0a8da331.incident-management-db-deployer#flowable-async-job-executor-thread-2017#
[PollStageAppStatusExecution] 704b7d6e-c410-4b7e-8dbd-4e9da35f4465 [2026-05-14T11:32:04.672108] "hana": [ (STDOUT, APP/TASK/deploy)#
#2026 05 14 11:36:38.843#Z#DEBUG#12f0546a-4f89-11f1-8186-eeee0a8da331.incident-management-db-deployer#flowable-async-job-executor-thread-2017#
[PollStageAppStatusExecution] 704b7d6e-c410-4b7e-8dbd-4e9da35f4465 [2026-05-14T11:32:04.672111] { (STDOUT, APP/TASK/deploy)#
#2026 05 14 11:36:38.843#Z#DEBUG#12f0546a-4f89-11f1-8186-eeee0a8da331.incident-management-db-deployer#flowable-async-job-executor-thread-2017#
[PollStageAppStatusExecution] 704b7d6e-c410-4b7e-8dbd-4e9da35f4465 [2026-05-14T11:32:04.672117] "name": "incident-management-db", (STDOUT, APP/TASK/deploy)#
#2026 05 14 11:36:38.843#Z#DEBUG#12f0546a-4f89-11f1-8186-eeee0a8da331.incident-management-db-deployer#flowable-async-job-executor-thread-2017#
[PollStageAppStatusExecution] 704b7d6e-c410-4b7e-8dbd-4e9da35f4465 [2026-05-14T11:32:04.672120] "label": "hana", (STDOUT, APP/TASK/deploy)#
#2026 05 14 11:36:38.843#Z#DEBUG#12f0546a-4f89-11f1-8186-eeee0a8da331.incident-management-db-deployer#flowable-async-job-executor-thread-2017#
[PollStageAppStatusExecution] 704b7d6e-c410-4b7e-8dbd-4e9da35f4465 [2026-05-14T11:32:04.672129] "plan": "hdi-shared", (STDOUT, APP/TASK/deploy)#
#2026 05 14 11:36:38.843#Z#DEBUG#12f0546a-4f89-11f1-8186-eeee0a8da331.incident-management-db-deployer#flowable-async-job-executor-thread-2017#
[PollStageAppStatusExecution] 704b7d6e-c410-4b7e-8dbd-4e9da35f4465 [2026-05-14T11:32:04.672131] "credentials": { (STDOUT, APP/TASK/deploy)#
#2026 05 14 11:36:38.843#Z#DEBUG#12f0546a-4f89-11f1-8186-eeee0a8da331.incident-management-db-deployer#flowable-async-job-executor-thread-2017#
[PollStageAppStatusExecution] 704b7d6e-c410-4b7e-8dbd-4e9da35f4465 [2026-05-14T11:32:04.672134] "schema": "5B910FD501484AB0BA2F8DE3E2DA6D90", (STDOUT, APP/TASK/deploy)#
#2026 05 14 11:36:38.843#Z#DEBUG#12f0546a-4f89-11f1-8186-eeee0a8da331.incident-management-db-deployer#flowable-async-job-executor-thread-2017#
[PollStageAppStatusExecution] 704b7d6e-c410-4b7e-8dbd-4e9da35f4465 [2026-05-14T11:32:04.672136] "database_id": "a39c7de3-6f67-45ce-beb8-e90a708f62b9", (STDOUT, APP/TASK/deploy)#
#2026 05 14 11:36:38.843#Z#DEBUG#12f0546a-4f89-11f1-8186-eeee0a8da331.incident-management-db-deployer#flowable-async-job-executor-thread-2017#
[PollStageAppStatusExecution] 704b7d6e-c410-4b7e-8dbd-4e9da35f4465 [2026-05-14T11:32:04.672140] "user": "5B910FD501484AB0BA2F8DE3E2DA6D90_248JGWMAIRT2OEDQW67F4NEKS_RT", (STDOUT, APP/TASK/deploy)#
#2026 05 14 11:36:38.843#Z#DEBUG#12f0546a-4f89-11f1-8186-eeee0a8da331.incident-management-db-deployer#flowable-async-job-executor-thread-2017#
[PollStageAppStatusExecution] 704b7d6e-c410-4b7e-8dbd-4e9da35f4465 [2026-05-14T11:32:04.672146] "hdi_user": "5B910FD501484AB0BA2F8DE3E2DA6D90_248JGWMAIRT2OEDQW67F4NEKS_DT" (STDOUT, APP/TASK/deploy)#
#2026 05 14 11:36:38.843#Z#DEBUG#12f0546a-4f89-11f1-8186-eeee0a8da331.incident-management-db-deployer#flowable-async-job-executor-thread-2017#
[PollStageAppStatusExecution] 704b7d6e-c410-4b7e-8dbd-4e9da35f4465 [2026-05-14T11:32:04.672148] }, (STDOUT, APP/TASK/deploy)#
#2026 05 14 11:36:38.843#Z#DEBUG#12f0546a-4f89-11f1-8186-eeee0a8da331.incident-management-db-deployer#flowable-async-job-executor-thread-2017#
[PollStageAppStatusExecution] 704b7d6e-c410-4b7e-8dbd-4e9da35f4465 [2026-05-14T11:32:04.672151] "tags": [ (STDOUT, APP/TASK/deploy)#
#2026 05 14 11:36:38.843#Z#DEBUG#12f0546a-4f89-11f1-8186-eeee0a8da331.incident-management-db-deployer#flowable-async-job-executor-thread-2017#
[PollStageAppStatusExecution] 704b7d6e-c410-4b7e-8dbd-4e9da35f4465 [2026-05-14T11:32:04.672153] "hana", (STDOUT, APP/TASK/deploy)#
#2026 05 14 11:36:38.843#Z#DEBUG#12f0546a-4f89-11f1-8186-eeee0a8da331.incident-management-db-deployer#flowable-async-job-executor-thread-2017#
[PollStageAppStatusExecution] 704b7d6e-c410-4b7e-8dbd-4e9da35f4465 [2026-05-14T11:32:04.672155] "database", (STDOUT, APP/TASK/deploy)#
#2026 05 14 11:36:38.843#Z#DEBUG#12f0546a-4f89-11f1-8186-eeee0a8da331.incident-management-db-deployer#flowable-async-job-executor-thread-2017#
[PollStageAppStatusExecution] 704b7d6e-c410-4b7e-8dbd-4e9da35f4465 [2026-05-14T11:32:04.672156] "relational" (STDOUT, APP/TASK/deploy)#
#2026 05 14 11:36:38.843#Z#DEBUG#12f0546a-4f89-11f1-8186-eeee0a8da331.incident-management-db-deployer#flowable-async-job-executor-thread-2017#
[PollStageAppStatusExecution] 704b7d6e-c410-4b7e-8dbd-4e9da35f4465 [2026-05-14T11:32:04.672158] ] (STDOUT, APP/TASK/deploy)#
#2026 05 14 11:36:38.843#Z#DEBUG#12f0546a-4f89-11f1-8186-eeee0a8da331.incident-management-db-deployer#flowable-async-job-executor-thread-2017#
[PollStageAppStatusExecution] 704b7d6e-c410-4b7e-8dbd-4e9da35f4465 [2026-05-14T11:32:04.672161] } (STDOUT, APP/TASK/deploy)#
#2026 05 14 11:36:38.843#Z#DEBUG#12f0546a-4f89-11f1-8186-eeee0a8da331.incident-management-db-deployer#flowable-async-job-executor-thread-2017#
[PollStageAppStatusExecution] 704b7d6e-c410-4b7e-8dbd-4e9da35f4465 [2026-05-14T11:32:04.672163] ] (STDOUT, APP/TASK/deploy)#
#2026 05 14 11:36:38.843#Z#DEBUG#12f0546a-4f89-11f1-8186-eeee0a8da331.incident-management-db-deployer#flowable-async-job-executor-thread-2017#
[PollStageAppStatusExecution] 704b7d6e-c410-4b7e-8dbd-4e9da35f4465 [2026-05-14T11:32:04.672169] } (STDOUT, APP/TASK/deploy)#
#2026 05 14 11:36:38.843#Z#DEBUG#12f0546a-4f89-11f1-8186-eeee0a8da331.incident-management-db-deployer#flowable-async-job-executor-thread-2017#
[PollStageAppStatusExecution] 704b7d6e-c410-4b7e-8dbd-4e9da35f4465 [2026-05-14T11:32:08.939765] @sap/hdi-deploy, version 5.6.1 (mode default), server version unknown (0.0.0.0), cloud version , node version 24.13.0, HDI version -1, container API version -1 (STDOUT, APP/TASK/deploy)#
#2026 05 14 11:36:38.843#Z#DEBUG#12f0546a-4f89-11f1-8186-eeee0a8da331.incident-management-db-deployer#flowable-async-job-executor-thread-2017#
[PollStageAppStatusExecution] 704b7d6e-c410-4b7e-8dbd-4e9da35f4465 [2026-05-14T11:32:08.940048] Deployment started at 2026-05-14 11:32:08 (STDOUT, APP/TASK/deploy)#
#2026 05 14 11:36:38.843#Z#DEBUG#12f0546a-4f89-11f1-8186-eeee0a8da331.incident-management-db-deployer#flowable-async-job-executor-thread-2017#
[PollStageAppStatusExecution] 704b7d6e-c410-4b7e-8dbd-4e9da35f4465 [2026-05-14T11:32:08.942452] Using hdb@2.27.1 for connection (STDOUT, APP/TASK/deploy)#
#2026 05 14 11:36:38.843#Z#DEBUG#12f0546a-4f89-11f1-8186-eeee0a8da331.incident-management-db-deployer#flowable-async-job-executor-thread-2017#
[PollStageAppStatusExecution] 704b7d6e-c410-4b7e-8dbd-4e9da35f4465 [2026-05-14T11:32:08.942464] Detection of server version failed; root cause: HANA Database instance is stopped (STDOUT, APP/TASK/deploy)#
#2026 05 14 11:36:38.843#Z#DEBUG#12f0546a-4f89-11f1-8186-eeee0a8da331.incident-management-db-deployer#flowable-async-job-executor-thread-2017#
[PollStageAppStatusExecution] 704b7d6e-c410-4b7e-8dbd-4e9da35f4465 [2026-05-14T11:32:08.942475] Detection of cloud version failed; root cause: HANA Database instance is stopped (STDOUT, APP/TASK/deploy)#
#2026 05 14 11:36:38.843#Z#DEBUG#12f0546a-4f89-11f1-8186-eeee0a8da331.incident-management-db-deployer#flowable-async-job-executor-thread-2017#
[PollStageAppStatusExecution] 704b7d6e-c410-4b7e-8dbd-4e9da35f4465 [2026-05-14T11:32:08.942477] Detection of container API version failed; root cause: HANA Database instance is stopped (STDOUT, APP/TASK/deploy)#
#2026 05 14 11:36:38.843#Z#DEBUG#12f0546a-4f89-11f1-8186-eeee0a8da331.incident-management-db-deployer#flowable-async-job-executor-thread-2017#
[PollStageAppStatusExecution] 704b7d6e-c410-4b7e-8dbd-4e9da35f4465 [2026-05-14T11:32:08.942483] Detection of HDI version failed; root cause: HANA Database instance is stopped (STDOUT, APP/TASK/deploy)#
#2026 05 14 11:36:38.843#Z#DEBUG#12f0546a-4f89-11f1-8186-eeee0a8da331.incident-management-db-deployer#flowable-async-job-executor-thread-2017#
[PollStageAppStatusExecution] 704b7d6e-c410-4b7e-8dbd-4e9da35f4465 [2026-05-14T11:32:08.942497] Deployment ended at 2026-05-14 11:32:08 (STDOUT, APP/TASK/deploy)#
#2026 05 14 11:36:38.843#Z#DEBUG#12f0546a-4f89-11f1-8186-eeee0a8da331.incident-management-db-deployer#flowable-async-job-executor-thread-2017#
[PollStageAppStatusExecution] 704b7d6e-c410-4b7e-8dbd-4e9da35f4465 [2026-05-14T11:32:08.942740] Error: Option parameter is not supported by the server; based on detected server version unknown (STDERR, APP/TASK/deploy)#
#2026 05 14 11:36:38.843#Z#DEBUG#12f0546a-4f89-11f1-8186-eeee0a8da331.incident-management-db-deployer#flowable-async-job-executor-thread-2017#
[PollStageAppStatusExecution] 704b7d6e-c410-4b7e-8dbd-4e9da35f4465 [2026-05-14T11:32:08.943162] (4s 395ms) (STDOUT, APP/TASK/deploy)#
#2026 05 14 11:36:38.843#Z#DEBUG#12f0546a-4f89-11f1-8186-eeee0a8da331.incident-management-db-deployer#flowable-async-job-executor-thread-2017#
[PollStageAppStatusExecution] 704b7d6e-c410-4b7e-8dbd-4e9da35f4465 [2026-05-14T11:32:08.960821] npm notice (STDERR, APP/TASK/deploy)#
#2026 05 14 11:36:38.843#Z#DEBUG#12f0546a-4f89-11f1-8186-eeee0a8da331.incident-management-db-deployer#flowable-async-job-executor-thread-2017#
[PollStageAppStatusExecution] 704b7d6e-c410-4b7e-8dbd-4e9da35f4465 [2026-05-14T11:32:08.960854] npm notice New minor version of npm available! 11.6.2 -> 11.14.1 (STDERR, APP/TASK/deploy)#
#2026 05 14 11:36:38.843#Z#DEBUG#12f0546a-4f89-11f1-8186-eeee0a8da331.incident-management-db-deployer#flowable-async-job-executor-thread-2017#
[PollStageAppStatusExecution] 704b7d6e-c410-4b7e-8dbd-4e9da35f4465 [2026-05-14T11:32:08.960859] npm notice Changelog: https://github.com/npm/cli/releases/tag/v11.14.1 (STDERR, APP/TASK/deploy)#
#2026 05 14 11:36:38.843#Z#DEBUG#12f0546a-4f89-11f1-8186-eeee0a8da331.incident-management-db-deployer#flowable-async-job-executor-thread-2017#
[PollStageAppStatusExecution] 704b7d6e-c410-4b7e-8dbd-4e9da35f4465 [2026-05-14T11:32:08.960864] npm notice To update run: npm install -g npm@11.14.1 (STDERR, APP/TASK/deploy)#
#2026 05 14 11:36:38.843#Z#DEBUG#12f0546a-4f89-11f1-8186-eeee0a8da331.incident-management-db-deployer#flowable-async-job-executor-thread-2017#
[PollStageAppStatusExecution] 704b7d6e-c410-4b7e-8dbd-4e9da35f4465 [2026-05-14T11:32:08.960867] npm notice (STDERR, APP/TASK/deploy)#
#2026 05 14 11:36:38.843#Z#DEBUG#12f0546a-4f89-11f1-8186-eeee0a8da331.incident-management-db-deployer#flowable-async-job-executor-thread-2017#
[PollStageAppStatusExecution] 704b7d6e-c410-4b7e-8dbd-4e9da35f4465 [2026-05-14T11:32:09.044172] Exit status 1 (STDOUT, APP/TASK/deploy)#
#2026 05 14 11:36:38.843#Z#DEBUG#12f0546a-4f89-11f1-8186-eeee0a8da331.incident-management-db-deployer#flowable-async-job-executor-thread-2017#
[PollStageAppStatusExecution] 704b7d6e-c410-4b7e-8dbd-4e9da35f4465 [2026-05-14T11:32:09.839115] Cell d1cc041a-d5a1-41d6-b9f6-6cda736ce3f0 stopping instance 70cef61c-53f7-4b93-a733-dcc854a33a4e (STDOUT, CELL)#
#2026 05 14 11:36:38.843#Z#DEBUG#12f0546a-4f89-11f1-8186-eeee0a8da331.incident-management-db-deployer#flowable-async-job-executor-thread-2017#
[PollStageAppStatusExecution] 704b7d6e-c410-4b7e-8dbd-4e9da35f4465 [2026-05-14T11:32:09.839148] Cell d1cc041a-d5a1-41d6-b9f6-6cda736ce3f0 destroying container for instance 70cef61c-53f7-4b93-a733-dcc854a33a4e (STDOUT, CELL)#
#2026 05 14 11:36:38.843#Z#DEBUG#12f0546a-4f89-11f1-8186-eeee0a8da331.incident-management-db-deployer#flowable-async-job-executor-thread-2017#
[PollStageAppStatusExecution] 704b7d6e-c410-4b7e-8dbd-4e9da35f4465 [2026-05-14T11:32:13.094269] Cell d1cc041a-d5a1-41d6-b9f6-6cda736ce3f0 successfully destroyed container for instance 70cef61c-53f7-4b93-a733-dcc854a33a4e (STDOUT, CELL)#
#2026 05 14 11:36:38.843#Z#DEBUG#12f0546a-4f89-11f1-8186-eeee0a8da331.incident-management-db-deployer#flowable-async-job-executor-thread-2017#
[PollStageAppStatusExecution] 704b7d6e-c410-4b7e-8dbd-4e9da35f4465 [2026-05-14T11:36:09.257407] Updated app with guid 704b7d6e-c410-4b7e-8dbd-4e9da35f4465 ({"lifecycle"=>{"data"=>{"buildpacks"=>["nodejs_buildpack"]}, "type"=>"buildpack"}}) (STDOUT, API)#
#2026 05 14 11:36:38.843#Z#DEBUG#12f0546a-4f89-11f1-8186-eeee0a8da331.incident-management-db-deployer#flowable-async-job-executor-thread-2017#
[PollStageAppStatusExecution] 704b7d6e-c410-4b7e-8dbd-4e9da35f4465 [2026-05-14T11:36:09.351500] Updating process: "web" (STDOUT, API)#
#2026 05 14 11:36:38.843#Z#DEBUG#12f0546a-4f89-11f1-8186-eeee0a8da331.incident-management-db-deployer#flowable-async-job-executor-thread-2017#
[PollStageAppStatusExecution] 704b7d6e-c410-4b7e-8dbd-4e9da35f4465 [2026-05-14T11:36:18.937297] Uploading app package for app with guid 704b7d6e-c410-4b7e-8dbd-4e9da35f4465 (STDOUT, API)#
#2026 05 14 11:36:38.843#Z#DEBUG#12f0546a-4f89-11f1-8186-eeee0a8da331.incident-management-db-deployer#flowable-async-job-executor-thread-2017#
[PollStageAppStatusExecution] 704b7d6e-c410-4b7e-8dbd-4e9da35f4465 [2026-05-14T11:36:19.147648] Updated app with guid 704b7d6e-c410-4b7e-8dbd-4e9da35f4465 ({"environment_variables"=>"[PRIVATE DATA HIDDEN]"}) (STDOUT, API)#
#2026 05 14 11:36:38.843#Z#DEBUG#12f0546a-4f89-11f1-8186-eeee0a8da331.incident-management-db-deployer#flowable-async-job-executor-thread-2017#
[PollStageAppStatusExecution] 704b7d6e-c410-4b7e-8dbd-4e9da35f4465 [2026-05-14T11:36:29.114784] Creating build for app with guid 704b7d6e-c410-4b7e-8dbd-4e9da35f4465 (STDOUT, API)#
#2026 05 14 11:36:38.843#Z#DEBUG#12f0546a-4f89-11f1-8186-eeee0a8da331.incident-management-db-deployer#flowable-async-job-executor-thread-2017#
[PollStageAppStatusExecution] 704b7d6e-c410-4b7e-8dbd-4e9da35f4465 [2026-05-14T11:36:29.557087] Downloading nodejs_buildpack... (STDOUT, STG)#
#2026 05 14 11:36:38.843#Z#DEBUG#12f0546a-4f89-11f1-8186-eeee0a8da331.incident-management-db-deployer#flowable-async-job-executor-thread-2017#
[PollStageAppStatusExecution] 704b7d6e-c410-4b7e-8dbd-4e9da35f4465 [2026-05-14T11:36:29.605835] Downloaded nodejs_buildpack (STDOUT, STG)#
#2026 05 14 11:36:38.843#Z#DEBUG#12f0546a-4f89-11f1-8186-eeee0a8da331.incident-management-db-deployer#flowable-async-job-executor-thread-2017#
[PollStageAppStatusExecution] 704b7d6e-c410-4b7e-8dbd-4e9da35f4465 [2026-05-14T11:36:29.605929] Cell d1cc041a-d5a1-41d6-b9f6-6cda736ce3f0 creating container for instance a3a50920-6c42-44ed-bf5b-6acd03df2971 (STDOUT, STG)#
#2026 05 14 11:36:38.843#Z#DEBUG#12f0546a-4f89-11f1-8186-eeee0a8da331.incident-management-db-deployer#flowable-async-job-executor-thread-2017#
[PollStageAppStatusExecution] 704b7d6e-c410-4b7e-8dbd-4e9da35f4465 [2026-05-14T11:36:30.769681] Security group rules were updated (STDOUT, STG)#
#2026 05 14 11:36:38.843#Z#DEBUG#12f0546a-4f89-11f1-8186-eeee0a8da331.incident-management-db-deployer#flowable-async-job-executor-thread-2017#
[PollStageAppStatusExecution] 704b7d6e-c410-4b7e-8dbd-4e9da35f4465 [2026-05-14T11:36:30.882697] Cell d1cc041a-d5a1-41d6-b9f6-6cda736ce3f0 successfully created container for instance a3a50920-6c42-44ed-bf5b-6acd03df2971 (STDOUT, STG)#
#2026 05 14 11:36:38.843#Z#DEBUG#12f0546a-4f89-11f1-8186-eeee0a8da331.incident-management-db-deployer#flowable-async-job-executor-thread-2017#
[PollStageAppStatusExecution] 704b7d6e-c410-4b7e-8dbd-4e9da35f4465 [2026-05-14T11:36:31.602627] Downloading build artifacts cache... (STDOUT, STG)#
#2026 05 14 11:36:38.843#Z#DEBUG#12f0546a-4f89-11f1-8186-eeee0a8da331.incident-management-db-deployer#flowable-async-job-executor-thread-2017#
[PollStageAppStatusExecution] 704b7d6e-c410-4b7e-8dbd-4e9da35f4465 [2026-05-14T11:36:31.602681] Downloading app package... (STDOUT, STG)#
#2026 05 14 11:36:38.843#Z#DEBUG#12f0546a-4f89-11f1-8186-eeee0a8da331.incident-management-db-deployer#flowable-async-job-executor-thread-2017#
[PollStageAppStatusExecution] 704b7d6e-c410-4b7e-8dbd-4e9da35f4465 [2026-05-14T11:36:31.683049] Downloaded build artifacts cache (228B) (STDOUT, STG)#
#2026 05 14 11:36:38.843#Z#DEBUG#12f0546a-4f89-11f1-8186-eeee0a8da331.incident-management-db-deployer#flowable-async-job-executor-thread-2017#
[PollStageAppStatusExecution] 704b7d6e-c410-4b7e-8dbd-4e9da35f4465 [2026-05-14T11:36:32.079129] Downloaded app package (2.3M) (STDOUT, STG)#
#2026 05 14 11:36:38.843#Z#DEBUG#12f0546a-4f89-11f1-8186-eeee0a8da331.incident-management-db-deployer#flowable-async-job-executor-thread-2017#
[PollStageAppStatusExecution] 704b7d6e-c410-4b7e-8dbd-4e9da35f4465 [2026-05-14T11:36:32.246622] -----> Nodejs Buildpack version 1.8.44 (STDOUT, STG)#
#2026 05 14 11:36:38.843#Z#DEBUG#12f0546a-4f89-11f1-8186-eeee0a8da331.incident-management-db-deployer#flowable-async-job-executor-thread-2017#
[PollStageAppStatusExecution] 704b7d6e-c410-4b7e-8dbd-4e9da35f4465 [2026-05-14T11:36:32.382438] -----> Bootstrapping python (STDOUT, STG)#
#2026 05 14 11:36:38.843#Z#DEBUG#12f0546a-4f89-11f1-8186-eeee0a8da331.incident-management-db-deployer#flowable-async-job-executor-thread-2017#
[PollStageAppStatusExecution] 704b7d6e-c410-4b7e-8dbd-4e9da35f4465 [2026-05-14T11:36:32.382467] -----> Installing python 3.11.14 (STDOUT, STG)#
#2026 05 14 11:36:38.843#Z#DEBUG#12f0546a-4f89-11f1-8186-eeee0a8da331.incident-management-db-deployer#flowable-async-job-executor-thread-2017#
[PollStageAppStatusExecution] 704b7d6e-c410-4b7e-8dbd-4e9da35f4465 [2026-05-14T11:36:32.382567] Copy [/tmp/buildpacks/978cee5ec9c58000/dependencies/b5e0345ae0ae1932e7d56fffaa49a487/python_3.11.14_linux_x64_cflinuxfs4_66f53248.tgz] (STDOUT, STG)#
#2026 05 14 11:36:38.843#Z#DEBUG#12f0546a-4f89-11f1-8186-eeee0a8da331.incident-management-db-deployer#flowable-async-job-executor-thread-2017#
[PollStageAppStatusExecution] 704b7d6e-c410-4b7e-8dbd-4e9da35f4465 [2026-05-14T11:36:37.428703] -----> Installing binaries (STDOUT, STG)#
#2026 05 14 11:36:38.843#Z#DEBUG#12f0546a-4f89-11f1-8186-eeee0a8da331.incident-management-db-deployer#flowable-async-job-executor-thread-2017#
[PollStageAppStatusExecution] 704b7d6e-c410-4b7e-8dbd-4e9da35f4465 [2026-05-14T11:36:37.428740] engines.node (package.json): >=18 (STDOUT, STG)#
#2026 05 14 11:36:38.843#Z#DEBUG#12f0546a-4f89-11f1-8186-eeee0a8da331.incident-management-db-deployer#flowable-async-job-executor-thread-2017#
[PollStageAppStatusExecution] 704b7d6e-c410-4b7e-8dbd-4e9da35f4465 [2026-05-14T11:36:37.428782] engines.npm (package.json): unspecified (use default) (STDOUT, STG)#
#2026 05 14 11:36:38.843#Z#DEBUG#12f0546a-4f89-11f1-8186-eeee0a8da331.incident-management-db-deployer#flowable-async-job-executor-thread-2017#
[PollStageAppStatusExecution] 704b7d6e-c410-4b7e-8dbd-4e9da35f4465 [2026-05-14T11:36:37.428791] [31;1m**WARNING**[0m Dangerous semver range (>) in engines.node. See: http://docs.cloudfoundry.org/buildpacks/node/node-tips.html (STDOUT, STG)#
#2026 05 14 11:36:38.843#Z#DEBUG#12f0546a-4f89-11f1-8186-eeee0a8da331.incident-management-db-deployer#flowable-async-job-executor-thread-2017#
[PollStageAppStatusExecution] 704b7d6e-c410-4b7e-8dbd-4e9da35f4465 [2026-05-14T11:36:37.428794] -----> Installing node 24.13.0 (STDOUT, STG)#
#2026 05 14 11:36:38.843#Z#DEBUG#12f0546a-4f89-11f1-8186-eeee0a8da331.incident-management-db-deployer#flowable-async-job-executor-thread-2017#
[PollStageAppStatusExecution] 704b7d6e-c410-4b7e-8dbd-4e9da35f4465 [2026-05-14T11:36:37.428797] Copy [/tmp/buildpacks/978cee5ec9c58000/dependencies/2f5692219fecc3eee6e6d507a6bfe7b9/node_24.13.0_linux_x64_cflinuxfs4_a816dee1.tgz] (STDOUT, STG)#
#2026 05 14 11:36:48.849#Z#DEBUG#12f0546a-4f89-11f1-8186-eeee0a8da331.incident-management-db-deployer#flowable-async-job-executor-thread-2022#
[PollStageAppStatusExecution] 704b7d6e-c410-4b7e-8dbd-4e9da35f4465 [2026-05-14T11:36:40.309776] Using default npm version: 11.6.2 (STDOUT, STG)#
#2026 05 14 11:36:48.849#Z#DEBUG#12f0546a-4f89-11f1-8186-eeee0a8da331.incident-management-db-deployer#flowable-async-job-executor-thread-2022#
[PollStageAppStatusExecution] 704b7d6e-c410-4b7e-8dbd-4e9da35f4465 [2026-05-14T11:36:40.309807] -----> Installing yarn 1.22.22 (STDOUT, STG)#
#2026 05 14 11:36:48.849#Z#DEBUG#12f0546a-4f89-11f1-8186-eeee0a8da331.incident-management-db-deployer#flowable-async-job-executor-thread-2022#
[PollStageAppStatusExecution] 704b7d6e-c410-4b7e-8dbd-4e9da35f4465 [2026-05-14T11:36:40.309990] Copy [/tmp/buildpacks/978cee5ec9c58000/dependencies/e3a39aedd1236924d69cc2d0637a8ed2/yarn_1.22.22_linux_noarch_any-stack_4911d0a6.tgz] (STDOUT, STG)#
#2026 05 14 11:36:48.849#Z#DEBUG#12f0546a-4f89-11f1-8186-eeee0a8da331.incident-management-db-deployer#flowable-async-job-executor-thread-2022#
[PollStageAppStatusExecution] 704b7d6e-c410-4b7e-8dbd-4e9da35f4465 [2026-05-14T11:36:40.719181] Installed yarn 1.22.22 (STDOUT, STG)#
#2026 05 14 11:36:48.849#Z#DEBUG#12f0546a-4f89-11f1-8186-eeee0a8da331.incident-management-db-deployer#flowable-async-job-executor-thread-2022#
[PollStageAppStatusExecution] 704b7d6e-c410-4b7e-8dbd-4e9da35f4465 [2026-05-14T11:36:40.719307] -----> Creating runtime environment (STDOUT, STG)#
#2026 05 14 11:36:48.849#Z#DEBUG#12f0546a-4f89-11f1-8186-eeee0a8da331.incident-management-db-deployer#flowable-async-job-executor-thread-2022#
[PollStageAppStatusExecution] 704b7d6e-c410-4b7e-8dbd-4e9da35f4465 [2026-05-14T11:36:40.722136] NODE_ENV=production (STDOUT, STG)#
#2026 05 14 11:36:48.849#Z#DEBUG#12f0546a-4f89-11f1-8186-eeee0a8da331.incident-management-db-deployer#flowable-async-job-executor-thread-2022#
[PollStageAppStatusExecution] 704b7d6e-c410-4b7e-8dbd-4e9da35f4465 [2026-05-14T11:36:40.722219] NODE_HOME=/tmp/contents1799030702/deps/0/node (STDOUT, STG)#
#2026 05 14 11:36:48.849#Z#DEBUG#12f0546a-4f89-11f1-8186-eeee0a8da331.incident-management-db-deployer#flowable-async-job-executor-thread-2022#
[PollStageAppStatusExecution] 704b7d6e-c410-4b7e-8dbd-4e9da35f4465 [2026-05-14T11:36:40.722276] NODE_MODULES_CACHE=true (STDOUT, STG)#
#2026 05 14 11:36:48.849#Z#DEBUG#12f0546a-4f89-11f1-8186-eeee0a8da331.incident-management-db-deployer#flowable-async-job-executor-thread-2022#
[PollStageAppStatusExecution] 704b7d6e-c410-4b7e-8dbd-4e9da35f4465 [2026-05-14T11:36:40.722320] NODE_VERBOSE=false (STDOUT, STG)#
#2026 05 14 11:36:48.849#Z#DEBUG#12f0546a-4f89-11f1-8186-eeee0a8da331.incident-management-db-deployer#flowable-async-job-executor-thread-2022#
[PollStageAppStatusExecution] 704b7d6e-c410-4b7e-8dbd-4e9da35f4465 [2026-05-14T11:36:40.722366] NPM_CONFIG_LOGLEVEL=error (STDOUT, STG)#
#2026 05 14 11:36:48.849#Z#DEBUG#12f0546a-4f89-11f1-8186-eeee0a8da331.incident-management-db-deployer#flowable-async-job-executor-thread-2022#
[PollStageAppStatusExecution] 704b7d6e-c410-4b7e-8dbd-4e9da35f4465 [2026-05-14T11:36:40.722411] NPM_CONFIG_PRODUCTION=true (STDOUT, STG)#
#2026 05 14 11:36:48.849#Z#DEBUG#12f0546a-4f89-11f1-8186-eeee0a8da331.incident-management-db-deployer#flowable-async-job-executor-thread-2022#
[PollStageAppStatusExecution] 704b7d6e-c410-4b7e-8dbd-4e9da35f4465 [2026-05-14T11:36:40.722471] -----> Building dependencies (STDOUT, STG)#
#2026 05 14 11:36:48.849#Z#DEBUG#12f0546a-4f89-11f1-8186-eeee0a8da331.incident-management-db-deployer#flowable-async-job-executor-thread-2022#
[PollStageAppStatusExecution] 704b7d6e-c410-4b7e-8dbd-4e9da35f4465 [2026-05-14T11:36:40.722519] Prebuild detected (node_modules already exists) (STDOUT, STG)#
#2026 05 14 11:36:48.849#Z#DEBUG#12f0546a-4f89-11f1-8186-eeee0a8da331.incident-management-db-deployer#flowable-async-job-executor-thread-2022#
[PollStageAppStatusExecution] 704b7d6e-c410-4b7e-8dbd-4e9da35f4465 [2026-05-14T11:36:40.722576] Rebuilding any native modules (STDOUT, STG)#
#2026 05 14 11:36:48.849#Z#DEBUG#12f0546a-4f89-11f1-8186-eeee0a8da331.incident-management-db-deployer#flowable-async-job-executor-thread-2022#
[PollStageAppStatusExecution] 704b7d6e-c410-4b7e-8dbd-4e9da35f4465 [2026-05-14T11:36:41.428263] rebuilt dependencies successfully (STDOUT, STG)#
#2026 05 14 11:36:48.849#Z#DEBUG#12f0546a-4f89-11f1-8186-eeee0a8da331.incident-management-db-deployer#flowable-async-job-executor-thread-2022#
[PollStageAppStatusExecution] 704b7d6e-c410-4b7e-8dbd-4e9da35f4465 [2026-05-14T11:36:41.436139] npm notice (STDOUT, STG)#
#2026 05 14 11:36:48.849#Z#DEBUG#12f0546a-4f89-11f1-8186-eeee0a8da331.incident-management-db-deployer#flowable-async-job-executor-thread-2022#
[PollStageAppStatusExecution] 704b7d6e-c410-4b7e-8dbd-4e9da35f4465 [2026-05-14T11:36:41.436197] npm notice New minor version of npm available! 11.6.2 -> 11.14.1 (STDOUT, STG)#
#2026 05 14 11:36:48.849#Z#DEBUG#12f0546a-4f89-11f1-8186-eeee0a8da331.incident-management-db-deployer#flowable-async-job-executor-thread-2022#
[PollStageAppStatusExecution] 704b7d6e-c410-4b7e-8dbd-4e9da35f4465 [2026-05-14T11:36:41.436202] npm notice Changelog: https://github.com/npm/cli/releases/tag/v11.14.1 (STDOUT, STG)#
#2026 05 14 11:36:48.849#Z#DEBUG#12f0546a-4f89-11f1-8186-eeee0a8da331.incident-management-db-deployer#flowable-async-job-executor-thread-2022#
[PollStageAppStatusExecution] 704b7d6e-c410-4b7e-8dbd-4e9da35f4465 [2026-05-14T11:36:41.436205] npm notice To update run: npm install -g npm@11.14.1 (STDOUT, STG)#
#2026 05 14 11:36:48.849#Z#DEBUG#12f0546a-4f89-11f1-8186-eeee0a8da331.incident-management-db-deployer#flowable-async-job-executor-thread-2022#
[PollStageAppStatusExecution] 704b7d6e-c410-4b7e-8dbd-4e9da35f4465 [2026-05-14T11:36:41.436207] npm notice (STDOUT, STG)#
#2026 05 14 11:36:48.849#Z#DEBUG#12f0546a-4f89-11f1-8186-eeee0a8da331.incident-management-db-deployer#flowable-async-job-executor-thread-2022#
[PollStageAppStatusExecution] 704b7d6e-c410-4b7e-8dbd-4e9da35f4465 [2026-05-14T11:36:41.512318] Installing any new modules (package.json + package-lock.json) (STDOUT, STG)#
#2026 05 14 11:36:48.849#Z#DEBUG#12f0546a-4f89-11f1-8186-eeee0a8da331.incident-management-db-deployer#flowable-async-job-executor-thread-2022#
[PollStageAppStatusExecution] 704b7d6e-c410-4b7e-8dbd-4e9da35f4465 [2026-05-14T11:36:42.043039] up to date in 439ms (STDOUT, STG)#
#2026 05 14 11:36:48.849#Z#DEBUG#12f0546a-4f89-11f1-8186-eeee0a8da331.incident-management-db-deployer#flowable-async-job-executor-thread-2022#
[PollStageAppStatusExecution] 704b7d6e-c410-4b7e-8dbd-4e9da35f4465 [2026-05-14T11:36:42.043298] 4 packages are looking for funding (STDOUT, STG)#
#2026 05 14 11:36:48.849#Z#DEBUG#12f0546a-4f89-11f1-8186-eeee0a8da331.incident-management-db-deployer#flowable-async-job-executor-thread-2022#
[PollStageAppStatusExecution] 704b7d6e-c410-4b7e-8dbd-4e9da35f4465 [2026-05-14T11:36:42.043425] run `npm fund` for details (STDOUT, STG)#
#2026 05 14 11:36:48.849#Z#DEBUG#12f0546a-4f89-11f1-8186-eeee0a8da331.incident-management-db-deployer#flowable-async-job-executor-thread-2022#
[PollStageAppStatusExecution] 704b7d6e-c410-4b7e-8dbd-4e9da35f4465 [2026-05-14T11:36:43.020247] Contrast Security no credentials found. Will not write environment files. (STDOUT, STG)#
#2026 05 14 11:36:59.270#Z#DEBUG#12f0546a-4f89-11f1-8186-eeee0a8da331.incident-management-db-deployer#flowable-async-job-executor-thread-2030#
[PollStageAppStatusExecution] 704b7d6e-c410-4b7e-8dbd-4e9da35f4465 [2026-05-14T11:36:52.674304] Exit status 0 (STDOUT, STG)#
#2026 05 14 11:36:59.270#Z#DEBUG#12f0546a-4f89-11f1-8186-eeee0a8da331.incident-management-db-deployer#flowable-async-job-executor-thread-2030#
[PollStageAppStatusExecution] 704b7d6e-c410-4b7e-8dbd-4e9da35f4465 [2026-05-14T11:36:52.674431] Uploading droplet, build artifacts cache... (STDOUT, STG)#
#2026 05 14 11:36:59.270#Z#DEBUG#12f0546a-4f89-11f1-8186-eeee0a8da331.incident-management-db-deployer#flowable-async-job-executor-thread-2030#
[PollStageAppStatusExecution] 704b7d6e-c410-4b7e-8dbd-4e9da35f4465 [2026-05-14T11:36:52.674532] Uploading droplet... (STDOUT, STG)#
#2026 05 14 11:36:59.270#Z#DEBUG#12f0546a-4f89-11f1-8186-eeee0a8da331.incident-management-db-deployer#flowable-async-job-executor-thread-2030#
[PollStageAppStatusExecution] 704b7d6e-c410-4b7e-8dbd-4e9da35f4465 [2026-05-14T11:36:52.674591] Uploading build artifacts cache... (STDOUT, STG)#
#2026 05 14 11:36:59.270#Z#DEBUG#12f0546a-4f89-11f1-8186-eeee0a8da331.incident-management-db-deployer#flowable-async-job-executor-thread-2030#
[PollStageAppStatusExecution] 704b7d6e-c410-4b7e-8dbd-4e9da35f4465 [2026-05-14T11:36:52.712954] Uploaded build artifacts cache (225B) (STDOUT, STG)#
#2026 05 14 11:36:59.270#Z#DEBUG#12f0546a-4f89-11f1-8186-eeee0a8da331.incident-management-db-deployer#flowable-async-job-executor-thread-2030#
[PollStageAppStatusExecution] 704b7d6e-c410-4b7e-8dbd-4e9da35f4465 [2026-05-14T11:36:53.405742] Creating droplet for app with guid 704b7d6e-c410-4b7e-8dbd-4e9da35f4465 (STDOUT, API)#
#2026 05 14 11:36:59.270#Z#DEBUG#12f0546a-4f89-11f1-8186-eeee0a8da331.incident-management-db-deployer#flowable-async-job-executor-thread-2030#
[PollStageAppStatusExecution] 704b7d6e-c410-4b7e-8dbd-4e9da35f4465 [2026-05-14T11:36:58.474422] Uploaded droplet (58.4M) (STDOUT, STG)#
#2026 05 14 11:36:59.270#Z#DEBUG#12f0546a-4f89-11f1-8186-eeee0a8da331.incident-management-db-deployer#flowable-async-job-executor-thread-2030#
[PollStageAppStatusExecution] 704b7d6e-c410-4b7e-8dbd-4e9da35f4465 [2026-05-14T11:36:58.494978] Uploading complete (STDOUT, STG)#
#2026 05 14 11:37:09.107#Z#DEBUG#12f0546a-4f89-11f1-8186-eeee0a8da331.incident-management-db-deployer#flowable-async-job-executor-thread-1463#
[PollExecuteTaskStatusExecution] 704b7d6e-c410-4b7e-8dbd-4e9da35f4465 [2026-05-14T11:31:08.092675] Updated app with guid 704b7d6e-c410-4b7e-8dbd-4e9da35f4465 ({"lifecycle"=>{"data"=>{"buildpacks"=>["nodejs_buildpack"]}, "type"=>"buildpack"}}) (STDOUT, API)#
#2026 05 14 11:37:09.107#Z#DEBUG#12f0546a-4f89-11f1-8186-eeee0a8da331.incident-management-db-deployer#flowable-async-job-executor-thread-1463#
[PollExecuteTaskStatusExecution] 704b7d6e-c410-4b7e-8dbd-4e9da35f4465 [2026-05-14T11:31:08.178719] Updating process: "web" (STDOUT, API)#
#2026 05 14 11:37:09.107#Z#DEBUG#12f0546a-4f89-11f1-8186-eeee0a8da331.incident-management-db-deployer#flowable-async-job-executor-thread-1463#
[PollExecuteTaskStatusExecution] 704b7d6e-c410-4b7e-8dbd-4e9da35f4465 [2026-05-14T11:31:16.232928] Uploading app package for app with guid 704b7d6e-c410-4b7e-8dbd-4e9da35f4465 (STDOUT, API)#
#2026 05 14 11:37:09.107#Z#DEBUG#12f0546a-4f89-11f1-8186-eeee0a8da331.incident-management-db-deployer#flowable-async-job-executor-thread-1463#
[PollExecuteTaskStatusExecution] 704b7d6e-c410-4b7e-8dbd-4e9da35f4465 [2026-05-14T11:31:16.424669] Updated app with guid 704b7d6e-c410-4b7e-8dbd-4e9da35f4465 ({"environment_variables"=>"[PRIVATE DATA HIDDEN]"}) (STDOUT, API)#
#2026 05 14 11:37:09.107#Z#DEBUG#12f0546a-4f89-11f1-8186-eeee0a8da331.incident-management-db-deployer#flowable-async-job-executor-thread-1463#
[PollExecuteTaskStatusExecution] 704b7d6e-c410-4b7e-8dbd-4e9da35f4465 [2026-05-14T11:31:26.359668] Creating build for app with guid 704b7d6e-c410-4b7e-8dbd-4e9da35f4465 (STDOUT, API)#
#2026 05 14 11:37:09.107#Z#DEBUG#12f0546a-4f89-11f1-8186-eeee0a8da331.incident-management-db-deployer#flowable-async-job-executor-thread-1463#
[PollExecuteTaskStatusExecution] 704b7d6e-c410-4b7e-8dbd-4e9da35f4465 [2026-05-14T11:31:26.897108] Downloading nodejs_buildpack... (STDOUT, STG)#
#2026 05 14 11:37:09.107#Z#DEBUG#12f0546a-4f89-11f1-8186-eeee0a8da331.incident-management-db-deployer#flowable-async-job-executor-thread-1463#
[PollExecuteTaskStatusExecution] 704b7d6e-c410-4b7e-8dbd-4e9da35f4465 [2026-05-14T11:31:26.943608] Downloaded nodejs_buildpack (STDOUT, STG)#
#2026 05 14 11:37:09.107#Z#DEBUG#12f0546a-4f89-11f1-8186-eeee0a8da331.incident-management-db-deployer#flowable-async-job-executor-thread-1463#
[PollExecuteTaskStatusExecution] 704b7d6e-c410-4b7e-8dbd-4e9da35f4465 [2026-05-14T11:31:26.943688] Cell 77283d80-dfa7-40ba-ba4e-265aef112085 creating container for instance 51919369-c73b-4123-989e-e120823ac371 (STDOUT, STG)#
#2026 05 14 11:37:09.107#Z#DEBUG#12f0546a-4f89-11f1-8186-eeee0a8da331.incident-management-db-deployer#flowable-async-job-executor-thread-1463#
[PollExecuteTaskStatusExecution] 704b7d6e-c410-4b7e-8dbd-4e9da35f4465 [2026-05-14T11:31:29.152928] Security group rules were updated (STDOUT, STG)#
#2026 05 14 11:37:09.107#Z#DEBUG#12f0546a-4f89-11f1-8186-eeee0a8da331.incident-management-db-deployer#flowable-async-job-executor-thread-1463#
[PollExecuteTaskStatusExecution] 704b7d6e-c410-4b7e-8dbd-4e9da35f4465 [2026-05-14T11:31:29.251584] Cell 77283d80-dfa7-40ba-ba4e-265aef112085 successfully created container for instance 51919369-c73b-4123-989e-e120823ac371 (STDOUT, STG)#
#2026 05 14 11:37:09.107#Z#DEBUG#12f0546a-4f89-11f1-8186-eeee0a8da331.incident-management-db-deployer#flowable-async-job-executor-thread-1463#
[PollExecuteTaskStatusExecution] 704b7d6e-c410-4b7e-8dbd-4e9da35f4465 [2026-05-14T11:31:29.915294] Downloading build artifacts cache... (STDOUT, STG)#
#2026 05 14 11:37:09.107#Z#DEBUG#12f0546a-4f89-11f1-8186-eeee0a8da331.incident-management-db-deployer#flowable-async-job-executor-thread-1463#
[PollExecuteTaskStatusExecution] 704b7d6e-c410-4b7e-8dbd-4e9da35f4465 [2026-05-14T11:31:29.915340] Downloading app package... (STDOUT, STG)#
#2026 05 14 11:37:09.107#Z#DEBUG#12f0546a-4f89-11f1-8186-eeee0a8da331.incident-management-db-deployer#flowable-async-job-executor-thread-1463#
[PollExecuteTaskStatusExecution] 704b7d6e-c410-4b7e-8dbd-4e9da35f4465 [2026-05-14T11:31:30.031066] Downloaded build artifacts cache (225B) (STDOUT, STG)#
#2026 05 14 11:37:09.107#Z#DEBUG#12f0546a-4f89-11f1-8186-eeee0a8da331.incident-management-db-deployer#flowable-async-job-executor-thread-1463#
[PollExecuteTaskStatusExecution] 704b7d6e-c410-4b7e-8dbd-4e9da35f4465 [2026-05-14T11:31:30.298080] Downloaded app package (2.3M) (STDOUT, STG)#
#2026 05 14 11:37:09.107#Z#DEBUG#12f0546a-4f89-11f1-8186-eeee0a8da331.incident-management-db-deployer#flowable-async-job-executor-thread-1463#
[PollExecuteTaskStatusExecution] 704b7d6e-c410-4b7e-8dbd-4e9da35f4465 [2026-05-14T11:31:30.374840] -----> Nodejs Buildpack version 1.8.44 (STDOUT, STG)#
#2026 05 14 11:37:09.107#Z#DEBUG#12f0546a-4f89-11f1-8186-eeee0a8da331.incident-management-db-deployer#flowable-async-job-executor-thread-1463#
[PollExecuteTaskStatusExecution] 704b7d6e-c410-4b7e-8dbd-4e9da35f4465 [2026-05-14T11:31:30.480228] -----> Bootstrapping python (STDOUT, STG)#
#2026 05 14 11:37:09.107#Z#DEBUG#12f0546a-4f89-11f1-8186-eeee0a8da331.incident-management-db-deployer#flowable-async-job-executor-thread-1463#
[PollExecuteTaskStatusExecution] 704b7d6e-c410-4b7e-8dbd-4e9da35f4465 [2026-05-14T11:31:30.480249] -----> Installing python 3.11.14 (STDOUT, STG)#
#2026 05 14 11:37:09.107#Z#DEBUG#12f0546a-4f89-11f1-8186-eeee0a8da331.incident-management-db-deployer#flowable-async-job-executor-thread-1463#
[PollExecuteTaskStatusExecution] 704b7d6e-c410-4b7e-8dbd-4e9da35f4465 [2026-05-14T11:31:30.480277] Copy [/tmp/buildpacks/978cee5ec9c58000/dependencies/b5e0345ae0ae1932e7d56fffaa49a487/python_3.11.14_linux_x64_cflinuxfs4_66f53248.tgz] (STDOUT, STG)#
#2026 05 14 11:37:09.107#Z#DEBUG#12f0546a-4f89-11f1-8186-eeee0a8da331.incident-management-db-deployer#flowable-async-job-executor-thread-1463#
[PollExecuteTaskStatusExecution] 704b7d6e-c410-4b7e-8dbd-4e9da35f4465 [2026-05-14T11:31:33.577871] -----> Installing binaries (STDOUT, STG)#
#2026 05 14 11:37:09.107#Z#DEBUG#12f0546a-4f89-11f1-8186-eeee0a8da331.incident-management-db-deployer#flowable-async-job-executor-thread-1463#
[PollExecuteTaskStatusExecution] 704b7d6e-c410-4b7e-8dbd-4e9da35f4465 [2026-05-14T11:31:33.577979] engines.node (package.json): >=18 (STDOUT, STG)#
#2026 05 14 11:37:09.107#Z#DEBUG#12f0546a-4f89-11f1-8186-eeee0a8da331.incident-management-db-deployer#flowable-async-job-executor-thread-1463#
[PollExecuteTaskStatusExecution] 704b7d6e-c410-4b7e-8dbd-4e9da35f4465 [2026-05-14T11:31:33.577997] engines.npm (package.json): unspecified (use default) (STDOUT, STG)#
#2026 05 14 11:37:09.107#Z#DEBUG#12f0546a-4f89-11f1-8186-eeee0a8da331.incident-management-db-deployer#flowable-async-job-executor-thread-1463#
[PollExecuteTaskStatusExecution] 704b7d6e-c410-4b7e-8dbd-4e9da35f4465 [2026-05-14T11:31:33.578001] [31;1m**WARNING**[0m Dangerous semver range (>) in engines.node. See: http://docs.cloudfoundry.org/buildpacks/node/node-tips.html (STDOUT, STG)#
#2026 05 14 11:37:09.107#Z#DEBUG#12f0546a-4f89-11f1-8186-eeee0a8da331.incident-management-db-deployer#flowable-async-job-executor-thread-1463#
[PollExecuteTaskStatusExecution] 704b7d6e-c410-4b7e-8dbd-4e9da35f4465 [2026-05-14T11:31:33.578058] -----> Installing node 24.13.0 (STDOUT, STG)#
#2026 05 14 11:37:09.107#Z#DEBUG#12f0546a-4f89-11f1-8186-eeee0a8da331.incident-management-db-deployer#flowable-async-job-executor-thread-1463#
[PollExecuteTaskStatusExecution] 704b7d6e-c410-4b7e-8dbd-4e9da35f4465 [2026-05-14T11:31:33.578188] Copy [/tmp/buildpacks/978cee5ec9c58000/dependencies/2f5692219fecc3eee6e6d507a6bfe7b9/node_24.13.0_linux_x64_cflinuxfs4_a816dee1.tgz] (STDOUT, STG)#
#2026 05 14 11:37:09.107#Z#DEBUG#12f0546a-4f89-11f1-8186-eeee0a8da331.incident-management-db-deployer#flowable-async-job-executor-thread-1463#
[PollExecuteTaskStatusExecution] 704b7d6e-c410-4b7e-8dbd-4e9da35f4465 [2026-05-14T11:31:35.496408] Using default npm version: 11.6.2 (STDOUT, STG)#
#2026 05 14 11:37:09.107#Z#DEBUG#12f0546a-4f89-11f1-8186-eeee0a8da331.incident-management-db-deployer#flowable-async-job-executor-thread-1463#
[PollExecuteTaskStatusExecution] 704b7d6e-c410-4b7e-8dbd-4e9da35f4465 [2026-05-14T11:31:35.496426] -----> Installing yarn 1.22.22 (STDOUT, STG)#
#2026 05 14 11:37:09.107#Z#DEBUG#12f0546a-4f89-11f1-8186-eeee0a8da331.incident-management-db-deployer#flowable-async-job-executor-thread-1463#
[PollExecuteTaskStatusExecution] 704b7d6e-c410-4b7e-8dbd-4e9da35f4465 [2026-05-14T11:31:35.496532] Copy [/tmp/buildpacks/978cee5ec9c58000/dependencies/e3a39aedd1236924d69cc2d0637a8ed2/yarn_1.22.22_linux_noarch_any-stack_4911d0a6.tgz] (STDOUT, STG)#
#2026 05 14 11:37:09.107#Z#DEBUG#12f0546a-4f89-11f1-8186-eeee0a8da331.incident-management-db-deployer#flowable-async-job-executor-thread-1463#
[PollExecuteTaskStatusExecution] 704b7d6e-c410-4b7e-8dbd-4e9da35f4465 [2026-05-14T11:31:35.767368] Installed yarn 1.22.22 (STDOUT, STG)#
#2026 05 14 11:37:09.107#Z#DEBUG#12f0546a-4f89-11f1-8186-eeee0a8da331.incident-management-db-deployer#flowable-async-job-executor-thread-1463#
[PollExecuteTaskStatusExecution] 704b7d6e-c410-4b7e-8dbd-4e9da35f4465 [2026-05-14T11:31:35.767387] -----> Creating runtime environment (STDOUT, STG)#
#2026 05 14 11:37:09.107#Z#DEBUG#12f0546a-4f89-11f1-8186-eeee0a8da331.incident-management-db-deployer#flowable-async-job-executor-thread-1463#
[PollExecuteTaskStatusExecution] 704b7d6e-c410-4b7e-8dbd-4e9da35f4465 [2026-05-14T11:31:35.769340] NODE_ENV=production (STDOUT, STG)#
#2026 05 14 11:37:09.107#Z#DEBUG#12f0546a-4f89-11f1-8186-eeee0a8da331.incident-management-db-deployer#flowable-async-job-executor-thread-1463#
[PollExecuteTaskStatusExecution] 704b7d6e-c410-4b7e-8dbd-4e9da35f4465 [2026-05-14T11:31:35.769367] NODE_HOME=/tmp/contents215035544/deps/0/node (STDOUT, STG)#
#2026 05 14 11:37:09.107#Z#DEBUG#12f0546a-4f89-11f1-8186-eeee0a8da331.incident-management-db-deployer#flowable-async-job-executor-thread-1463#
[PollExecuteTaskStatusExecution] 704b7d6e-c410-4b7e-8dbd-4e9da35f4465 [2026-05-14T11:31:35.769371] NODE_MODULES_CACHE=true (STDOUT, STG)#
#2026 05 14 11:37:09.107#Z#DEBUG#12f0546a-4f89-11f1-8186-eeee0a8da331.incident-management-db-deployer#flowable-async-job-executor-thread-1463#
[PollExecuteTaskStatusExecution] 704b7d6e-c410-4b7e-8dbd-4e9da35f4465 [2026-05-14T11:31:35.769373] NODE_VERBOSE=false (STDOUT, STG)#
#2026 05 14 11:37:09.107#Z#DEBUG#12f0546a-4f89-11f1-8186-eeee0a8da331.incident-management-db-deployer#flowable-async-job-executor-thread-1463#
[PollExecuteTaskStatusExecution] 704b7d6e-c410-4b7e-8dbd-4e9da35f4465 [2026-05-14T11:31:35.769375] NPM_CONFIG_LOGLEVEL=error (STDOUT, STG)#
#2026 05 14 11:37:09.107#Z#DEBUG#12f0546a-4f89-11f1-8186-eeee0a8da331.incident-management-db-deployer#flowable-async-job-executor-thread-1463#
[PollExecuteTaskStatusExecution] 704b7d6e-c410-4b7e-8dbd-4e9da35f4465 [2026-05-14T11:31:35.769379] NPM_CONFIG_PRODUCTION=true (STDOUT, STG)#
#2026 05 14 11:37:09.107#Z#DEBUG#12f0546a-4f89-11f1-8186-eeee0a8da331.incident-management-db-deployer#flowable-async-job-executor-thread-1463#
[PollExecuteTaskStatusExecution] 704b7d6e-c410-4b7e-8dbd-4e9da35f4465 [2026-05-14T11:31:35.769384] -----> Building dependencies (STDOUT, STG)#
#2026 05 14 11:37:09.107#Z#DEBUG#12f0546a-4f89-11f1-8186-eeee0a8da331.incident-management-db-deployer#flowable-async-job-executor-thread-1463#
[PollExecuteTaskStatusExecution] 704b7d6e-c410-4b7e-8dbd-4e9da35f4465 [2026-05-14T11:31:35.769386] Prebuild detected (node_modules already exists) (STDOUT, STG)#
#2026 05 14 11:37:09.107#Z#DEBUG#12f0546a-4f89-11f1-8186-eeee0a8da331.incident-management-db-deployer#flowable-async-job-executor-thread-1463#
[PollExecuteTaskStatusExecution] 704b7d6e-c410-4b7e-8dbd-4e9da35f4465 [2026-05-14T11:31:35.769388] Rebuilding any native modules (STDOUT, STG)#
#2026 05 14 11:37:09.107#Z#DEBUG#12f0546a-4f89-11f1-8186-eeee0a8da331.incident-management-db-deployer#flowable-async-job-executor-thread-1463#
[PollExecuteTaskStatusExecution] 704b7d6e-c410-4b7e-8dbd-4e9da35f4465 [2026-05-14T11:31:36.196114] rebuilt dependencies successfully (STDOUT, STG)#
#2026 05 14 11:37:09.107#Z#DEBUG#12f0546a-4f89-11f1-8186-eeee0a8da331.incident-management-db-deployer#flowable-async-job-executor-thread-1463#
[PollExecuteTaskStatusExecution] 704b7d6e-c410-4b7e-8dbd-4e9da35f4465 [2026-05-14T11:31:36.253742] Installing any new modules (package.json + package-lock.json) (STDOUT, STG)#
#2026 05 14 11:37:09.107#Z#DEBUG#12f0546a-4f89-11f1-8186-eeee0a8da331.incident-management-db-deployer#flowable-async-job-executor-thread-1463#
[PollExecuteTaskStatusExecution] 704b7d6e-c410-4b7e-8dbd-4e9da35f4465 [2026-05-14T11:31:36.626217] up to date in 307ms (STDOUT, STG)#
#2026 05 14 11:37:09.107#Z#DEBUG#12f0546a-4f89-11f1-8186-eeee0a8da331.incident-management-db-deployer#flowable-async-job-executor-thread-1463#
[PollExecuteTaskStatusExecution] 704b7d6e-c410-4b7e-8dbd-4e9da35f4465 [2026-05-14T11:31:36.626542] 4 packages are looking for funding (STDOUT, STG)#
#2026 05 14 11:37:09.107#Z#DEBUG#12f0546a-4f89-11f1-8186-eeee0a8da331.incident-management-db-deployer#flowable-async-job-executor-thread-1463#
[PollExecuteTaskStatusExecution] 704b7d6e-c410-4b7e-8dbd-4e9da35f4465 [2026-05-14T11:31:36.626639] run `npm fund` for details (STDOUT, STG)#
#2026 05 14 11:37:09.107#Z#DEBUG#12f0546a-4f89-11f1-8186-eeee0a8da331.incident-management-db-deployer#flowable-async-job-executor-thread-1463#
[PollExecuteTaskStatusExecution] 704b7d6e-c410-4b7e-8dbd-4e9da35f4465 [2026-05-14T11:31:37.090630] Contrast Security no credentials found. Will not write environment files. (STDOUT, STG)#
#2026 05 14 11:37:09.107#Z#DEBUG#12f0546a-4f89-11f1-8186-eeee0a8da331.incident-management-db-deployer#flowable-async-job-executor-thread-1463#
[PollExecuteTaskStatusExecution] 704b7d6e-c410-4b7e-8dbd-4e9da35f4465 [2026-05-14T11:31:44.917800] Exit status 0 (STDOUT, STG)#
#2026 05 14 11:37:09.107#Z#DEBUG#12f0546a-4f89-11f1-8186-eeee0a8da331.incident-management-db-deployer#flowable-async-job-executor-thread-1463#
[PollExecuteTaskStatusExecution] 704b7d6e-c410-4b7e-8dbd-4e9da35f4465 [2026-05-14T11:31:44.917856] Uploading droplet, build artifacts cache... (STDOUT, STG)#
#2026 05 14 11:37:09.107#Z#DEBUG#12f0546a-4f89-11f1-8186-eeee0a8da331.incident-management-db-deployer#flowable-async-job-executor-thread-1463#
[PollExecuteTaskStatusExecution] 704b7d6e-c410-4b7e-8dbd-4e9da35f4465 [2026-05-14T11:31:44.917891] Uploading droplet... (STDOUT, STG)#
#2026 05 14 11:37:09.107#Z#DEBUG#12f0546a-4f89-11f1-8186-eeee0a8da331.incident-management-db-deployer#flowable-async-job-executor-thread-1463#
[PollExecuteTaskStatusExecution] 704b7d6e-c410-4b7e-8dbd-4e9da35f4465 [2026-05-14T11:31:44.917980] Uploading build artifacts cache... (STDOUT, STG)#
#2026 05 14 11:37:09.107#Z#DEBUG#12f0546a-4f89-11f1-8186-eeee0a8da331.incident-management-db-deployer#flowable-async-job-executor-thread-1463#
[PollExecuteTaskStatusExecution] 704b7d6e-c410-4b7e-8dbd-4e9da35f4465 [2026-05-14T11:31:44.936154] Uploaded build artifacts cache (228B) (STDOUT, STG)#
#2026 05 14 11:37:09.107#Z#DEBUG#12f0546a-4f89-11f1-8186-eeee0a8da331.incident-management-db-deployer#flowable-async-job-executor-thread-1463#
[PollExecuteTaskStatusExecution] 704b7d6e-c410-4b7e-8dbd-4e9da35f4465 [2026-05-14T11:31:45.476816] Creating droplet for app with guid 704b7d6e-c410-4b7e-8dbd-4e9da35f4465 (STDOUT, API)#
#2026 05 14 11:37:09.107#Z#DEBUG#12f0546a-4f89-11f1-8186-eeee0a8da331.incident-management-db-deployer#flowable-async-job-executor-thread-1463#
[PollExecuteTaskStatusExecution] 704b7d6e-c410-4b7e-8dbd-4e9da35f4465 [2026-05-14T11:31:49.539335] Uploaded droplet (58.4M) (STDOUT, STG)#
#2026 05 14 11:37:09.107#Z#DEBUG#12f0546a-4f89-11f1-8186-eeee0a8da331.incident-management-db-deployer#flowable-async-job-executor-thread-1463#
[PollExecuteTaskStatusExecution] 704b7d6e-c410-4b7e-8dbd-4e9da35f4465 [2026-05-14T11:31:49.555843] Uploading complete (STDOUT, STG)#
#2026 05 14 11:37:09.107#Z#DEBUG#12f0546a-4f89-11f1-8186-eeee0a8da331.incident-management-db-deployer#flowable-async-job-executor-thread-1463#
[PollExecuteTaskStatusExecution] 704b7d6e-c410-4b7e-8dbd-4e9da35f4465 [2026-05-14T11:31:49.864177] Cell 77283d80-dfa7-40ba-ba4e-265aef112085 stopping instance 51919369-c73b-4123-989e-e120823ac371 (STDOUT, STG)#
#2026 05 14 11:37:09.107#Z#DEBUG#12f0546a-4f89-11f1-8186-eeee0a8da331.incident-management-db-deployer#flowable-async-job-executor-thread-1463#
[PollExecuteTaskStatusExecution] 704b7d6e-c410-4b7e-8dbd-4e9da35f4465 [2026-05-14T11:31:49.864213] Cell 77283d80-dfa7-40ba-ba4e-265aef112085 destroying container for instance 51919369-c73b-4123-989e-e120823ac371 (STDOUT, STG)#
#2026 05 14 11:37:09.107#Z#DEBUG#12f0546a-4f89-11f1-8186-eeee0a8da331.incident-management-db-deployer#flowable-async-job-executor-thread-1463#
[PollExecuteTaskStatusExecution] 704b7d6e-c410-4b7e-8dbd-4e9da35f4465 [2026-05-14T11:31:49.917942] Staging complete for build 51919369-c73b-4123-989e-e120823ac371 (STDOUT, API)#
#2026 05 14 11:37:09.107#Z#DEBUG#12f0546a-4f89-11f1-8186-eeee0a8da331.incident-management-db-deployer#flowable-async-job-executor-thread-1463#
[PollExecuteTaskStatusExecution] 704b7d6e-c410-4b7e-8dbd-4e9da35f4465 [2026-05-14T11:31:53.478934] Cell 77283d80-dfa7-40ba-ba4e-265aef112085 successfully destroyed container for instance 51919369-c73b-4123-989e-e120823ac371 (STDOUT, STG)#
#2026 05 14 11:37:09.107#Z#DEBUG#12f0546a-4f89-11f1-8186-eeee0a8da331.incident-management-db-deployer#flowable-async-job-executor-thread-1463#
[PollExecuteTaskStatusExecution] 704b7d6e-c410-4b7e-8dbd-4e9da35f4465 [2026-05-14T11:31:56.429717] Updated app with guid 704b7d6e-c410-4b7e-8dbd-4e9da35f4465 ({:droplet_guid=>"f9998647-2bca-4b70-9cd3-37322f72d814"}) (STDOUT, API)#
#2026 05 14 11:37:09.107#Z#DEBUG#12f0546a-4f89-11f1-8186-eeee0a8da331.incident-management-db-deployer#flowable-async-job-executor-thread-1463#
[PollExecuteTaskStatusExecution] 704b7d6e-c410-4b7e-8dbd-4e9da35f4465 [2026-05-14T11:31:56.875008] Cell d1cc041a-d5a1-41d6-b9f6-6cda736ce3f0 creating container for instance 70cef61c-53f7-4b93-a733-dcc854a33a4e (STDOUT, CELL)#
#2026 05 14 11:37:09.107#Z#DEBUG#12f0546a-4f89-11f1-8186-eeee0a8da331.incident-management-db-deployer#flowable-async-job-executor-thread-1463#
[PollExecuteTaskStatusExecution] 704b7d6e-c410-4b7e-8dbd-4e9da35f4465 [2026-05-14T11:31:57.973753] Security group rules were updated (STDOUT, CELL)#
#2026 05 14 11:37:09.107#Z#DEBUG#12f0546a-4f89-11f1-8186-eeee0a8da331.incident-management-db-deployer#flowable-async-job-executor-thread-1463#
[PollExecuteTaskStatusExecution] 704b7d6e-c410-4b7e-8dbd-4e9da35f4465 [2026-05-14T11:31:58.082987] Cell d1cc041a-d5a1-41d6-b9f6-6cda736ce3f0 successfully created container for instance 70cef61c-53f7-4b93-a733-dcc854a33a4e (STDOUT, CELL)#
#2026 05 14 11:37:09.107#Z#DEBUG#12f0546a-4f89-11f1-8186-eeee0a8da331.incident-management-db-deployer#flowable-async-job-executor-thread-1463#
[PollExecuteTaskStatusExecution] 704b7d6e-c410-4b7e-8dbd-4e9da35f4465 [2026-05-14T11:32:03.770502] Invoking pre-start scripts. (STDOUT, APP/TASK/deploy)#
#2026 05 14 11:37:09.107#Z#DEBUG#12f0546a-4f89-11f1-8186-eeee0a8da331.incident-management-db-deployer#flowable-async-job-executor-thread-1463#
[PollExecuteTaskStatusExecution] 704b7d6e-c410-4b7e-8dbd-4e9da35f4465 [2026-05-14T11:32:04.009516] Invoking start command. (STDOUT, APP/TASK/deploy)#
#2026 05 14 11:37:09.107#Z#DEBUG#12f0546a-4f89-11f1-8186-eeee0a8da331.incident-management-db-deployer#flowable-async-job-executor-thread-1463#
[PollExecuteTaskStatusExecution] 704b7d6e-c410-4b7e-8dbd-4e9da35f4465 [2026-05-14T11:32:04.506586] > start (STDOUT, APP/TASK/deploy)#
#2026 05 14 11:37:09.107#Z#DEBUG#12f0546a-4f89-11f1-8186-eeee0a8da331.incident-management-db-deployer#flowable-async-job-executor-thread-1463#
[PollExecuteTaskStatusExecution] 704b7d6e-c410-4b7e-8dbd-4e9da35f4465 [2026-05-14T11:32:04.506619] > node node_modules/@sap/hdi-deploy/deploy.js --use-hdb --parameter com.sap.hana.di.table/try_fast_table_migration=true (STDOUT, APP/TASK/deploy)#
#2026 05 14 11:37:09.107#Z#DEBUG#12f0546a-4f89-11f1-8186-eeee0a8da331.incident-management-db-deployer#flowable-async-job-executor-thread-1463#
[PollExecuteTaskStatusExecution] 704b7d6e-c410-4b7e-8dbd-4e9da35f4465 [2026-05-14T11:32:04.671820] VCAP_SERVICES: (STDOUT, APP/TASK/deploy)#
#2026 05 14 11:37:09.107#Z#DEBUG#12f0546a-4f89-11f1-8186-eeee0a8da331.incident-management-db-deployer#flowable-async-job-executor-thread-1463#
[PollExecuteTaskStatusExecution] 704b7d6e-c410-4b7e-8dbd-4e9da35f4465 [2026-05-14T11:32:04.672094] { (STDOUT, APP/TASK/deploy)#
#2026 05 14 11:37:09.107#Z#DEBUG#12f0546a-4f89-11f1-8186-eeee0a8da331.incident-management-db-deployer#flowable-async-job-executor-thread-1463#
[PollExecuteTaskStatusExecution] 704b7d6e-c410-4b7e-8dbd-4e9da35f4465 [2026-05-14T11:32:04.672108] "hana": [ (STDOUT, APP/TASK/deploy)#
#2026 05 14 11:37:09.107#Z#DEBUG#12f0546a-4f89-11f1-8186-eeee0a8da331.incident-management-db-deployer#flowable-async-job-executor-thread-1463#
[PollExecuteTaskStatusExecution] 704b7d6e-c410-4b7e-8dbd-4e9da35f4465 [2026-05-14T11:32:04.672111] { (STDOUT, APP/TASK/deploy)#
#2026 05 14 11:37:09.107#Z#DEBUG#12f0546a-4f89-11f1-8186-eeee0a8da331.incident-management-db-deployer#flowable-async-job-executor-thread-1463#
[PollExecuteTaskStatusExecution] 704b7d6e-c410-4b7e-8dbd-4e9da35f4465 [2026-05-14T11:32:04.672117] "name": "incident-management-db", (STDOUT, APP/TASK/deploy)#
#2026 05 14 11:37:09.107#Z#DEBUG#12f0546a-4f89-11f1-8186-eeee0a8da331.incident-management-db-deployer#flowable-async-job-executor-thread-1463#
[PollExecuteTaskStatusExecution] 704b7d6e-c410-4b7e-8dbd-4e9da35f4465 [2026-05-14T11:32:04.672120] "label": "hana", (STDOUT, APP/TASK/deploy)#
#2026 05 14 11:37:09.107#Z#DEBUG#12f0546a-4f89-11f1-8186-eeee0a8da331.incident-management-db-deployer#flowable-async-job-executor-thread-1463#
[PollExecuteTaskStatusExecution] 704b7d6e-c410-4b7e-8dbd-4e9da35f4465 [2026-05-14T11:32:04.672129] "plan": "hdi-shared", (STDOUT, APP/TASK/deploy)#
#2026 05 14 11:37:09.107#Z#DEBUG#12f0546a-4f89-11f1-8186-eeee0a8da331.incident-management-db-deployer#flowable-async-job-executor-thread-1463#
[PollExecuteTaskStatusExecution] 704b7d6e-c410-4b7e-8dbd-4e9da35f4465 [2026-05-14T11:32:04.672131] "credentials": { (STDOUT, APP/TASK/deploy)#
#2026 05 14 11:37:09.107#Z#DEBUG#12f0546a-4f89-11f1-8186-eeee0a8da331.incident-management-db-deployer#flowable-async-job-executor-thread-1463#
[PollExecuteTaskStatusExecution] 704b7d6e-c410-4b7e-8dbd-4e9da35f4465 [2026-05-14T11:32:04.672134] "schema": "5B910FD501484AB0BA2F8DE3E2DA6D90", (STDOUT, APP/TASK/deploy)#
#2026 05 14 11:37:09.107#Z#DEBUG#12f0546a-4f89-11f1-8186-eeee0a8da331.incident-management-db-deployer#flowable-async-job-executor-thread-1463#
[PollExecuteTaskStatusExecution] 704b7d6e-c410-4b7e-8dbd-4e9da35f4465 [2026-05-14T11:32:04.672136] "database_id": "a39c7de3-6f67-45ce-beb8-e90a708f62b9", (STDOUT, APP/TASK/deploy)#
#2026 05 14 11:37:09.107#Z#DEBUG#12f0546a-4f89-11f1-8186-eeee0a8da331.incident-management-db-deployer#flowable-async-job-executor-thread-1463#
[PollExecuteTaskStatusExecution] 704b7d6e-c410-4b7e-8dbd-4e9da35f4465 [2026-05-14T11:32:04.672140] "user": "5B910FD501484AB0BA2F8DE3E2DA6D90_248JGWMAIRT2OEDQW67F4NEKS_RT", (STDOUT, APP/TASK/deploy)#
#2026 05 14 11:37:09.107#Z#DEBUG#12f0546a-4f89-11f1-8186-eeee0a8da331.incident-management-db-deployer#flowable-async-job-executor-thread-1463#
[PollExecuteTaskStatusExecution] 704b7d6e-c410-4b7e-8dbd-4e9da35f4465 [2026-05-14T11:32:04.672146] "hdi_user": "5B910FD501484AB0BA2F8DE3E2DA6D90_248JGWMAIRT2OEDQW67F4NEKS_DT" (STDOUT, APP/TASK/deploy)#
#2026 05 14 11:37:09.107#Z#DEBUG#12f0546a-4f89-11f1-8186-eeee0a8da331.incident-management-db-deployer#flowable-async-job-executor-thread-1463#
[PollExecuteTaskStatusExecution] 704b7d6e-c410-4b7e-8dbd-4e9da35f4465 [2026-05-14T11:32:04.672148] }, (STDOUT, APP/TASK/deploy)#
#2026 05 14 11:37:09.107#Z#DEBUG#12f0546a-4f89-11f1-8186-eeee0a8da331.incident-management-db-deployer#flowable-async-job-executor-thread-1463#
[PollExecuteTaskStatusExecution] 704b7d6e-c410-4b7e-8dbd-4e9da35f4465 [2026-05-14T11:32:04.672151] "tags": [ (STDOUT, APP/TASK/deploy)#
#2026 05 14 11:37:09.107#Z#DEBUG#12f0546a-4f89-11f1-8186-eeee0a8da331.incident-management-db-deployer#flowable-async-job-executor-thread-1463#
[PollExecuteTaskStatusExecution] 704b7d6e-c410-4b7e-8dbd-4e9da35f4465 [2026-05-14T11:32:04.672153] "hana", (STDOUT, APP/TASK/deploy)#
#2026 05 14 11:37:09.107#Z#DEBUG#12f0546a-4f89-11f1-8186-eeee0a8da331.incident-management-db-deployer#flowable-async-job-executor-thread-1463#
[PollExecuteTaskStatusExecution] 704b7d6e-c410-4b7e-8dbd-4e9da35f4465 [2026-05-14T11:32:04.672155] "database", (STDOUT, APP/TASK/deploy)#
#2026 05 14 11:37:09.107#Z#DEBUG#12f0546a-4f89-11f1-8186-eeee0a8da331.incident-management-db-deployer#flowable-async-job-executor-thread-1463#
[PollExecuteTaskStatusExecution] 704b7d6e-c410-4b7e-8dbd-4e9da35f4465 [2026-05-14T11:32:04.672156] "relational" (STDOUT, APP/TASK/deploy)#
#2026 05 14 11:37:09.107#Z#DEBUG#12f0546a-4f89-11f1-8186-eeee0a8da331.incident-management-db-deployer#flowable-async-job-executor-thread-1463#
[PollExecuteTaskStatusExecution] 704b7d6e-c410-4b7e-8dbd-4e9da35f4465 [2026-05-14T11:32:04.672158] ] (STDOUT, APP/TASK/deploy)#
#2026 05 14 11:37:09.107#Z#DEBUG#12f0546a-4f89-11f1-8186-eeee0a8da331.incident-management-db-deployer#flowable-async-job-executor-thread-1463#
[PollExecuteTaskStatusExecution] 704b7d6e-c410-4b7e-8dbd-4e9da35f4465 [2026-05-14T11:32:04.672161] } (STDOUT, APP/TASK/deploy)#
#2026 05 14 11:37:09.107#Z#DEBUG#12f0546a-4f89-11f1-8186-eeee0a8da331.incident-management-db-deployer#flowable-async-job-executor-thread-1463#
[PollExecuteTaskStatusExecution] 704b7d6e-c410-4b7e-8dbd-4e9da35f4465 [2026-05-14T11:32:04.672163] ] (STDOUT, APP/TASK/deploy)#
#2026 05 14 11:37:09.107#Z#DEBUG#12f0546a-4f89-11f1-8186-eeee0a8da331.incident-management-db-deployer#flowable-async-job-executor-thread-1463#
[PollExecuteTaskStatusExecution] 704b7d6e-c410-4b7e-8dbd-4e9da35f4465 [2026-05-14T11:32:04.672169] } (STDOUT, APP/TASK/deploy)#
#2026 05 14 11:37:09.107#Z#DEBUG#12f0546a-4f89-11f1-8186-eeee0a8da331.incident-management-db-deployer#flowable-async-job-executor-thread-1463#
[PollExecuteTaskStatusExecution] 704b7d6e-c410-4b7e-8dbd-4e9da35f4465 [2026-05-14T11:32:08.939765] @sap/hdi-deploy, version 5.6.1 (mode default), server version unknown (0.0.0.0), cloud version , node version 24.13.0, HDI version -1, container API version -1 (STDOUT, APP/TASK/deploy)#
#2026 05 14 11:37:09.107#Z#DEBUG#12f0546a-4f89-11f1-8186-eeee0a8da331.incident-management-db-deployer#flowable-async-job-executor-thread-1463#
[PollExecuteTaskStatusExecution] 704b7d6e-c410-4b7e-8dbd-4e9da35f4465 [2026-05-14T11:32:08.940048] Deployment started at 2026-05-14 11:32:08 (STDOUT, APP/TASK/deploy)#
#2026 05 14 11:37:09.107#Z#DEBUG#12f0546a-4f89-11f1-8186-eeee0a8da331.incident-management-db-deployer#flowable-async-job-executor-thread-1463#
[PollExecuteTaskStatusExecution] 704b7d6e-c410-4b7e-8dbd-4e9da35f4465 [2026-05-14T11:32:08.942452] Using hdb@2.27.1 for connection (STDOUT, APP/TASK/deploy)#
#2026 05 14 11:37:09.107#Z#DEBUG#12f0546a-4f89-11f1-8186-eeee0a8da331.incident-management-db-deployer#flowable-async-job-executor-thread-1463#
[PollExecuteTaskStatusExecution] 704b7d6e-c410-4b7e-8dbd-4e9da35f4465 [2026-05-14T11:32:08.942464] Detection of server version failed; root cause: HANA Database instance is stopped (STDOUT, APP/TASK/deploy)#
#2026 05 14 11:37:09.107#Z#DEBUG#12f0546a-4f89-11f1-8186-eeee0a8da331.incident-management-db-deployer#flowable-async-job-executor-thread-1463#
[PollExecuteTaskStatusExecution] 704b7d6e-c410-4b7e-8dbd-4e9da35f4465 [2026-05-14T11:32:08.942475] Detection of cloud version failed; root cause: HANA Database instance is stopped (STDOUT, APP/TASK/deploy)#
#2026 05 14 11:37:09.107#Z#DEBUG#12f0546a-4f89-11f1-8186-eeee0a8da331.incident-management-db-deployer#flowable-async-job-executor-thread-1463#
[PollExecuteTaskStatusExecution] 704b7d6e-c410-4b7e-8dbd-4e9da35f4465 [2026-05-14T11:32:08.942477] Detection of container API version failed; root cause: HANA Database instance is stopped (STDOUT, APP/TASK/deploy)#
#2026 05 14 11:37:09.107#Z#DEBUG#12f0546a-4f89-11f1-8186-eeee0a8da331.incident-management-db-deployer#flowable-async-job-executor-thread-1463#
[PollExecuteTaskStatusExecution] 704b7d6e-c410-4b7e-8dbd-4e9da35f4465 [2026-05-14T11:32:08.942483] Detection of HDI version failed; root cause: HANA Database instance is stopped (STDOUT, APP/TASK/deploy)#
#2026 05 14 11:37:09.107#Z#DEBUG#12f0546a-4f89-11f1-8186-eeee0a8da331.incident-management-db-deployer#flowable-async-job-executor-thread-1463#
[PollExecuteTaskStatusExecution] 704b7d6e-c410-4b7e-8dbd-4e9da35f4465 [2026-05-14T11:32:08.942497] Deployment ended at 2026-05-14 11:32:08 (STDOUT, APP/TASK/deploy)#
#2026 05 14 11:37:09.107#Z#DEBUG#12f0546a-4f89-11f1-8186-eeee0a8da331.incident-management-db-deployer#flowable-async-job-executor-thread-1463#
[PollExecuteTaskStatusExecution] 704b7d6e-c410-4b7e-8dbd-4e9da35f4465 [2026-05-14T11:32:08.942740] Error: Option parameter is not supported by the server; based on detected server version unknown (STDERR, APP/TASK/deploy)#
#2026 05 14 11:37:09.107#Z#DEBUG#12f0546a-4f89-11f1-8186-eeee0a8da331.incident-management-db-deployer#flowable-async-job-executor-thread-1463#
[PollExecuteTaskStatusExecution] 704b7d6e-c410-4b7e-8dbd-4e9da35f4465 [2026-05-14T11:32:08.943162] (4s 395ms) (STDOUT, APP/TASK/deploy)#
#2026 05 14 11:37:09.107#Z#DEBUG#12f0546a-4f89-11f1-8186-eeee0a8da331.incident-management-db-deployer#flowable-async-job-executor-thread-1463#
[PollExecuteTaskStatusExecution] 704b7d6e-c410-4b7e-8dbd-4e9da35f4465 [2026-05-14T11:32:08.960821] npm notice (STDERR, APP/TASK/deploy)#
#2026 05 14 11:37:09.107#Z#DEBUG#12f0546a-4f89-11f1-8186-eeee0a8da331.incident-management-db-deployer#flowable-async-job-executor-thread-1463#
[PollExecuteTaskStatusExecution] 704b7d6e-c410-4b7e-8dbd-4e9da35f4465 [2026-05-14T11:32:08.960854] npm notice New minor version of npm available! 11.6.2 -> 11.14.1 (STDERR, APP/TASK/deploy)#
#2026 05 14 11:37:09.107#Z#DEBUG#12f0546a-4f89-11f1-8186-eeee0a8da331.incident-management-db-deployer#flowable-async-job-executor-thread-1463#
[PollExecuteTaskStatusExecution] 704b7d6e-c410-4b7e-8dbd-4e9da35f4465 [2026-05-14T11:32:08.960859] npm notice Changelog: https://github.com/npm/cli/releases/tag/v11.14.1 (STDERR, APP/TASK/deploy)#
#2026 05 14 11:37:09.107#Z#DEBUG#12f0546a-4f89-11f1-8186-eeee0a8da331.incident-management-db-deployer#flowable-async-job-executor-thread-1463#
[PollExecuteTaskStatusExecution] 704b7d6e-c410-4b7e-8dbd-4e9da35f4465 [2026-05-14T11:32:08.960864] npm notice To update run: npm install -g npm@11.14.1 (STDERR, APP/TASK/deploy)#
#2026 05 14 11:37:09.107#Z#DEBUG#12f0546a-4f89-11f1-8186-eeee0a8da331.incident-management-db-deployer#flowable-async-job-executor-thread-1463#
[PollExecuteTaskStatusExecution] 704b7d6e-c410-4b7e-8dbd-4e9da35f4465 [2026-05-14T11:32:08.960867] npm notice (STDERR, APP/TASK/deploy)#
#2026 05 14 11:37:09.107#Z#DEBUG#12f0546a-4f89-11f1-8186-eeee0a8da331.incident-management-db-deployer#flowable-async-job-executor-thread-1463#
[PollExecuteTaskStatusExecution] 704b7d6e-c410-4b7e-8dbd-4e9da35f4465 [2026-05-14T11:32:09.044172] Exit status 1 (STDOUT, APP/TASK/deploy)#
#2026 05 14 11:37:09.107#Z#DEBUG#12f0546a-4f89-11f1-8186-eeee0a8da331.incident-management-db-deployer#flowable-async-job-executor-thread-1463#
[PollExecuteTaskStatusExecution] 704b7d6e-c410-4b7e-8dbd-4e9da35f4465 [2026-05-14T11:32:09.839115] Cell d1cc041a-d5a1-41d6-b9f6-6cda736ce3f0 stopping instance 70cef61c-53f7-4b93-a733-dcc854a33a4e (STDOUT, CELL)#
#2026 05 14 11:37:09.107#Z#DEBUG#12f0546a-4f89-11f1-8186-eeee0a8da331.incident-management-db-deployer#flowable-async-job-executor-thread-1463#
[PollExecuteTaskStatusExecution] 704b7d6e-c410-4b7e-8dbd-4e9da35f4465 [2026-05-14T11:32:09.839148] Cell d1cc041a-d5a1-41d6-b9f6-6cda736ce3f0 destroying container for instance 70cef61c-53f7-4b93-a733-dcc854a33a4e (STDOUT, CELL)#
#2026 05 14 11:37:09.107#Z#DEBUG#12f0546a-4f89-11f1-8186-eeee0a8da331.incident-management-db-deployer#flowable-async-job-executor-thread-1463#
[PollExecuteTaskStatusExecution] 704b7d6e-c410-4b7e-8dbd-4e9da35f4465 [2026-05-14T11:32:13.094269] Cell d1cc041a-d5a1-41d6-b9f6-6cda736ce3f0 successfully destroyed container for instance 70cef61c-53f7-4b93-a733-dcc854a33a4e (STDOUT, CELL)#
#2026 05 14 11:37:09.107#Z#DEBUG#12f0546a-4f89-11f1-8186-eeee0a8da331.incident-management-db-deployer#flowable-async-job-executor-thread-1463#
[PollExecuteTaskStatusExecution] 704b7d6e-c410-4b7e-8dbd-4e9da35f4465 [2026-05-14T11:36:09.257407] Updated app with guid 704b7d6e-c410-4b7e-8dbd-4e9da35f4465 ({"lifecycle"=>{"data"=>{"buildpacks"=>["nodejs_buildpack"]}, "type"=>"buildpack"}}) (STDOUT, API)#
#2026 05 14 11:37:09.107#Z#DEBUG#12f0546a-4f89-11f1-8186-eeee0a8da331.incident-management-db-deployer#flowable-async-job-executor-thread-1463#
[PollExecuteTaskStatusExecution] 704b7d6e-c410-4b7e-8dbd-4e9da35f4465 [2026-05-14T11:36:09.351500] Updating process: "web" (STDOUT, API)#
#2026 05 14 11:37:09.107#Z#DEBUG#12f0546a-4f89-11f1-8186-eeee0a8da331.incident-management-db-deployer#flowable-async-job-executor-thread-1463#
[PollExecuteTaskStatusExecution] 704b7d6e-c410-4b7e-8dbd-4e9da35f4465 [2026-05-14T11:36:18.937297] Uploading app package for app with guid 704b7d6e-c410-4b7e-8dbd-4e9da35f4465 (STDOUT, API)#
#2026 05 14 11:37:09.107#Z#DEBUG#12f0546a-4f89-11f1-8186-eeee0a8da331.incident-management-db-deployer#flowable-async-job-executor-thread-1463#
[PollExecuteTaskStatusExecution] 704b7d6e-c410-4b7e-8dbd-4e9da35f4465 [2026-05-14T11:36:19.147648] Updated app with guid 704b7d6e-c410-4b7e-8dbd-4e9da35f4465 ({"environment_variables"=>"[PRIVATE DATA HIDDEN]"}) (STDOUT, API)#
#2026 05 14 11:37:09.107#Z#DEBUG#12f0546a-4f89-11f1-8186-eeee0a8da331.incident-management-db-deployer#flowable-async-job-executor-thread-1463#
[PollExecuteTaskStatusExecution] 704b7d6e-c410-4b7e-8dbd-4e9da35f4465 [2026-05-14T11:36:29.114784] Creating build for app with guid 704b7d6e-c410-4b7e-8dbd-4e9da35f4465 (STDOUT, API)#
#2026 05 14 11:37:09.107#Z#DEBUG#12f0546a-4f89-11f1-8186-eeee0a8da331.incident-management-db-deployer#flowable-async-job-executor-thread-1463#
[PollExecuteTaskStatusExecution] 704b7d6e-c410-4b7e-8dbd-4e9da35f4465 [2026-05-14T11:36:29.557087] Downloading nodejs_buildpack... (STDOUT, STG)#
#2026 05 14 11:37:09.107#Z#DEBUG#12f0546a-4f89-11f1-8186-eeee0a8da331.incident-management-db-deployer#flowable-async-job-executor-thread-1463#
[PollExecuteTaskStatusExecution] 704b7d6e-c410-4b7e-8dbd-4e9da35f4465 [2026-05-14T11:36:29.605835] Downloaded nodejs_buildpack (STDOUT, STG)#
#2026 05 14 11:37:09.107#Z#DEBUG#12f0546a-4f89-11f1-8186-eeee0a8da331.incident-management-db-deployer#flowable-async-job-executor-thread-1463#
[PollExecuteTaskStatusExecution] 704b7d6e-c410-4b7e-8dbd-4e9da35f4465 [2026-05-14T11:36:29.605929] Cell d1cc041a-d5a1-41d6-b9f6-6cda736ce3f0 creating container for instance a3a50920-6c42-44ed-bf5b-6acd03df2971 (STDOUT, STG)#
#2026 05 14 11:37:09.107#Z#DEBUG#12f0546a-4f89-11f1-8186-eeee0a8da331.incident-management-db-deployer#flowable-async-job-executor-thread-1463#
[PollExecuteTaskStatusExecution] 704b7d6e-c410-4b7e-8dbd-4e9da35f4465 [2026-05-14T11:36:30.769681] Security group rules were updated (STDOUT, STG)#
#2026 05 14 11:37:09.107#Z#DEBUG#12f0546a-4f89-11f1-8186-eeee0a8da331.incident-management-db-deployer#flowable-async-job-executor-thread-1463#
[PollExecuteTaskStatusExecution] 704b7d6e-c410-4b7e-8dbd-4e9da35f4465 [2026-05-14T11:36:30.882697] Cell d1cc041a-d5a1-41d6-b9f6-6cda736ce3f0 successfully created container for instance a3a50920-6c42-44ed-bf5b-6acd03df2971 (STDOUT, STG)#
#2026 05 14 11:37:09.107#Z#DEBUG#12f0546a-4f89-11f1-8186-eeee0a8da331.incident-management-db-deployer#flowable-async-job-executor-thread-1463#
[PollExecuteTaskStatusExecution] 704b7d6e-c410-4b7e-8dbd-4e9da35f4465 [2026-05-14T11:36:31.602627] Downloading build artifacts cache... (STDOUT, STG)#
#2026 05 14 11:37:09.107#Z#DEBUG#12f0546a-4f89-11f1-8186-eeee0a8da331.incident-management-db-deployer#flowable-async-job-executor-thread-1463#
[PollExecuteTaskStatusExecution] 704b7d6e-c410-4b7e-8dbd-4e9da35f4465 [2026-05-14T11:36:31.602681] Downloading app package... (STDOUT, STG)#
#2026 05 14 11:37:09.107#Z#DEBUG#12f0546a-4f89-11f1-8186-eeee0a8da331.incident-management-db-deployer#flowable-async-job-executor-thread-1463#
[PollExecuteTaskStatusExecution] 704b7d6e-c410-4b7e-8dbd-4e9da35f4465 [2026-05-14T11:36:31.683049] Downloaded build artifacts cache (228B) (STDOUT, STG)#
#2026 05 14 11:37:09.107#Z#DEBUG#12f0546a-4f89-11f1-8186-eeee0a8da331.incident-management-db-deployer#flowable-async-job-executor-thread-1463#
[PollExecuteTaskStatusExecution] 704b7d6e-c410-4b7e-8dbd-4e9da35f4465 [2026-05-14T11:36:32.079129] Downloaded app package (2.3M) (STDOUT, STG)#
#2026 05 14 11:37:09.107#Z#DEBUG#12f0546a-4f89-11f1-8186-eeee0a8da331.incident-management-db-deployer#flowable-async-job-executor-thread-1463#
[PollExecuteTaskStatusExecution] 704b7d6e-c410-4b7e-8dbd-4e9da35f4465 [2026-05-14T11:36:32.246622] -----> Nodejs Buildpack version 1.8.44 (STDOUT, STG)#
#2026 05 14 11:37:09.107#Z#DEBUG#12f0546a-4f89-11f1-8186-eeee0a8da331.incident-management-db-deployer#flowable-async-job-executor-thread-1463#
[PollExecuteTaskStatusExecution] 704b7d6e-c410-4b7e-8dbd-4e9da35f4465 [2026-05-14T11:36:32.382438] -----> Bootstrapping python (STDOUT, STG)#
#2026 05 14 11:37:09.107#Z#DEBUG#12f0546a-4f89-11f1-8186-eeee0a8da331.incident-management-db-deployer#flowable-async-job-executor-thread-1463#
[PollExecuteTaskStatusExecution] 704b7d6e-c410-4b7e-8dbd-4e9da35f4465 [2026-05-14T11:36:32.382467] -----> Installing python 3.11.14 (STDOUT, STG)#
#2026 05 14 11:37:09.107#Z#DEBUG#12f0546a-4f89-11f1-8186-eeee0a8da331.incident-management-db-deployer#flowable-async-job-executor-thread-1463#
[PollExecuteTaskStatusExecution] 704b7d6e-c410-4b7e-8dbd-4e9da35f4465 [2026-05-14T11:36:32.382567] Copy [/tmp/buildpacks/978cee5ec9c58000/dependencies/b5e0345ae0ae1932e7d56fffaa49a487/python_3.11.14_linux_x64_cflinuxfs4_66f53248.tgz] (STDOUT, STG)#
#2026 05 14 11:37:09.107#Z#DEBUG#12f0546a-4f89-11f1-8186-eeee0a8da331.incident-management-db-deployer#flowable-async-job-executor-thread-1463#
[PollExecuteTaskStatusExecution] 704b7d6e-c410-4b7e-8dbd-4e9da35f4465 [2026-05-14T11:36:37.428703] -----> Installing binaries (STDOUT, STG)#
#2026 05 14 11:37:09.107#Z#DEBUG#12f0546a-4f89-11f1-8186-eeee0a8da331.incident-management-db-deployer#flowable-async-job-executor-thread-1463#
[PollExecuteTaskStatusExecution] 704b7d6e-c410-4b7e-8dbd-4e9da35f4465 [2026-05-14T11:36:37.428740] engines.node (package.json): >=18 (STDOUT, STG)#
#2026 05 14 11:37:09.107#Z#DEBUG#12f0546a-4f89-11f1-8186-eeee0a8da331.incident-management-db-deployer#flowable-async-job-executor-thread-1463#
[PollExecuteTaskStatusExecution] 704b7d6e-c410-4b7e-8dbd-4e9da35f4465 [2026-05-14T11:36:37.428782] engines.npm (package.json): unspecified (use default) (STDOUT, STG)#
#2026 05 14 11:37:09.107#Z#DEBUG#12f0546a-4f89-11f1-8186-eeee0a8da331.incident-management-db-deployer#flowable-async-job-executor-thread-1463#
[PollExecuteTaskStatusExecution] 704b7d6e-c410-4b7e-8dbd-4e9da35f4465 [2026-05-14T11:36:37.428791] [31;1m**WARNING**[0m Dangerous semver range (>) in engines.node. See: http://docs.cloudfoundry.org/buildpacks/node/node-tips.html (STDOUT, STG)#
#2026 05 14 11:37:09.107#Z#DEBUG#12f0546a-4f89-11f1-8186-eeee0a8da331.incident-management-db-deployer#flowable-async-job-executor-thread-1463#
[PollExecuteTaskStatusExecution] 704b7d6e-c410-4b7e-8dbd-4e9da35f4465 [2026-05-14T11:36:37.428794] -----> Installing node 24.13.0 (STDOUT, STG)#
#2026 05 14 11:37:09.107#Z#DEBUG#12f0546a-4f89-11f1-8186-eeee0a8da331.incident-management-db-deployer#flowable-async-job-executor-thread-1463#
[PollExecuteTaskStatusExecution] 704b7d6e-c410-4b7e-8dbd-4e9da35f4465 [2026-05-14T11:36:37.428797] Copy [/tmp/buildpacks/978cee5ec9c58000/dependencies/2f5692219fecc3eee6e6d507a6bfe7b9/node_24.13.0_linux_x64_cflinuxfs4_a816dee1.tgz] (STDOUT, STG)#
#2026 05 14 11:37:09.107#Z#DEBUG#12f0546a-4f89-11f1-8186-eeee0a8da331.incident-management-db-deployer#flowable-async-job-executor-thread-1463#
[PollExecuteTaskStatusExecution] 704b7d6e-c410-4b7e-8dbd-4e9da35f4465 [2026-05-14T11:36:40.309776] Using default npm version: 11.6.2 (STDOUT, STG)#
#2026 05 14 11:37:09.107#Z#DEBUG#12f0546a-4f89-11f1-8186-eeee0a8da331.incident-management-db-deployer#flowable-async-job-executor-thread-1463#
[PollExecuteTaskStatusExecution] 704b7d6e-c410-4b7e-8dbd-4e9da35f4465 [2026-05-14T11:36:40.309807] -----> Installing yarn 1.22.22 (STDOUT, STG)#
#2026 05 14 11:37:09.107#Z#DEBUG#12f0546a-4f89-11f1-8186-eeee0a8da331.incident-management-db-deployer#flowable-async-job-executor-thread-1463#
[PollExecuteTaskStatusExecution] 704b7d6e-c410-4b7e-8dbd-4e9da35f4465 [2026-05-14T11:36:40.309990] Copy [/tmp/buildpacks/978cee5ec9c58000/dependencies/e3a39aedd1236924d69cc2d0637a8ed2/yarn_1.22.22_linux_noarch_any-stack_4911d0a6.tgz] (STDOUT, STG)#
#2026 05 14 11:37:09.107#Z#DEBUG#12f0546a-4f89-11f1-8186-eeee0a8da331.incident-management-db-deployer#flowable-async-job-executor-thread-1463#
[PollExecuteTaskStatusExecution] 704b7d6e-c410-4b7e-8dbd-4e9da35f4465 [2026-05-14T11:36:40.719181] Installed yarn 1.22.22 (STDOUT, STG)#
#2026 05 14 11:37:09.107#Z#DEBUG#12f0546a-4f89-11f1-8186-eeee0a8da331.incident-management-db-deployer#flowable-async-job-executor-thread-1463#
[PollExecuteTaskStatusExecution] 704b7d6e-c410-4b7e-8dbd-4e9da35f4465 [2026-05-14T11:36:40.719307] -----> Creating runtime environment (STDOUT, STG)#
#2026 05 14 11:37:09.107#Z#DEBUG#12f0546a-4f89-11f1-8186-eeee0a8da331.incident-management-db-deployer#flowable-async-job-executor-thread-1463#
[PollExecuteTaskStatusExecution] 704b7d6e-c410-4b7e-8dbd-4e9da35f4465 [2026-05-14T11:36:40.722136] NODE_ENV=production (STDOUT, STG)#
#2026 05 14 11:37:09.107#Z#DEBUG#12f0546a-4f89-11f1-8186-eeee0a8da331.incident-management-db-deployer#flowable-async-job-executor-thread-1463#
[PollExecuteTaskStatusExecution] 704b7d6e-c410-4b7e-8dbd-4e9da35f4465 [2026-05-14T11:36:40.722219] NODE_HOME=/tmp/contents1799030702/deps/0/node (STDOUT, STG)#
#2026 05 14 11:37:09.107#Z#DEBUG#12f0546a-4f89-11f1-8186-eeee0a8da331.incident-management-db-deployer#flowable-async-job-executor-thread-1463#
[PollExecuteTaskStatusExecution] 704b7d6e-c410-4b7e-8dbd-4e9da35f4465 [2026-05-14T11:36:40.722276] NODE_MODULES_CACHE=true (STDOUT, STG)#
#2026 05 14 11:37:09.107#Z#DEBUG#12f0546a-4f89-11f1-8186-eeee0a8da331.incident-management-db-deployer#flowable-async-job-executor-thread-1463#
[PollExecuteTaskStatusExecution] 704b7d6e-c410-4b7e-8dbd-4e9da35f4465 [2026-05-14T11:36:40.722320] NODE_VERBOSE=false (STDOUT, STG)#
#2026 05 14 11:37:09.107#Z#DEBUG#12f0546a-4f89-11f1-8186-eeee0a8da331.incident-management-db-deployer#flowable-async-job-executor-thread-1463#
[PollExecuteTaskStatusExecution] 704b7d6e-c410-4b7e-8dbd-4e9da35f4465 [2026-05-14T11:36:40.722366] NPM_CONFIG_LOGLEVEL=error (STDOUT, STG)#
#2026 05 14 11:37:09.107#Z#DEBUG#12f0546a-4f89-11f1-8186-eeee0a8da331.incident-management-db-deployer#flowable-async-job-executor-thread-1463#
[PollExecuteTaskStatusExecution] 704b7d6e-c410-4b7e-8dbd-4e9da35f4465 [2026-05-14T11:36:40.722411] NPM_CONFIG_PRODUCTION=true (STDOUT, STG)#
#2026 05 14 11:37:09.107#Z#DEBUG#12f0546a-4f89-11f1-8186-eeee0a8da331.incident-management-db-deployer#flowable-async-job-executor-thread-1463#
[PollExecuteTaskStatusExecution] 704b7d6e-c410-4b7e-8dbd-4e9da35f4465 [2026-05-14T11:36:40.722471] -----> Building dependencies (STDOUT, STG)#
#2026 05 14 11:37:09.107#Z#DEBUG#12f0546a-4f89-11f1-8186-eeee0a8da331.incident-management-db-deployer#flowable-async-job-executor-thread-1463#
[PollExecuteTaskStatusExecution] 704b7d6e-c410-4b7e-8dbd-4e9da35f4465 [2026-05-14T11:36:40.722519] Prebuild detected (node_modules already exists) (STDOUT, STG)#
#2026 05 14 11:37:09.107#Z#DEBUG#12f0546a-4f89-11f1-8186-eeee0a8da331.incident-management-db-deployer#flowable-async-job-executor-thread-1463#
[PollExecuteTaskStatusExecution] 704b7d6e-c410-4b7e-8dbd-4e9da35f4465 [2026-05-14T11:36:40.722576] Rebuilding any native modules (STDOUT, STG)#
#2026 05 14 11:37:09.107#Z#DEBUG#12f0546a-4f89-11f1-8186-eeee0a8da331.incident-management-db-deployer#flowable-async-job-executor-thread-1463#
[PollExecuteTaskStatusExecution] 704b7d6e-c410-4b7e-8dbd-4e9da35f4465 [2026-05-14T11:36:41.428263] rebuilt dependencies successfully (STDOUT, STG)#
#2026 05 14 11:37:09.107#Z#DEBUG#12f0546a-4f89-11f1-8186-eeee0a8da331.incident-management-db-deployer#flowable-async-job-executor-thread-1463#
[PollExecuteTaskStatusExecution] 704b7d6e-c410-4b7e-8dbd-4e9da35f4465 [2026-05-14T11:36:41.436139] npm notice (STDOUT, STG)#
#2026 05 14 11:37:09.107#Z#DEBUG#12f0546a-4f89-11f1-8186-eeee0a8da331.incident-management-db-deployer#flowable-async-job-executor-thread-1463#
[PollExecuteTaskStatusExecution] 704b7d6e-c410-4b7e-8dbd-4e9da35f4465 [2026-05-14T11:36:41.436197] npm notice New minor version of npm available! 11.6.2 -> 11.14.1 (STDOUT, STG)#
#2026 05 14 11:37:09.107#Z#DEBUG#12f0546a-4f89-11f1-8186-eeee0a8da331.incident-management-db-deployer#flowable-async-job-executor-thread-1463#
[PollExecuteTaskStatusExecution] 704b7d6e-c410-4b7e-8dbd-4e9da35f4465 [2026-05-14T11:36:41.436202] npm notice Changelog: https://github.com/npm/cli/releases/tag/v11.14.1 (STDOUT, STG)#
#2026 05 14 11:37:09.107#Z#DEBUG#12f0546a-4f89-11f1-8186-eeee0a8da331.incident-management-db-deployer#flowable-async-job-executor-thread-1463#
[PollExecuteTaskStatusExecution] 704b7d6e-c410-4b7e-8dbd-4e9da35f4465 [2026-05-14T11:36:41.436205] npm notice To update run: npm install -g npm@11.14.1 (STDOUT, STG)#
#2026 05 14 11:37:09.107#Z#DEBUG#12f0546a-4f89-11f1-8186-eeee0a8da331.incident-management-db-deployer#flowable-async-job-executor-thread-1463#
[PollExecuteTaskStatusExecution] 704b7d6e-c410-4b7e-8dbd-4e9da35f4465 [2026-05-14T11:36:41.436207] npm notice (STDOUT, STG)#
#2026 05 14 11:37:09.107#Z#DEBUG#12f0546a-4f89-11f1-8186-eeee0a8da331.incident-management-db-deployer#flowable-async-job-executor-thread-1463#
[PollExecuteTaskStatusExecution] 704b7d6e-c410-4b7e-8dbd-4e9da35f4465 [2026-05-14T11:36:41.512318] Installing any new modules (package.json + package-lock.json) (STDOUT, STG)#
#2026 05 14 11:37:09.107#Z#DEBUG#12f0546a-4f89-11f1-8186-eeee0a8da331.incident-management-db-deployer#flowable-async-job-executor-thread-1463#
[PollExecuteTaskStatusExecution] 704b7d6e-c410-4b7e-8dbd-4e9da35f4465 [2026-05-14T11:36:42.043039] up to date in 439ms (STDOUT, STG)#
#2026 05 14 11:37:09.107#Z#DEBUG#12f0546a-4f89-11f1-8186-eeee0a8da331.incident-management-db-deployer#flowable-async-job-executor-thread-1463#
[PollExecuteTaskStatusExecution] 704b7d6e-c410-4b7e-8dbd-4e9da35f4465 [2026-05-14T11:36:42.043298] 4 packages are looking for funding (STDOUT, STG)#
#2026 05 14 11:37:09.107#Z#DEBUG#12f0546a-4f89-11f1-8186-eeee0a8da331.incident-management-db-deployer#flowable-async-job-executor-thread-1463#
[PollExecuteTaskStatusExecution] 704b7d6e-c410-4b7e-8dbd-4e9da35f4465 [2026-05-14T11:36:42.043425] run `npm fund` for details (STDOUT, STG)#
#2026 05 14 11:37:09.107#Z#DEBUG#12f0546a-4f89-11f1-8186-eeee0a8da331.incident-management-db-deployer#flowable-async-job-executor-thread-1463#
[PollExecuteTaskStatusExecution] 704b7d6e-c410-4b7e-8dbd-4e9da35f4465 [2026-05-14T11:36:43.020247] Contrast Security no credentials found. Will not write environment files. (STDOUT, STG)#
#2026 05 14 11:37:09.107#Z#DEBUG#12f0546a-4f89-11f1-8186-eeee0a8da331.incident-management-db-deployer#flowable-async-job-executor-thread-1463#
[PollExecuteTaskStatusExecution] 704b7d6e-c410-4b7e-8dbd-4e9da35f4465 [2026-05-14T11:36:52.674304] Exit status 0 (STDOUT, STG)#
#2026 05 14 11:37:09.107#Z#DEBUG#12f0546a-4f89-11f1-8186-eeee0a8da331.incident-management-db-deployer#flowable-async-job-executor-thread-1463#
[PollExecuteTaskStatusExecution] 704b7d6e-c410-4b7e-8dbd-4e9da35f4465 [2026-05-14T11:36:52.674431] Uploading droplet, build artifacts cache... (STDOUT, STG)#
#2026 05 14 11:37:09.107#Z#DEBUG#12f0546a-4f89-11f1-8186-eeee0a8da331.incident-management-db-deployer#flowable-async-job-executor-thread-1463#
[PollExecuteTaskStatusExecution] 704b7d6e-c410-4b7e-8dbd-4e9da35f4465 [2026-05-14T11:36:52.674532] Uploading droplet... (STDOUT, STG)#
#2026 05 14 11:37:09.107#Z#DEBUG#12f0546a-4f89-11f1-8186-eeee0a8da331.incident-management-db-deployer#flowable-async-job-executor-thread-1463#
[PollExecuteTaskStatusExecution] 704b7d6e-c410-4b7e-8dbd-4e9da35f4465 [2026-05-14T11:36:52.674591] Uploading build artifacts cache... (STDOUT, STG)#
#2026 05 14 11:37:09.107#Z#DEBUG#12f0546a-4f89-11f1-8186-eeee0a8da331.incident-management-db-deployer#flowable-async-job-executor-thread-1463#
[PollExecuteTaskStatusExecution] 704b7d6e-c410-4b7e-8dbd-4e9da35f4465 [2026-05-14T11:36:52.712954] Uploaded build artifacts cache (225B) (STDOUT, STG)#
#2026 05 14 11:37:09.107#Z#DEBUG#12f0546a-4f89-11f1-8186-eeee0a8da331.incident-management-db-deployer#flowable-async-job-executor-thread-1463#
[PollExecuteTaskStatusExecution] 704b7d6e-c410-4b7e-8dbd-4e9da35f4465 [2026-05-14T11:36:53.405742] Creating droplet for app with guid 704b7d6e-c410-4b7e-8dbd-4e9da35f4465 (STDOUT, API)#
#2026 05 14 11:37:09.107#Z#DEBUG#12f0546a-4f89-11f1-8186-eeee0a8da331.incident-management-db-deployer#flowable-async-job-executor-thread-1463#
[PollExecuteTaskStatusExecution] 704b7d6e-c410-4b7e-8dbd-4e9da35f4465 [2026-05-14T11:36:58.474422] Uploaded droplet (58.4M) (STDOUT, STG)#
#2026 05 14 11:37:09.107#Z#DEBUG#12f0546a-4f89-11f1-8186-eeee0a8da331.incident-management-db-deployer#flowable-async-job-executor-thread-1463#
[PollExecuteTaskStatusExecution] 704b7d6e-c410-4b7e-8dbd-4e9da35f4465 [2026-05-14T11:36:58.494978] Uploading complete (STDOUT, STG)#
#2026 05 14 11:37:09.107#Z#DEBUG#12f0546a-4f89-11f1-8186-eeee0a8da331.incident-management-db-deployer#flowable-async-job-executor-thread-1463#
[PollExecuteTaskStatusExecution] 704b7d6e-c410-4b7e-8dbd-4e9da35f4465 [2026-05-14T11:36:58.835144] Cell d1cc041a-d5a1-41d6-b9f6-6cda736ce3f0 stopping instance a3a50920-6c42-44ed-bf5b-6acd03df2971 (STDOUT, STG)#
#2026 05 14 11:37:09.107#Z#DEBUG#12f0546a-4f89-11f1-8186-eeee0a8da331.incident-management-db-deployer#flowable-async-job-executor-thread-1463#
[PollExecuteTaskStatusExecution] 704b7d6e-c410-4b7e-8dbd-4e9da35f4465 [2026-05-14T11:36:58.835187] Cell d1cc041a-d5a1-41d6-b9f6-6cda736ce3f0 destroying container for instance a3a50920-6c42-44ed-bf5b-6acd03df2971 (STDOUT, STG)#
#2026 05 14 11:37:09.107#Z#DEBUG#12f0546a-4f89-11f1-8186-eeee0a8da331.incident-management-db-deployer#flowable-async-job-executor-thread-1463#
[PollExecuteTaskStatusExecution] 704b7d6e-c410-4b7e-8dbd-4e9da35f4465 [2026-05-14T11:36:58.882739] Staging complete for build a3a50920-6c42-44ed-bf5b-6acd03df2971 (STDOUT, API)#
#2026 05 14 11:37:09.107#Z#DEBUG#12f0546a-4f89-11f1-8186-eeee0a8da331.incident-management-db-deployer#flowable-async-job-executor-thread-1463#
[PollExecuteTaskStatusExecution] 704b7d6e-c410-4b7e-8dbd-4e9da35f4465 [2026-05-14T11:36:59.338176] Updated app with guid 704b7d6e-c410-4b7e-8dbd-4e9da35f4465 ({:droplet_guid=>"6c6f995f-f2f6-4e7f-9c4c-4ed36e606d78"}) (STDOUT, API)#
#2026 05 14 11:37:09.107#Z#DEBUG#12f0546a-4f89-11f1-8186-eeee0a8da331.incident-management-db-deployer#flowable-async-job-executor-thread-1463#
[PollExecuteTaskStatusExecution] 704b7d6e-c410-4b7e-8dbd-4e9da35f4465 [2026-05-14T11:37:00.015297] Cell c839c7b1-088e-41af-b9b7-66256aacd457 creating container for instance 822b1fe8-288e-4d8f-9fb8-8a8836e012fa (STDOUT, CELL)#
#2026 05 14 11:37:09.107#Z#DEBUG#12f0546a-4f89-11f1-8186-eeee0a8da331.incident-management-db-deployer#flowable-async-job-executor-thread-1463#
[PollExecuteTaskStatusExecution] 704b7d6e-c410-4b7e-8dbd-4e9da35f4465 [2026-05-14T11:37:01.441223] Security group rules were updated (STDOUT, CELL)#
#2026 05 14 11:37:09.107#Z#DEBUG#12f0546a-4f89-11f1-8186-eeee0a8da331.incident-management-db-deployer#flowable-async-job-executor-thread-1463#
[PollExecuteTaskStatusExecution] 704b7d6e-c410-4b7e-8dbd-4e9da35f4465 [2026-05-14T11:37:01.560782] Cell c839c7b1-088e-41af-b9b7-66256aacd457 successfully created container for instance 822b1fe8-288e-4d8f-9fb8-8a8836e012fa (STDOUT, CELL)#
#2026 05 14 11:37:09.107#Z#DEBUG#12f0546a-4f89-11f1-8186-eeee0a8da331.incident-management-db-deployer#flowable-async-job-executor-thread-1463#
[PollExecuteTaskStatusExecution] 704b7d6e-c410-4b7e-8dbd-4e9da35f4465 [2026-05-14T11:37:02.274111] Cell d1cc041a-d5a1-41d6-b9f6-6cda736ce3f0 successfully destroyed container for instance a3a50920-6c42-44ed-bf5b-6acd03df2971 (STDOUT, STG)#
#2026 05 14 11:37:09.107#Z#DEBUG#12f0546a-4f89-11f1-8186-eeee0a8da331.incident-management-db-deployer#flowable-async-job-executor-thread-1463#
[PollExecuteTaskStatusExecution] 704b7d6e-c410-4b7e-8dbd-4e9da35f4465 [2026-05-14T11:37:06.315343] Invoking pre-start scripts. (STDOUT, APP/TASK/deploy)#
#2026 05 14 11:37:09.107#Z#DEBUG#12f0546a-4f89-11f1-8186-eeee0a8da331.incident-management-db-deployer#flowable-async-job-executor-thread-1463#
[PollExecuteTaskStatusExecution] 704b7d6e-c410-4b7e-8dbd-4e9da35f4465 [2026-05-14T11:37:06.517888] Invoking start command. (STDOUT, APP/TASK/deploy)#
#2026 05 14 11:37:09.107#Z#DEBUG#12f0546a-4f89-11f1-8186-eeee0a8da331.incident-management-db-deployer#flowable-async-job-executor-thread-1463#
[PollExecuteTaskStatusExecution] 704b7d6e-c410-4b7e-8dbd-4e9da35f4465 [2026-05-14T11:37:07.062004] > start (STDOUT, APP/TASK/deploy)#
#2026 05 14 11:37:09.107#Z#DEBUG#12f0546a-4f89-11f1-8186-eeee0a8da331.incident-management-db-deployer#flowable-async-job-executor-thread-1463#
[PollExecuteTaskStatusExecution] 704b7d6e-c410-4b7e-8dbd-4e9da35f4465 [2026-05-14T11:37:07.062036] > node node_modules/@sap/hdi-deploy/deploy.js --use-hdb --parameter com.sap.hana.di.table/try_fast_table_migration=true (STDOUT, APP/TASK/deploy)#
#2026 05 14 11:37:09.107#Z#DEBUG#12f0546a-4f89-11f1-8186-eeee0a8da331.incident-management-db-deployer#flowable-async-job-executor-thread-1463#
[PollExecuteTaskStatusExecution] 704b7d6e-c410-4b7e-8dbd-4e9da35f4465 [2026-05-14T11:37:07.235676] VCAP_SERVICES: (STDOUT, APP/TASK/deploy)#
#2026 05 14 11:37:09.107#Z#DEBUG#12f0546a-4f89-11f1-8186-eeee0a8da331.incident-management-db-deployer#flowable-async-job-executor-thread-1463#
[PollExecuteTaskStatusExecution] 704b7d6e-c410-4b7e-8dbd-4e9da35f4465 [2026-05-14T11:37:07.235846] { (STDOUT, APP/TASK/deploy)#
#2026 05 14 11:37:09.107#Z#DEBUG#12f0546a-4f89-11f1-8186-eeee0a8da331.incident-management-db-deployer#flowable-async-job-executor-thread-1463#
[PollExecuteTaskStatusExecution] 704b7d6e-c410-4b7e-8dbd-4e9da35f4465 [2026-05-14T11:37:07.235863] "hana": [ (STDOUT, APP/TASK/deploy)#
#2026 05 14 11:37:09.107#Z#DEBUG#12f0546a-4f89-11f1-8186-eeee0a8da331.incident-management-db-deployer#flowable-async-job-executor-thread-1463#
[PollExecuteTaskStatusExecution] 704b7d6e-c410-4b7e-8dbd-4e9da35f4465 [2026-05-14T11:37:07.235865] { (STDOUT, APP/TASK/deploy)#
#2026 05 14 11:37:09.107#Z#DEBUG#12f0546a-4f89-11f1-8186-eeee0a8da331.incident-management-db-deployer#flowable-async-job-executor-thread-1463#
[PollExecuteTaskStatusExecution] 704b7d6e-c410-4b7e-8dbd-4e9da35f4465 [2026-05-14T11:37:07.235869] "name": "incident-management-db", (STDOUT, APP/TASK/deploy)#
#2026 05 14 11:37:09.107#Z#DEBUG#12f0546a-4f89-11f1-8186-eeee0a8da331.incident-management-db-deployer#flowable-async-job-executor-thread-1463#
[PollExecuteTaskStatusExecution] 704b7d6e-c410-4b7e-8dbd-4e9da35f4465 [2026-05-14T11:37:07.235872] "label": "hana", (STDOUT, APP/TASK/deploy)#
#2026 05 14 11:37:09.107#Z#DEBUG#12f0546a-4f89-11f1-8186-eeee0a8da331.incident-management-db-deployer#flowable-async-job-executor-thread-1463#
[PollExecuteTaskStatusExecution] 704b7d6e-c410-4b7e-8dbd-4e9da35f4465 [2026-05-14T11:37:07.235879] "plan": "hdi-shared", (STDOUT, APP/TASK/deploy)#
#2026 05 14 11:37:09.107#Z#DEBUG#12f0546a-4f89-11f1-8186-eeee0a8da331.incident-management-db-deployer#flowable-async-job-executor-thread-1463#
[PollExecuteTaskStatusExecution] 704b7d6e-c410-4b7e-8dbd-4e9da35f4465 [2026-05-14T11:37:07.235882] "credentials": { (STDOUT, APP/TASK/deploy)#
#2026 05 14 11:37:09.107#Z#DEBUG#12f0546a-4f89-11f1-8186-eeee0a8da331.incident-management-db-deployer#flowable-async-job-executor-thread-1463#
[PollExecuteTaskStatusExecution] 704b7d6e-c410-4b7e-8dbd-4e9da35f4465 [2026-05-14T11:37:07.235885] "schema": "5B910FD501484AB0BA2F8DE3E2DA6D90", (STDOUT, APP/TASK/deploy)#
#2026 05 14 11:37:09.107#Z#DEBUG#12f0546a-4f89-11f1-8186-eeee0a8da331.incident-management-db-deployer#flowable-async-job-executor-thread-1463#
[PollExecuteTaskStatusExecution] 704b7d6e-c410-4b7e-8dbd-4e9da35f4465 [2026-05-14T11:37:07.235887] "database_id": "a39c7de3-6f67-45ce-beb8-e90a708f62b9", (STDOUT, APP/TASK/deploy)#
#2026 05 14 11:37:09.107#Z#DEBUG#12f0546a-4f89-11f1-8186-eeee0a8da331.incident-management-db-deployer#flowable-async-job-executor-thread-1463#
[PollExecuteTaskStatusExecution] 704b7d6e-c410-4b7e-8dbd-4e9da35f4465 [2026-05-14T11:37:07.235891] "user": "5B910FD501484AB0BA2F8DE3E2DA6D90_248JGWMAIRT2OEDQW67F4NEKS_RT", (STDOUT, APP/TASK/deploy)#
#2026 05 14 11:37:09.107#Z#DEBUG#12f0546a-4f89-11f1-8186-eeee0a8da331.incident-management-db-deployer#flowable-async-job-executor-thread-1463#
[PollExecuteTaskStatusExecution] 704b7d6e-c410-4b7e-8dbd-4e9da35f4465 [2026-05-14T11:37:07.235896] "hdi_user": "5B910FD501484AB0BA2F8DE3E2DA6D90_248JGWMAIRT2OEDQW67F4NEKS_DT" (STDOUT, APP/TASK/deploy)#
#2026 05 14 11:37:09.107#Z#DEBUG#12f0546a-4f89-11f1-8186-eeee0a8da331.incident-management-db-deployer#flowable-async-job-executor-thread-1463#
[PollExecuteTaskStatusExecution] 704b7d6e-c410-4b7e-8dbd-4e9da35f4465 [2026-05-14T11:37:07.235898] }, (STDOUT, APP/TASK/deploy)#
#2026 05 14 11:37:09.107#Z#DEBUG#12f0546a-4f89-11f1-8186-eeee0a8da331.incident-management-db-deployer#flowable-async-job-executor-thread-1463#
[PollExecuteTaskStatusExecution] 704b7d6e-c410-4b7e-8dbd-4e9da35f4465 [2026-05-14T11:37:07.235900] "tags": [ (STDOUT, APP/TASK/deploy)#
#2026 05 14 11:37:09.107#Z#DEBUG#12f0546a-4f89-11f1-8186-eeee0a8da331.incident-management-db-deployer#flowable-async-job-executor-thread-1463#
[PollExecuteTaskStatusExecution] 704b7d6e-c410-4b7e-8dbd-4e9da35f4465 [2026-05-14T11:37:07.235902] "hana", (STDOUT, APP/TASK/deploy)#
#2026 05 14 11:37:09.107#Z#DEBUG#12f0546a-4f89-11f1-8186-eeee0a8da331.incident-management-db-deployer#flowable-async-job-executor-thread-1463#
[PollExecuteTaskStatusExecution] 704b7d6e-c410-4b7e-8dbd-4e9da35f4465 [2026-05-14T11:37:07.235907] "database", (STDOUT, APP/TASK/deploy)#
#2026 05 14 11:37:09.107#Z#DEBUG#12f0546a-4f89-11f1-8186-eeee0a8da331.incident-management-db-deployer#flowable-async-job-executor-thread-1463#
[PollExecuteTaskStatusExecution] 704b7d6e-c410-4b7e-8dbd-4e9da35f4465 [2026-05-14T11:37:07.235909] "relational" (STDOUT, APP/TASK/deploy)#
#2026 05 14 11:37:09.107#Z#DEBUG#12f0546a-4f89-11f1-8186-eeee0a8da331.incident-management-db-deployer#flowable-async-job-executor-thread-1463#
[PollExecuteTaskStatusExecution] 704b7d6e-c410-4b7e-8dbd-4e9da35f4465 [2026-05-14T11:37:07.235911] ] (STDOUT, APP/TASK/deploy)#
#2026 05 14 11:37:09.107#Z#DEBUG#12f0546a-4f89-11f1-8186-eeee0a8da331.incident-management-db-deployer#flowable-async-job-executor-thread-1463#
[PollExecuteTaskStatusExecution] 704b7d6e-c410-4b7e-8dbd-4e9da35f4465 [2026-05-14T11:37:07.235913] } (STDOUT, APP/TASK/deploy)#
#2026 05 14 11:37:09.107#Z#DEBUG#12f0546a-4f89-11f1-8186-eeee0a8da331.incident-management-db-deployer#flowable-async-job-executor-thread-1463#
[PollExecuteTaskStatusExecution] 704b7d6e-c410-4b7e-8dbd-4e9da35f4465 [2026-05-14T11:37:07.235919] ] (STDOUT, APP/TASK/deploy)#
#2026 05 14 11:37:09.107#Z#DEBUG#12f0546a-4f89-11f1-8186-eeee0a8da331.incident-management-db-deployer#flowable-async-job-executor-thread-1463#
[PollExecuteTaskStatusExecution] 704b7d6e-c410-4b7e-8dbd-4e9da35f4465 [2026-05-14T11:37:07.235921] } (STDOUT, APP/TASK/deploy)#
#2026 05 14 11:37:19.099#Z#DEBUG#12f0546a-4f89-11f1-8186-eeee0a8da331.incident-management-db-deployer#flowable-async-job-executor-thread-2042#
[PollExecuteTaskStatusExecution] 704b7d6e-c410-4b7e-8dbd-4e9da35f4465 [2026-05-14T11:37:11.488406] @sap/hdi-deploy, version 5.6.1 (mode default), server version unknown (0.0.0.0), cloud version , node version 24.13.0, HDI version -1, container API version -1 (STDOUT, APP/TASK/deploy)#
#2026 05 14 11:37:19.099#Z#DEBUG#12f0546a-4f89-11f1-8186-eeee0a8da331.incident-management-db-deployer#flowable-async-job-executor-thread-2042#
[PollExecuteTaskStatusExecution] 704b7d6e-c410-4b7e-8dbd-4e9da35f4465 [2026-05-14T11:37:11.488784] Deployment started at 2026-05-14 11:37:11 (STDOUT, APP/TASK/deploy)#
#2026 05 14 11:37:19.099#Z#DEBUG#12f0546a-4f89-11f1-8186-eeee0a8da331.incident-management-db-deployer#flowable-async-job-executor-thread-2042#
[PollExecuteTaskStatusExecution] 704b7d6e-c410-4b7e-8dbd-4e9da35f4465 [2026-05-14T11:37:11.489097] Using hdb@2.27.1 for connection (STDOUT, APP/TASK/deploy)#
#2026 05 14 11:37:19.099#Z#DEBUG#12f0546a-4f89-11f1-8186-eeee0a8da331.incident-management-db-deployer#flowable-async-job-executor-thread-2042#
[PollExecuteTaskStatusExecution] 704b7d6e-c410-4b7e-8dbd-4e9da35f4465 [2026-05-14T11:37:11.489109] Detection of server version failed; root cause: HANA Database instance is stopped (STDOUT, APP/TASK/deploy)#
#2026 05 14 11:37:19.099#Z#DEBUG#12f0546a-4f89-11f1-8186-eeee0a8da331.incident-management-db-deployer#flowable-async-job-executor-thread-2042#
[PollExecuteTaskStatusExecution] 704b7d6e-c410-4b7e-8dbd-4e9da35f4465 [2026-05-14T11:37:11.489184] Detection of cloud version failed; root cause: HANA Database instance is stopped (STDOUT, APP/TASK/deploy)#
#2026 05 14 11:37:19.099#Z#DEBUG#12f0546a-4f89-11f1-8186-eeee0a8da331.incident-management-db-deployer#flowable-async-job-executor-thread-2042#
[PollExecuteTaskStatusExecution] 704b7d6e-c410-4b7e-8dbd-4e9da35f4465 [2026-05-14T11:37:11.489195] Detection of container API version failed; root cause: HANA Database instance is stopped (STDOUT, APP/TASK/deploy)#
#2026 05 14 11:37:19.099#Z#DEBUG#12f0546a-4f89-11f1-8186-eeee0a8da331.incident-management-db-deployer#flowable-async-job-executor-thread-2042#
[PollExecuteTaskStatusExecution] 704b7d6e-c410-4b7e-8dbd-4e9da35f4465 [2026-05-14T11:37:11.489282] Detection of HDI version failed; root cause: HANA Database instance is stopped (STDOUT, APP/TASK/deploy)#
#2026 05 14 11:37:19.099#Z#DEBUG#12f0546a-4f89-11f1-8186-eeee0a8da331.incident-management-db-deployer#flowable-async-job-executor-thread-2042#
[PollExecuteTaskStatusExecution] 704b7d6e-c410-4b7e-8dbd-4e9da35f4465 [2026-05-14T11:37:11.489746] Deployment ended at 2026-05-14 11:37:11 (STDOUT, APP/TASK/deploy)#
#2026 05 14 11:37:19.099#Z#DEBUG#12f0546a-4f89-11f1-8186-eeee0a8da331.incident-management-db-deployer#flowable-async-job-executor-thread-2042#
[PollExecuteTaskStatusExecution] 704b7d6e-c410-4b7e-8dbd-4e9da35f4465 [2026-05-14T11:37:11.489982] Error: Option parameter is not supported by the server; based on detected server version unknown (STDERR, APP/TASK/deploy)#
#2026 05 14 11:37:19.099#Z#DEBUG#12f0546a-4f89-11f1-8186-eeee0a8da331.incident-management-db-deployer#flowable-async-job-executor-thread-2042#
[PollExecuteTaskStatusExecution] 704b7d6e-c410-4b7e-8dbd-4e9da35f4465 [2026-05-14T11:37:11.490511] (4s 387ms) (STDOUT, APP/TASK/deploy)#
#2026 05 14 11:37:19.099#Z#DEBUG#12f0546a-4f89-11f1-8186-eeee0a8da331.incident-management-db-deployer#flowable-async-job-executor-thread-2042#
[PollExecuteTaskStatusExecution] 704b7d6e-c410-4b7e-8dbd-4e9da35f4465 [2026-05-14T11:37:11.519058] npm notice (STDERR, APP/TASK/deploy)#
#2026 05 14 11:37:19.099#Z#DEBUG#12f0546a-4f89-11f1-8186-eeee0a8da331.incident-management-db-deployer#flowable-async-job-executor-thread-2042#
[PollExecuteTaskStatusExecution] 704b7d6e-c410-4b7e-8dbd-4e9da35f4465 [2026-05-14T11:37:11.519088] npm notice New minor version of npm available! 11.6.2 -> 11.14.1 (STDERR, APP/TASK/deploy)#
#2026 05 14 11:37:19.099#Z#DEBUG#12f0546a-4f89-11f1-8186-eeee0a8da331.incident-management-db-deployer#flowable-async-job-executor-thread-2042#
[PollExecuteTaskStatusExecution] 704b7d6e-c410-4b7e-8dbd-4e9da35f4465 [2026-05-14T11:37:11.519092] npm notice Changelog: https://github.com/npm/cli/releases/tag/v11.14.1 (STDERR, APP/TASK/deploy)#
#2026 05 14 11:37:19.099#Z#DEBUG#12f0546a-4f89-11f1-8186-eeee0a8da331.incident-management-db-deployer#flowable-async-job-executor-thread-2042#
[PollExecuteTaskStatusExecution] 704b7d6e-c410-4b7e-8dbd-4e9da35f4465 [2026-05-14T11:37:11.519099] npm notice To update run: npm install -g npm@11.14.1 (STDERR, APP/TASK/deploy)#
#2026 05 14 11:37:19.099#Z#DEBUG#12f0546a-4f89-11f1-8186-eeee0a8da331.incident-management-db-deployer#flowable-async-job-executor-thread-2042#
[PollExecuteTaskStatusExecution] 704b7d6e-c410-4b7e-8dbd-4e9da35f4465 [2026-05-14T11:37:11.519101] npm notice (STDERR, APP/TASK/deploy)#
#2026 05 14 11:37:19.099#Z#DEBUG#12f0546a-4f89-11f1-8186-eeee0a8da331.incident-management-db-deployer#flowable-async-job-executor-thread-2042#
[PollExecuteTaskStatusExecution] 704b7d6e-c410-4b7e-8dbd-4e9da35f4465 [2026-05-14T11:37:11.609053] Exit status 1 (STDOUT, APP/TASK/deploy)#
#2026 05 14 11:37:19.099#Z#DEBUG#12f0546a-4f89-11f1-8186-eeee0a8da331.incident-management-db-deployer#flowable-async-job-executor-thread-2042#
[PollExecuteTaskStatusExecution] 704b7d6e-c410-4b7e-8dbd-4e9da35f4465 [2026-05-14T11:37:12.213693] Cell c839c7b1-088e-41af-b9b7-66256aacd457 stopping instance 822b1fe8-288e-4d8f-9fb8-8a8836e012fa (STDOUT, CELL)#
#2026 05 14 11:37:19.099#Z#DEBUG#12f0546a-4f89-11f1-8186-eeee0a8da331.incident-management-db-deployer#flowable-async-job-executor-thread-2042#
[PollExecuteTaskStatusExecution] 704b7d6e-c410-4b7e-8dbd-4e9da35f4465 [2026-05-14T11:37:12.213736] Cell c839c7b1-088e-41af-b9b7-66256aacd457 destroying container for instance 822b1fe8-288e-4d8f-9fb8-8a8836e012fa (STDOUT, CELL)#
#2026 05 14 11:37:19.099#Z#DEBUG#12f0546a-4f89-11f1-8186-eeee0a8da331.incident-management-db-deployer#flowable-async-job-executor-thread-2042#
[PollExecuteTaskStatusExecution] 704b7d6e-c410-4b7e-8dbd-4e9da35f4465 [2026-05-14T11:37:14.613653] Cell c839c7b1-088e-41af-b9b7-66256aacd457 successfully destroyed container for instance 822b1fe8-288e-4d8f-9fb8-8a8836e012fa (STDOUT, CELL)#
