#2026 05 14 11:35:57.205#Z#INFO#12f0546a-4f89-11f1-8186-eeee0a8da331.OPERATION#http-nio-0.0.0.0-8080-exec-7#
[XS2StartProcessListener] Operation ID: 12f0546a-4f89-11f1-8186-eeee0a8da331#
#2026 05 14 11:35:57.224#Z#DEBUG#12f0546a-4f89-11f1-8186-eeee0a8da331.OPERATION#http-nio-0.0.0.0-8080-exec-7#
[XS2StartProcessListener] Process environment: {
  "SKIP_SSL_VALIDATION" : "false",
  "FLOWABLE_JOB_EXECUTOR_MAX_THREADS" : "32",
  "VERSION" : "2.45.0",
  "BASIC_AUTH_ENABLED" : "true",
  "FLOWABLE_JOB_EXECUTOR_QUEUE_CAPACITY" : "16",
  "FLOWABLE_JOB_EXECUTOR_CORE_THREADS" : "8"
}#
#2026 05 14 11:35:57.224#Z#DEBUG#12f0546a-4f89-11f1-8186-eeee0a8da331.OPERATION#http-nio-0.0.0.0-8080-exec-7#
[XS2StartProcessListener] Current user: mohamed11.nicer.ext@nttdata.com#
#2026 05 14 11:35:57.224#Z#DEBUG#12f0546a-4f89-11f1-8186-eeee0a8da331.OPERATION#http-nio-0.0.0.0-8080-exec-7#
[XS2StartProcessListener] Client space: dev#
#2026 05 14 11:35:57.224#Z#DEBUG#12f0546a-4f89-11f1-8186-eeee0a8da331.OPERATION#http-nio-0.0.0.0-8080-exec-7#
[XS2StartProcessListener] Client organization: 922f8253trial#
#2026 05 14 11:35:57.224#Z#INFO#12f0546a-4f89-11f1-8186-eeee0a8da331.OPERATION#http-nio-0.0.0.0-8080-exec-7#
[XS2StartProcessListener] Process variables: {
  "keepFiles" : false,
  "skipAppDigestCalculation" : false,
  "abortOnError" : false,
  "mtaId" : "incident-management",
  "noFailOnMissingPermissions" : false,
  "isSecurityEnabled" : false,
  "apiRequestPath" : "https://deploy-service.cf.us10-001.hana.ondemand.com/api/v1/spaces/fbd7e39b-aea9-4686-afbf-72d94ec62a35/operations",
  "deleteServiceBrokers" : false,
  "appArchiveId" : "c9170f84-6f8e-4f8b-8851-c68edc976674",
  "isDisposableUserProvidedServiceEnabled" : false,
  "deleteServiceKeys" : false,
  "noRestartSubscribedApps" : false,
  "noStart" : false,
  "deleteServices" : false
}#
#2026 05 14 11:35:57.271#Z#DEBUG#12f0546a-4f89-11f1-8186-eeee0a8da331.OPERATION#flowable-async-job-executor-thread-1414#
[ValidateDeployParametersStep] Executing task "validateParametersTask" of process "12f05490-4f89-11f1-8186-eeee0a8da331"...#
#2026 05 14 11:35:57.271#Z#DEBUG#12f0546a-4f89-11f1-8186-eeee0a8da331.OPERATION#flowable-async-job-executor-thread-1414#
[ValidateDeployParametersStep] Validating parameters...#
#2026 05 14 11:35:57.273#Z#INFO#12f0546a-4f89-11f1-8186-eeee0a8da331.OPERATION#flowable-async-job-executor-thread-1414#
[ValidateDeployParametersStep] Size of mtars is 8,949,129 and size of extension descriptors is 0#
#2026 05 14 11:35:57.302#Z#INFO#12f0546a-4f89-11f1-8186-eeee0a8da331.OPERATION#flowable-async-job-executor-thread-1414#
[ValidateDeployParametersStep] Archive was not split! Total size in bytes: 8,949,129#
#2026 05 14 11:35:57.302#Z#INFO#12f0546a-4f89-11f1-8186-eeee0a8da331.OPERATION#flowable-async-job-executor-thread-1414#
[ValidateDeployParametersStep] Deploying in org "922f8253trial" and space "dev"#
#2026 05 14 11:35:57.307#Z#DEBUG#12f0546a-4f89-11f1-8186-eeee0a8da331.OPERATION#flowable-async-job-executor-thread-1414#
[ValidateDeployParametersStep] Parameters validated#
#2026 05 14 11:35:57.307#Z#DEBUG#12f0546a-4f89-11f1-8186-eeee0a8da331.OPERATION#flowable-async-job-executor-thread-1414#
Step "Validate Parameters" finished#
#2026 05 14 11:35:57.334#Z#DEBUG#12f0546a-4f89-11f1-8186-eeee0a8da331.OPERATION#flowable-async-job-executor-thread-1415#
[DeleteRemainingFileParts] Executing task "deleteRemainingFileParts" of process "12f05490-4f89-11f1-8186-eeee0a8da331"...#
#2026 05 14 11:35:57.334#Z#DEBUG#12f0546a-4f89-11f1-8186-eeee0a8da331.OPERATION#flowable-async-job-executor-thread-1415#
Step "Delete Remaining File Parts" finished#
#2026 05 14 11:35:57.358#Z#DEBUG#12f0546a-4f89-11f1-8186-eeee0a8da331.OPERATION#flowable-async-job-executor-thread-1416#
[XS2ProcessMtaArchiveStep] Executing task "processArchiveTask" of process "12f05490-4f89-11f1-8186-eeee0a8da331"...#
#2026 05 14 11:35:57.359#Z#DEBUG#12f0546a-4f89-11f1-8186-eeee0a8da331.OPERATION#flowable-async-job-executor-thread-1416#
[XS2ProcessMtaArchiveStep] Processing MTA archive...#
#2026 05 14 11:35:57.359#Z#DEBUG#12f0546a-4f89-11f1-8186-eeee0a8da331.OPERATION#flowable-async-job-executor-thread-1416#
[XS2ProcessMtaArchiveStep] MTA Archive ID: c9170f84-6f8e-4f8b-8851-c68edc976674#
#2026 05 14 11:35:57.592#Z#DEBUG#12f0546a-4f89-11f1-8186-eeee0a8da331.OPERATION#flowable-async-job-executor-thread-1416#
[XS2ProcessMtaArchiveStep] MTA Descriptor length: 3,144#
#2026 05 14 11:35:57.592#Z#DEBUG#12f0546a-4f89-11f1-8186-eeee0a8da331.OPERATION#flowable-async-job-executor-thread-1416#
[XS2ProcessMtaArchiveStep] MTA Archive Modules: [incident-management-app-deployer, incident-management-db-deployer, incident-management-srv]#
#2026 05 14 11:35:57.592#Z#DEBUG#12f0546a-4f89-11f1-8186-eeee0a8da331.OPERATION#flowable-async-job-executor-thread-1416#
[XS2ProcessMtaArchiveStep] MTA Archive Requires: []#
#2026 05 14 11:35:57.592#Z#DEBUG#12f0546a-4f89-11f1-8186-eeee0a8da331.OPERATION#flowable-async-job-executor-thread-1416#
[XS2ProcessMtaArchiveStep] MTA Archive Resources: [incident-management-auth]#
#2026 05 14 11:35:57.600#Z#DEBUG#12f0546a-4f89-11f1-8186-eeee0a8da331.OPERATION#flowable-async-job-executor-thread-1416#
[XS2ProcessMtaArchiveStep] MTA archive processed#
#2026 05 14 11:35:57.600#Z#DEBUG#12f0546a-4f89-11f1-8186-eeee0a8da331.OPERATION#flowable-async-job-executor-thread-1416#
Step "Process Archive" finished#
#2026 05 14 11:35:57.635#Z#DEBUG#12f0546a-4f89-11f1-8186-eeee0a8da331.OPERATION#flowable-async-job-executor-thread-1417#
[ProcessMtaExtensionDescriptorsStep] Executing task "processExtensionDescriptorsTask" of process "12f05490-4f89-11f1-8186-eeee0a8da331"...#
#2026 05 14 11:35:57.636#Z#DEBUG#12f0546a-4f89-11f1-8186-eeee0a8da331.OPERATION#flowable-async-job-executor-thread-1417#
[ProcessMtaExtensionDescriptorsStep] Processing MTA extension descriptors...#
#2026 05 14 11:35:57.637#Z#DEBUG#12f0546a-4f89-11f1-8186-eeee0a8da331.OPERATION#flowable-async-job-executor-thread-1417#
[ProcessMtaExtensionDescriptorsStep] Provided extension descriptors: [ ]#
#2026 05 14 11:35:57.637#Z#DEBUG#12f0546a-4f89-11f1-8186-eeee0a8da331.OPERATION#flowable-async-job-executor-thread-1417#
[ProcessMtaExtensionDescriptorsStep] No extension descriptors in use#
#2026 05 14 11:35:57.637#Z#DEBUG#12f0546a-4f89-11f1-8186-eeee0a8da331.OPERATION#flowable-async-job-executor-thread-1417#
[ProcessMtaExtensionDescriptorsStep] MTA extension descriptors processed#
#2026 05 14 11:35:57.637#Z#DEBUG#12f0546a-4f89-11f1-8186-eeee0a8da331.OPERATION#flowable-async-job-executor-thread-1417#
Step "Process Extension Descriptors" finished#
#2026 05 14 11:35:57.667#Z#DEBUG#12f0546a-4f89-11f1-8186-eeee0a8da331.OPERATION#flowable-async-job-executor-thread-1418#
[XS2DetectMtaSchemaVersionStep] Executing task "detectSchemaVersionTask" of process "12f05490-4f89-11f1-8186-eeee0a8da331"...#
#2026 05 14 11:35:57.668#Z#DEBUG#12f0546a-4f89-11f1-8186-eeee0a8da331.OPERATION#flowable-async-job-executor-thread-1418#
[XS2DetectMtaSchemaVersionStep] Detecting MTA major schema version...#
#2026 05 14 11:35:57.669#Z#INFO#12f0546a-4f89-11f1-8186-eeee0a8da331.OPERATION#flowable-async-job-executor-thread-1418#
[XS2DetectMtaSchemaVersionStep] Detected MTA schema version: "3"#
#2026 05 14 11:35:57.674#Z#DEBUG#12f0546a-4f89-11f1-8186-eeee0a8da331.OPERATION#flowable-async-job-executor-thread-1418#
Step "Detect Schema Version" finished#
#2026 05 14 11:35:57.703#Z#DEBUG#12f0546a-4f89-11f1-8186-eeee0a8da331.OPERATION#flowable-async-job-executor-thread-1419#
[MergeDescriptorsStep] Executing task "mergeDescriptorsTask" of process "12f05490-4f89-11f1-8186-eeee0a8da331"...#
#2026 05 14 11:35:57.704#Z#DEBUG#12f0546a-4f89-11f1-8186-eeee0a8da331.OPERATION#flowable-async-job-executor-thread-1419#
[MergeDescriptorsStep] Validating and merging descriptors...#
#2026 05 14 11:35:57.707#Z#DEBUG#12f0546a-4f89-11f1-8186-eeee0a8da331.OPERATION#flowable-async-job-executor-thread-1419#
[MergeDescriptorsStep] Merged deployment descriptor: {
  "majorSchemaVersion" : 3,
  "schemaVersion" : "3.3.0",
  "id" : "incident-management",
  "version" : "1.0.0",
  "modules" : [ {
    "majorSchemaVersion" : 3,
    "name" : "incident-management-srv",
    "type" : "javascript.nodejs",
    "path" : "incident-management-srv",
    "properties" : { },
    "parameters" : {
      "buildpack" : "nodejs_buildpack",
      "instances" : 1
    },
    "requiredDependencies" : [ {
      "majorSchemaVersion" : 3,
      "name" : "********",
      "properties" : { },
      "parameters" : { },
      "propertiesMetadata" : {
        "metadata" : { }
      },
      "parametersMetadata" : {
        "metadata" : { }
      }
    }, {
      "majorSchemaVersion" : 3,
      "name" : "incident-management-db",
      "properties" : { },
      "parameters" : { },
      "propertiesMetadata" : {
        "metadata" : { }
      },
      "parametersMetadata" : {
        "metadata" : { }
      }
    }, {
      "majorSchemaVersion" : 3,
      "name" : "incident-management-destination",
      "properties" : { },
      "parameters" : { },
      "propertiesMetadata" : {
        "metadata" : { }
      },
      "parametersMetadata" : {
        "metadata" : { }
      }
    } ],
    "providedDependencies" : [ {
      "majorSchemaVersion" : 3,
      "name" : "srv-api",
      "isPublic" : false,
      "properties" : {
        "srv-url" : "${default-url}"
      },
      "parameters" : { },
      "propertiesMetadata" : {
        "metadata" : { }
      },
      "parametersMetadata" : {
        "metadata" : { }
      }
    }, {
      "majorSchemaVersion" : 3,
      "name" : "incident-management-srv",
      "isPublic" : false,
      "properties" : { },
      "parameters" : { },
      "propertiesMetadata" : {
        "metadata" : { }
      },
      "parametersMetadata" : {
        "metadata" : { }
      }
    } ],
    "propertiesMetadata" : {
      "metadata" : { }
    },
    "parametersMetadata" : {
      "metadata" : { }
    },
    "hooks" : [ ]
  }, {
    "majorSchemaVersion" : 3,
    "name" : "incident-management-db-deployer",
    "type" : "com.sap.xs.hdi",
    "path" : "incident-management-db-deployer",
    "properties" : {
      "EXIT" : 1
    },
    "parameters" : {
      "memory" : "256M",
      "buildpack" : "nodejs_buildpack",
      "no-route" : true,
      "dependency-type" : "hard",
      "tasks" : [ {
        "name" : "deploy",
        "memory" : "256M",
        "command" : "npm start"
      } ],
      "no-start" : true
    },
    "requiredDependencies" : [ {
      "majorSchemaVersion" : 3,
      "name" : "incident-management-db",
      "properties" : { },
      "parameters" : { },
      "propertiesMetadata" : {
        "metadata" : { }
      },
      "parametersMetadata" : {
        "metadata" : { }
      }
    } ],
    "providedDependencies" : [ {
      "majorSchemaVersion" : 3,
      "name" : "incident-management-db-deployer",
      "isPublic" : false,
      "properties" : { },
      "parameters" : { },
      "propertiesMetadata" : {
        "metadata" : { }
      },
      "parametersMetadata" : {
        "metadata" : { }
      }
    } ],
    "propertiesMetadata" : {
      "metadata" : { }
    },
    "parametersMetadata" : {
      "metadata" : { }
    },
    "hooks" : [ ]
  }, {
    "majorSchemaVersion" : 3,
    "name" : "incident-management-app-deployer",
    "type" : "com.sap.application.content",
    "path" : "incident-management-app-deployer",
    "properties" : { },
    "parameters" : {
      "config" : {
        "destinations" : [ {
          "Authentication" : "********",
          "HTML5.DynamicDestination" : true,
          "HTML5.ForwardAuthToken" : "********",
          "Name" : "srv-api",
          "ProxyType" : "Internet",
          "Type" : "HTTP",
          "URL" : "~{srv-api/srv-url}"
        } ]
      }
    },
    "requiredDependencies" : [ {
      "majorSchemaVersion" : 3,
      "name" : "********",
      "properties" : { },
      "parameters" : { },
      "propertiesMetadata" : {
        "metadata" : { }
      },
      "parametersMetadata" : {
        "metadata" : { }
      }
    }, {
      "majorSchemaVersion" : 3,
      "name" : "srv-api",
      "properties" : { },
      "parameters" : { },
      "propertiesMetadata" : {
        "metadata" : { }
      },
      "parametersMetadata" : {
        "metadata" : { }
      }
    }, {
      "majorSchemaVersion" : 3,
      "name" : "incident-management-html5-repo-host",
      "properties" : { },
      "parameters" : {
        "content-target" : true
      },
      "propertiesMetadata" : {
        "metadata" : { }
      },
      "parametersMetadata" : {
        "metadata" : { }
      }
    } ],
    "providedDependencies" : [ {
      "majorSchemaVersion" : 3,
      "name" : "incident-management-app-deployer",
      "isPublic" : false,
      "properties" : { },
      "parameters" : { },
      "propertiesMetadata" : {
        "metadata" : { }
      },
      "parametersMetadata" : {
        "metadata" : { }
      }
    } ],
    "propertiesMetadata" : {
      "metadata" : { }
    },
    "parametersMetadata" : {
      "metadata" : { }
    },
    "hooks" : [ ]
  }, {
    "majorSchemaVersion" : 3,
    "name" : "incident-management-destinations",
    "type" : "com.sap.application.content",
    "properties" : { },
    "parameters" : {
      "content" : {
        "instance" : {
          "destinations" : [ {
            "Name" : "incident-management-html5-repository",
            "ServiceInstanceName" : "incident-management-html5-repo-host",
            "ServiceKeyName" : "********",
            "sap.cloud.service" : "incidentmanagement.service"
          }, {
            "Authentication" : "********",
            "Name" : "********",
            "ServiceInstanceName" : "********",
            "ServiceKeyName" : "********",
            "sap.cloud.service" : "incidentmanagement.service"
          } ],
          "existing_destinations_policy" : "update"
        }
      }
    },
    "requiredDependencies" : [ {
      "majorSchemaVersion" : 3,
      "name" : "********",
      "properties" : { },
      "parameters" : {
        "service-key" : "********"
      },
      "propertiesMetadata" : {
        "metadata" : { }
      },
      "parametersMetadata" : {
        "metadata" : { }
      }
    }, {
      "majorSchemaVersion" : 3,
      "name" : "incident-management-html5-repo-host",
      "properties" : { },
      "parameters" : {
        "service-key" : "********"
      },
      "propertiesMetadata" : {
        "metadata" : { }
      },
      "parametersMetadata" : {
        "metadata" : { }
      }
    }, {
      "majorSchemaVersion" : 3,
      "name" : "incident-management-destination",
      "properties" : { },
      "parameters" : {
        "content-target" : true
      },
      "propertiesMetadata" : {
        "metadata" : { }
      },
      "parametersMetadata" : {
        "metadata" : { }
      }
    } ],
    "providedDependencies" : [ {
      "majorSchemaVersion" : 3,
      "name" : "incident-management-destinations",
      "isPublic" : false,
      "properties" : { },
      "parameters" : { },
      "propertiesMetadata" : {
        "metadata" : { }
      },
      "parametersMetadata" : {
        "metadata" : { }
      }
    } ],
    "propertiesMetadata" : {
      "metadata" : { }
    },
    "parametersMetadata" : {
      "metadata" : { }
    },
    "hooks" : [ ]
  } ],
  "resources" : [ {
    "majorSchemaVersion" : 3,
    "name" : "********",
    "type" : "org.cloudfoundry.managed-service",
    "properties" : { },
    "parameters" : {
      "path" : "./xs-security.json",
      "service-plan" : "application",
      "type" : "managed-service",
      "config" : {
        "tenant-mode" : "dedicated",
        "xsappname" : "incident-management-${org}-${space}"
      },
      "service" : "xsuaa"
    },
    "isActive" : true,
    "isOptional" : false,
    "propertiesMetadata" : {
      "metadata" : { }
    },
    "parametersMetadata" : {
      "metadata" : { }
    },
    "requiredDependencies" : [ ],
    "processedAfter" : [ ]
  }, {
    "majorSchemaVersion" : 3,
    "name" : "incident-management-db",
    "type" : "com.sap.xs.hdi-container",
    "properties" : { },
    "parameters" : {
      "type" : "managed-service",
      "service" : "hana",
      "service-plan" : "hdi-shared"
    },
    "isActive" : true,
    "isOptional" : false,
    "propertiesMetadata" : {
      "metadata" : { }
    },
    "parametersMetadata" : {
      "metadata" : { }
    },
    "requiredDependencies" : [ ],
    "processedAfter" : [ ]
  }, {
    "majorSchemaVersion" : 3,
    "name" : "incident-management-destination",
    "type" : "org.cloudfoundry.managed-service",
    "properties" : { },
    "parameters" : {
      "service-plan" : "lite",
      "type" : "managed-service",
      "config" : {
        "HTML5Runtime_enabled" : true
      },
      "service" : "destination"
    },
    "isActive" : true,
    "isOptional" : false,
    "propertiesMetadata" : {
      "metadata" : { }
    },
    "parametersMetadata" : {
      "metadata" : { }
    },
    "requiredDependencies" : [ ],
    "processedAfter" : [ ]
  }, {
    "majorSchemaVersion" : 3,
    "name" : "incident-management-html5-repo-host",
    "type" : "org.cloudfoundry.managed-service",
    "properties" : { },
    "parameters" : {
      "type" : "managed-service",
      "service" : "html5-apps-repo",
      "service-plan" : "app-host"
    },
    "isActive" : true,
    "isOptional" : false,
    "propertiesMetadata" : {
      "metadata" : { }
    },
    "parametersMetadata" : {
      "metadata" : { }
    },
    "requiredDependencies" : [ ],
    "processedAfter" : [ ]
  } ],
  "parameters" : {
    "enable-parallel-deployments" : true,
    "deploy_mode" : "html5-repo"
  },
  "parametersMetadata" : {
    "metadata" : { }
  }
}#
#2026 05 14 11:35:57.708#Z#DEBUG#12f0546a-4f89-11f1-8186-eeee0a8da331.OPERATION#flowable-async-job-executor-thread-1419#
[MergeDescriptorsStep] Descriptors validated and merged#
#2026 05 14 11:35:57.708#Z#DEBUG#12f0546a-4f89-11f1-8186-eeee0a8da331.OPERATION#flowable-async-job-executor-thread-1419#
Step "Merge Descriptors" finished#
#2026 05 14 11:35:57.738#Z#DEBUG#12f0546a-4f89-11f1-8186-eeee0a8da331.OPERATION#flowable-async-job-executor-thread-1420#
[DetectDeployedMtaStep] Executing task "detectDeployedMtaTask" of process "12f05490-4f89-11f1-8186-eeee0a8da331"...#
#2026 05 14 11:35:57.739#Z#DEBUG#12f0546a-4f89-11f1-8186-eeee0a8da331.OPERATION#flowable-async-job-executor-thread-1420#
[DetectDeployedMtaStep] Detecting deployed MTA...#
#2026 05 14 11:35:57.740#Z#DEBUG#12f0546a-4f89-11f1-8186-eeee0a8da331.OPERATION#flowable-async-job-executor-thread-1420#
[DetectDeployedMtaStep] Detecting MTA by id incident-management and namespace null#
#2026 05 14 11:35:57.740#Z#DEBUG#12f0546a-4f89-11f1-8186-eeee0a8da331.OPERATION#flowable-async-job-executor-thread-1420#
[DetectDeployedMtaStep] Getting applications by metadata label selector "mta_id=65411f2f607a75efbe525f81cfecafad,!mta_namespace"...#
#2026 05 14 11:35:57.787#Z#DEBUG#12f0546a-4f89-11f1-8186-eeee0a8da331.OPERATION#flowable-async-job-executor-thread-1420#
[DetectDeployedMtaStep] Getting service instances by metadata label selector "mta_id=65411f2f607a75efbe525f81cfecafad,!mta_namespace"...#
#2026 05 14 11:35:58.003#Z#DEBUG#12f0546a-4f89-11f1-8186-eeee0a8da331.OPERATION#flowable-async-job-executor-thread-1420#
[DetectDeployedMtaStep] Deployed MTA: {
  "metadata" : {
    "id" : "incident-management",
    "version" : "1.0.0"
  },
  "applications" : [ {
    "name" : "incident-management-srv",
    "metadata" : {
      "guid" : "2492ac56-a2da-4631-b25a-332a89a4684c",
      "createdAt" : [ 2026, 5, 13, 12, 32, 24 ],
      "updatedAt" : [ 2026, 5, 14, 11, 32, 28 ]
    },
    "v3Metadata" : {
      "annotations" : {
        "mta_id" : "incident-management",
        "mta_version" : "1.0.0",
        "mta_module" : "{\"name\":\"incident-management-srv\"}",
        "mta_module_provided_dependencies" : "[]",
        "mta_bound_services" : "********"
      },
      "labels" : {
        "mta_id" : "65411f2f607a75efbe525f81cfecafad"
      }
    },
    "state" : "STARTED",
    "lifecycle" : {
      "type" : "BUILDPACK",
      "data" : {
        "buildpacks" : [ "nodejs_buildpack" ],
        "stack" : "cflinuxfs4"
      }
    },
    "space" : {
      "name" : "dev",
      "metadata" : {
        "guid" : "fbd7e39b-aea9-4686-afbf-72d94ec62a35",
        "createdAt" : [ 2026, 5, 12, 9, 14, 1 ],
        "updatedAt" : [ 2026, 5, 12, 9, 14, 1 ]
      },
      "organization" : {
        "name" : "922f8253trial",
        "metadata" : {
          "guid" : "14eeb614-6e79-4ebc-aaef-3126f44263da",
          "createdAt" : [ 2026, 5, 12, 9, 13, 59 ],
          "updatedAt" : [ 2026, 5, 12, 9, 14, 1 ]
        }
      }
    },
    "moduleName" : "incident-management-srv",
    "boundMtaServices" : [ "********", "incident-management-db", "incident-management-destination" ],
    "providedDependencyNames" : [ ],
    "productizationState" : "LIVE"
  }, {
    "name" : "incident-management-db-deployer",
    "metadata" : {
      "guid" : "704b7d6e-c410-4b7e-8dbd-4e9da35f4465",
      "createdAt" : [ 2026, 5, 13, 12, 32, 24 ],
      "updatedAt" : [ 2026, 5, 14, 11, 31, 56 ]
    },
    "v3Metadata" : {
      "annotations" : {
        "mta_id" : "incident-management",
        "mta_version" : "1.0.0",
        "mta_module" : "{\"name\":\"incident-management-db-deployer\"}",
        "mta_module_provided_dependencies" : "[]",
        "mta_bound_services" : "[\"incident-management-db\"]"
      },
      "labels" : {
        "mta_id" : "65411f2f607a75efbe525f81cfecafad"
      }
    },
    "state" : "STOPPED",
    "lifecycle" : {
      "type" : "BUILDPACK",
      "data" : {
        "buildpacks" : [ "nodejs_buildpack" ],
        "stack" : "cflinuxfs4"
      }
    },
    "space" : {
      "name" : "dev",
      "metadata" : {
        "guid" : "fbd7e39b-aea9-4686-afbf-72d94ec62a35",
        "createdAt" : [ 2026, 5, 12, 9, 14, 1 ],
        "updatedAt" : [ 2026, 5, 12, 9, 14, 1 ]
      },
      "organization" : {
        "name" : "922f8253trial",
        "metadata" : {
          "guid" : "14eeb614-6e79-4ebc-aaef-3126f44263da",
          "createdAt" : [ 2026, 5, 12, 9, 13, 59 ],
          "updatedAt" : [ 2026, 5, 12, 9, 14, 1 ]
        }
      }
    },
    "moduleName" : "incident-management-db-deployer",
    "boundMtaServices" : [ "incident-management-db" ],
    "providedDependencyNames" : [ ],
    "productizationState" : "LIVE"
  } ],
  "services" : [ {
    "name" : "incident-management-db",
    "metadata" : {
      "guid" : "a20afc5d-265f-435f-942c-42adef588a28",
      "createdAt" : [ 2026, 5, 13, 12, 20, 17 ],
      "updatedAt" : [ 2026, 5, 13, 12, 20, 17 ]
    },
    "v3Metadata" : {
      "annotations" : {
        "mta_id" : "incident-management",
        "mta_version" : "1.0.0",
        "mta_resource" : "{\"name\":\"incident-management-db\"}"
      },
      "labels" : {
        "mta_id" : "65411f2f607a75efbe525f81cfecafad"
      }
    },
    "label" : "hana",
    "plan" : "hdi-shared",
    "credentials" : "********",
    "tags" : [ ],
    "type" : "managed",
    "lastOperation" : {
      "type" : "CREATE",
      "state" : "SUCCEEDED"
    },
    "resourceName" : "incident-management-db"
  }, {
    "name" : "incident-management-html5-repo-host",
    "metadata" : {
      "guid" : "90fab6c6-9c4f-4a67-97db-1561734b2247",
      "createdAt" : [ 2026, 5, 13, 12, 20, 16 ],
      "updatedAt" : [ 2026, 5, 13, 12, 20, 17 ]
    },
    "v3Metadata" : {
      "annotations" : {
        "mta_id" : "incident-management",
        "mta_version" : "1.0.0",
        "mta_resource" : "{\"name\":\"incident-management-html5-repo-host\"}"
      },
      "labels" : {
        "mta_id" : "65411f2f607a75efbe525f81cfecafad"
      }
    },
    "label" : "html5-apps-repo",
    "plan" : "app-host",
    "credentials" : "********",
    "tags" : [ ],
    "type" : "managed",
    "lastOperation" : {
      "type" : "CREATE",
      "description" : "",
      "state" : "SUCCEEDED"
    },
    "resourceName" : "incident-management-html5-repo-host"
  }, {
    "name" : "incident-management-destination",
    "metadata" : {
      "guid" : "e8017414-0632-43de-871a-618d3916a47f",
      "createdAt" : [ 2026, 5, 13, 12, 20, 15 ],
      "updatedAt" : [ 2026, 5, 13, 12, 20, 17 ]
    },
    "v3Metadata" : {
      "annotations" : {
        "mta_id" : "incident-management",
        "mta_version" : "1.0.0",
        "mta_resource" : "{\"name\":\"incident-management-destination\"}"
      },
      "labels" : {
        "mta_id" : "65411f2f607a75efbe525f81cfecafad"
      }
    },
    "label" : "destination",
    "plan" : "lite",
    "credentials" : "********",
    "tags" : [ ],
    "type" : "managed",
    "lastOperation" : {
      "type" : "UPDATE",
      "description" : "",
      "state" : "SUCCEEDED"
    },
    "resourceName" : "incident-management-destination"
  }, {
    "name" : "********",
    "metadata" : {
      "guid" : "6a543eab-276c-40b9-b824-66e96a455d3c",
      "createdAt" : [ 2026, 5, 13, 12, 32, 6 ],
      "updatedAt" : [ 2026, 5, 13, 12, 32, 8 ]
    },
    "v3Metadata" : {
      "annotations" : {
        "mta_id" : "incident-management",
        "mta_version" : "1.0.0",
        "mta_resource" : "********"
      },
      "labels" : {
        "mta_id" : "65411f2f607a75efbe525f81cfecafad"
      }
    },
    "label" : "xsuaa",
    "plan" : "application",
    "credentials" : "********",
    "tags" : [ ],
    "type" : "managed",
    "lastOperation" : {
      "type" : "UPDATE",
      "description" : "",
      "state" : "SUCCEEDED"
    },
    "resourceName" : "********"
  } ]
}#
#2026 05 14 11:35:58.004#Z#INFO#12f0546a-4f89-11f1-8186-eeee0a8da331.OPERATION#flowable-async-job-executor-thread-1420#
[DetectDeployedMtaStep] Detected deployed MTA with ID "incident-management" and version "1.0.0"#
#2026 05 14 11:35:58.008#Z#DEBUG#12f0546a-4f89-11f1-8186-eeee0a8da331.OPERATION#flowable-async-job-executor-thread-1420#
[DetectDeployedMtaStep] Detecting backup mta by id "incident-management" and namespace "null"#
#2026 05 14 11:35:58.008#Z#DEBUG#12f0546a-4f89-11f1-8186-eeee0a8da331.OPERATION#flowable-async-job-executor-thread-1420#
[DetectDeployedMtaStep] Getting applications by metadata label selector "mta_id=65411f2f607a75efbe525f81cfecafad,mta_namespace=b698114a0995e936895b9598a6c19a2c"...#
#2026 05 14 11:35:58.048#Z#DEBUG#12f0546a-4f89-11f1-8186-eeee0a8da331.OPERATION#flowable-async-job-executor-thread-1420#
[DetectDeployedMtaStep] Getting service instances by metadata label selector "mta_id=65411f2f607a75efbe525f81cfecafad,mta_namespace=b698114a0995e936895b9598a6c19a2c"...#
#2026 05 14 11:35:58.111#Z#DEBUG#12f0546a-4f89-11f1-8186-eeee0a8da331.OPERATION#flowable-async-job-executor-thread-1420#
[DetectDeployedMtaStep] Deployed MTA service keys: [ {
  "name" : "********",
  "metadata" : {
    "guid" : "e5c6ba71-6e99-491b-8c3a-1aebc0d5a56b",
    "createdAt" : [ 2026, 5, 13, 12, 32, 26 ],
    "updatedAt" : [ 2026, 5, 13, 12, 32, 28 ]
  },
  "v3Metadata" : {
    "annotations" : {
      "mta_id" : "incident-management",
      "mta_version" : "1.0.0"
    },
    "labels" : {
      "mta_id" : "65411f2f607a75efbe525f81cfecafad",
      "space_guid" : "fbd7e39b-aea9-4686-afbf-72d94ec62a35"
    }
  },
  "serviceInstance" : {
    "name" : "********",
    "metadata" : {
      "guid" : "6a543eab-276c-40b9-b824-66e96a455d3c",
      "createdAt" : [ 2026, 5, 13, 12, 32, 6 ],
      "updatedAt" : [ 2026, 5, 13, 12, 32, 8 ]
    },
    "v3Metadata" : {
      "annotations" : {
        "mta_id" : "incident-management",
        "mta_version" : "1.0.0",
        "mta_resource" : "********"
      },
      "labels" : {
        "mta_id" : "65411f2f607a75efbe525f81cfecafad"
      }
    },
    "credentials" : "********",
    "tags" : [ ],
    "type" : "managed"
  }
}, {
  "name" : "********",
  "metadata" : {
    "guid" : "f3cfe6a9-1c61-4980-9772-99ac013f7dbd",
    "createdAt" : [ 2026, 5, 13, 12, 32, 26 ],
    "updatedAt" : [ 2026, 5, 13, 12, 32, 29 ]
  },
  "v3Metadata" : {
    "annotations" : {
      "mta_id" : "incident-management",
      "mta_version" : "1.0.0"
    },
    "labels" : {
      "mta_id" : "65411f2f607a75efbe525f81cfecafad",
      "space_guid" : "fbd7e39b-aea9-4686-afbf-72d94ec62a35"
    }
  },
  "serviceInstance" : {
    "name" : "incident-management-html5-repo-host",
    "metadata" : {
      "guid" : "90fab6c6-9c4f-4a67-97db-1561734b2247",
      "createdAt" : [ 2026, 5, 13, 12, 20, 16 ],
      "updatedAt" : [ 2026, 5, 13, 12, 20, 17 ]
    },
    "v3Metadata" : {
      "annotations" : {
        "mta_id" : "incident-management",
        "mta_version" : "1.0.0",
        "mta_resource" : "{\"name\":\"incident-management-html5-repo-host\"}"
      },
      "labels" : {
        "mta_id" : "65411f2f607a75efbe525f81cfecafad"
      }
    },
    "credentials" : "********",
    "tags" : [ ],
    "type" : "managed"
  }
}, {
  "name" : "********",
  "metadata" : {
    "guid" : "f4159c99-f420-4ac2-9cb0-6f38f9396d5b",
    "createdAt" : [ 2026, 5, 13, 12, 32, 27 ],
    "updatedAt" : [ 2026, 5, 13, 12, 32, 29 ]
  },
  "v3Metadata" : {
    "annotations" : {
      "mta_id" : "incident-management",
      "mta_version" : "1.0.0"
    },
    "labels" : {
      "mta_id" : "65411f2f607a75efbe525f81cfecafad",
      "space_guid" : "fbd7e39b-aea9-4686-afbf-72d94ec62a35"
    }
  },
  "serviceInstance" : {
    "name" : "********",
    "metadata" : {
      "guid" : "6a543eab-276c-40b9-b824-66e96a455d3c",
      "createdAt" : [ 2026, 5, 13, 12, 32, 6 ],
      "updatedAt" : [ 2026, 5, 13, 12, 32, 8 ]
    },
    "v3Metadata" : {
      "annotations" : {
        "mta_id" : "incident-management",
        "mta_version" : "1.0.0",
        "mta_resource" : "********"
      },
      "labels" : {
        "mta_id" : "65411f2f607a75efbe525f81cfecafad"
      }
    },
    "credentials" : "********",
    "tags" : [ ],
    "type" : "managed"
  }
}, {
  "name" : "********",
  "metadata" : {
    "guid" : "88b5ed1e-dee2-49dd-8c3a-da219328523c",
    "createdAt" : [ 2026, 5, 13, 12, 32, 27 ],
    "updatedAt" : [ 2026, 5, 13, 12, 32, 29 ]
  },
  "v3Metadata" : {
    "annotations" : {
      "mta_id" : "incident-management",
      "mta_version" : "1.0.0"
    },
    "labels" : {
      "mta_id" : "65411f2f607a75efbe525f81cfecafad",
      "space_guid" : "fbd7e39b-aea9-4686-afbf-72d94ec62a35"
    }
  },
  "serviceInstance" : {
    "name" : "incident-management-html5-repo-host",
    "metadata" : {
      "guid" : "90fab6c6-9c4f-4a67-97db-1561734b2247",
      "createdAt" : [ 2026, 5, 13, 12, 20, 16 ],
      "updatedAt" : [ 2026, 5, 13, 12, 20, 17 ]
    },
    "v3Metadata" : {
      "annotations" : {
        "mta_id" : "incident-management",
        "mta_version" : "1.0.0",
        "mta_resource" : "{\"name\":\"incident-management-html5-repo-host\"}"
      },
      "labels" : {
        "mta_id" : "65411f2f607a75efbe525f81cfecafad"
      }
    },
    "credentials" : "********",
    "tags" : [ ],
    "type" : "managed"
  }
}, {
  "name" : "********",
  "metadata" : {
    "guid" : "5ab85a77-a7c6-4487-aa77-64e87d7b1d29",
    "createdAt" : [ 2026, 5, 13, 12, 32, 27 ],
    "updatedAt" : [ 2026, 5, 13, 12, 32, 29 ]
  },
  "v3Metadata" : {
    "annotations" : {
      "mta_id" : "incident-management",
      "mta_version" : "1.0.0"
    },
    "labels" : {
      "mta_id" : "65411f2f607a75efbe525f81cfecafad",
      "space_guid" : "fbd7e39b-aea9-4686-afbf-72d94ec62a35"
    }
  },
  "serviceInstance" : {
    "name" : "incident-management-destination",
    "metadata" : {
      "guid" : "e8017414-0632-43de-871a-618d3916a47f",
      "createdAt" : [ 2026, 5, 13, 12, 20, 15 ],
      "updatedAt" : [ 2026, 5, 13, 12, 20, 17 ]
    },
    "v3Metadata" : {
      "annotations" : {
        "mta_id" : "incident-management",
        "mta_version" : "1.0.0",
        "mta_resource" : "{\"name\":\"incident-management-destination\"}"
      },
      "labels" : {
        "mta_id" : "65411f2f607a75efbe525f81cfecafad"
      }
    },
    "credentials" : "********",
    "tags" : [ ],
    "type" : "managed"
  }
} ]#
#2026 05 14 11:35:58.111#Z#DEBUG#12f0546a-4f89-11f1-8186-eeee0a8da331.OPERATION#flowable-async-job-executor-thread-1420#
Step "Detect Deployed MTA" finished#
#2026 05 14 11:35:58.147#Z#DEBUG#12f0546a-4f89-11f1-8186-eeee0a8da331.OPERATION#flowable-async-job-executor-thread-1421#
[XS2CollectSystemParametersStep] Executing task "collectSystemParametersTask" of process "12f05490-4f89-11f1-8186-eeee0a8da331"...#
#2026 05 14 11:35:58.147#Z#DEBUG#12f0546a-4f89-11f1-8186-eeee0a8da331.OPERATION#flowable-async-job-executor-thread-1421#
[XS2CollectSystemParametersStep] Collecting system parameters...#
#2026 05 14 11:35:58.148#Z#DEBUG#12f0546a-4f89-11f1-8186-eeee0a8da331.OPERATION#flowable-async-job-executor-thread-1421#
[XS2CollectSystemParametersStep] Getting default domain...#
#2026 05 14 11:35:58.174#Z#DEBUG#12f0546a-4f89-11f1-8186-eeee0a8da331.OPERATION#flowable-async-job-executor-thread-1421#
[XS2CollectSystemParametersStep] Default domain: cfapps.us10-001.hana.ondemand.com#
#2026 05 14 11:35:58.176#Z#DEBUG#12f0546a-4f89-11f1-8186-eeee0a8da331.OPERATION#flowable-async-job-executor-thread-1421#
[XS2CollectSystemParametersStep] Checking for overwriting read-only parameters for mta with id: "incident-management"#
#2026 05 14 11:35:58.176#Z#DEBUG#12f0546a-4f89-11f1-8186-eeee0a8da331.OPERATION#flowable-async-job-executor-thread-1421#
[XS2CollectSystemParametersStep] No read-only parameters are overwritten#
#2026 05 14 11:35:58.192#Z#DEBUG#12f0546a-4f89-11f1-8186-eeee0a8da331.OPERATION#flowable-async-job-executor-thread-1421#
[XS2CollectSystemParametersStep] Descriptor with system parameters: {
  "majorSchemaVersion" : 3,
  "schemaVersion" : "3.3.0",
  "id" : "incident-management",
  "version" : "1.0.0",
  "modules" : [ {
    "majorSchemaVersion" : 3,
    "name" : "incident-management-srv",
    "type" : "javascript.nodejs",
    "path" : "incident-management-srv",
    "properties" : { },
    "parameters" : {
      "default-url" : "${protocol}://${default-uri}",
      "default-app-name" : "incident-management-srv",
      "generated-password" : "********",
      "default-live-url" : "${protocol}://${default-live-uri}",
      "default-uri" : "${host}.${domain}",
      "default-instances" : 1,
      "default-live-host" : "922f8253trial-dev-incident-management-srv",
      "instances" : 1,
      "buildpack" : "nodejs_buildpack",
      "default-host" : "922f8253trial-dev-incident-management-srv",
      "app-name" : "${default-app-name}",
      "default-live-uri" : "922f8253trial-dev-incident-management-srv.${domain}",
      "protocol" : "https",
      "default-live-app-name" : "incident-management-srv",
      "default-live-domain" : "cfapps.us10-001.hana.ondemand.com",
      "domain" : "${default-domain}",
      "host" : "${default-host}",
      "generated-user" : "********"
    },
    "requiredDependencies" : [ {
      "majorSchemaVersion" : 3,
      "name" : "********",
      "properties" : { },
      "parameters" : { },
      "propertiesMetadata" : {
        "metadata" : { }
      },
      "parametersMetadata" : {
        "metadata" : { }
      }
    }, {
      "majorSchemaVersion" : 3,
      "name" : "incident-management-db",
      "properties" : { },
      "parameters" : { },
      "propertiesMetadata" : {
        "metadata" : { }
      },
      "parametersMetadata" : {
        "metadata" : { }
      }
    }, {
      "majorSchemaVersion" : 3,
      "name" : "incident-management-destination",
      "properties" : { },
      "parameters" : { },
      "propertiesMetadata" : {
        "metadata" : { }
      },
      "parametersMetadata" : {
        "metadata" : { }
      }
    } ],
    "providedDependencies" : [ {
      "majorSchemaVersion" : 3,
      "name" : "srv-api",
      "isPublic" : false,
      "properties" : {
        "srv-url" : "${default-url}"
      },
      "parameters" : { },
      "propertiesMetadata" : {
        "metadata" : { }
      },
      "parametersMetadata" : {
        "metadata" : { }
      }
    }, {
      "majorSchemaVersion" : 3,
      "name" : "incident-management-srv",
      "isPublic" : false,
      "properties" : { },
      "parameters" : { },
      "propertiesMetadata" : {
        "metadata" : { }
      },
      "parametersMetadata" : {
        "metadata" : { }
      }
    } ],
    "propertiesMetadata" : {
      "metadata" : { }
    },
    "parametersMetadata" : {
      "metadata" : { }
    },
    "hooks" : [ ]
  }, {
    "majorSchemaVersion" : 3,
    "name" : "incident-management-db-deployer",
    "type" : "com.sap.xs.hdi",
    "path" : "incident-management-db-deployer",
    "properties" : {
      "EXIT" : 1
    },
    "parameters" : {
      "default-url" : "${protocol}://${default-uri}",
      "default-app-name" : "incident-management-db-deployer",
      "generated-password" : "********",
      "default-live-url" : "${protocol}://${default-live-uri}",
      "default-uri" : "${host}.${domain}",
      "memory" : "256M",
      "default-instances" : 1,
      "no-route" : true,
      "default-live-host" : "922f8253trial-dev-incident-management-db-deployer",
      "instances" : "${default-instances}",
      "buildpack" : "nodejs_buildpack",
      "default-host" : "922f8253trial-dev-incident-management-db-deployer",
      "app-name" : "${default-app-name}",
      "default-live-uri" : "922f8253trial-dev-incident-management-db-deployer.${domain}",
      "protocol" : "https",
      "default-live-app-name" : "incident-management-db-deployer",
      "default-live-domain" : "cfapps.us10-001.hana.ondemand.com",
      "dependency-type" : "hard",
      "domain" : "${default-domain}",
      "host" : "${default-host}",
      "generated-user" : "********",
      "tasks" : [ {
        "name" : "deploy",
        "memory" : "256M",
        "command" : "npm start"
      } ],
      "no-start" : true
    },
    "requiredDependencies" : [ {
      "majorSchemaVersion" : 3,
      "name" : "incident-management-db",
      "properties" : { },
      "parameters" : { },
      "propertiesMetadata" : {
        "metadata" : { }
      },
      "parametersMetadata" : {
        "metadata" : { }
      }
    } ],
    "providedDependencies" : [ {
      "majorSchemaVersion" : 3,
      "name" : "incident-management-db-deployer",
      "isPublic" : false,
      "properties" : { },
      "parameters" : { },
      "propertiesMetadata" : {
        "metadata" : { }
      },
      "parametersMetadata" : {
        "metadata" : { }
      }
    } ],
    "propertiesMetadata" : {
      "metadata" : { }
    },
    "parametersMetadata" : {
      "metadata" : { }
    },
    "hooks" : [ ]
  }, {
    "majorSchemaVersion" : 3,
    "name" : "incident-management-app-deployer",
    "type" : "com.sap.application.content",
    "path" : "incident-management-app-deployer",
    "properties" : { },
    "parameters" : {
      "default-url" : "${protocol}://${default-uri}",
      "default-app-name" : "incident-management-app-deployer",
      "generated-password" : "********",
      "default-live-url" : "${protocol}://${default-live-uri}",
      "default-uri" : "${host}.${domain}",
      "default-instances" : 1,
      "default-live-host" : "922f8253trial-dev-incident-management-app-deployer",
      "instances" : "${default-instances}",
      "default-host" : "922f8253trial-dev-incident-management-app-deployer",
      "app-name" : "${default-app-name}",
      "default-live-uri" : "922f8253trial-dev-incident-management-app-deployer.${domain}",
      "protocol" : "https",
      "default-live-app-name" : "incident-management-app-deployer",
      "default-live-domain" : "cfapps.us10-001.hana.ondemand.com",
      "domain" : "${default-domain}",
      "host" : "${default-host}",
      "generated-user" : "********",
      "config" : {
        "destinations" : [ {
          "Authentication" : "********",
          "HTML5.DynamicDestination" : true,
          "HTML5.ForwardAuthToken" : "********",
          "Name" : "srv-api",
          "ProxyType" : "Internet",
          "Type" : "HTTP",
          "URL" : "~{srv-api/srv-url}"
        } ]
      }
    },
    "requiredDependencies" : [ {
      "majorSchemaVersion" : 3,
      "name" : "********",
      "properties" : { },
      "parameters" : { },
      "propertiesMetadata" : {
        "metadata" : { }
      },
      "parametersMetadata" : {
        "metadata" : { }
      }
    }, {
      "majorSchemaVersion" : 3,
      "name" : "srv-api",
      "properties" : { },
      "parameters" : { },
      "propertiesMetadata" : {
        "metadata" : { }
      },
      "parametersMetadata" : {
        "metadata" : { }
      }
    }, {
      "majorSchemaVersion" : 3,
      "name" : "incident-management-html5-repo-host",
      "properties" : { },
      "parameters" : {
        "content-target" : true
      },
      "propertiesMetadata" : {
        "metadata" : { }
      },
      "parametersMetadata" : {
        "metadata" : { }
      }
    } ],
    "providedDependencies" : [ {
      "majorSchemaVersion" : 3,
      "name" : "incident-management-app-deployer",
      "isPublic" : false,
      "properties" : { },
      "parameters" : { },
      "propertiesMetadata" : {
        "metadata" : { }
      },
      "parametersMetadata" : {
        "metadata" : { }
      }
    } ],
    "propertiesMetadata" : {
      "metadata" : { }
    },
    "parametersMetadata" : {
      "metadata" : { }
    },
    "hooks" : [ ]
  }, {
    "majorSchemaVersion" : 3,
    "name" : "incident-management-destinations",
    "type" : "com.sap.application.content",
    "properties" : { },
    "parameters" : {
      "default-url" : "${protocol}://${default-uri}",
      "default-app-name" : "incident-management-destinations",
      "generated-password" : "********",
      "default-live-url" : "${protocol}://${default-live-uri}",
      "default-uri" : "${host}.${domain}",
      "default-instances" : 1,
      "default-live-host" : "922f8253trial-dev-incident-management-destinations",
      "instances" : "${default-instances}",
      "default-host" : "922f8253trial-dev-incident-management-destinations",
      "content" : {
        "instance" : {
          "destinations" : [ {
            "Name" : "incident-management-html5-repository",
            "ServiceInstanceName" : "incident-management-html5-repo-host",
            "ServiceKeyName" : "********",
            "sap.cloud.service" : "incidentmanagement.service"
          }, {
            "Authentication" : "********",
            "Name" : "********",
            "ServiceInstanceName" : "********",
            "ServiceKeyName" : "********",
            "sap.cloud.service" : "incidentmanagement.service"
          } ],
          "existing_destinations_policy" : "update"
        }
      },
      "app-name" : "${default-app-name}",
      "default-live-uri" : "922f8253trial-dev-incident-management-destinations.${domain}",
      "protocol" : "https",
      "default-live-app-name" : "incident-management-destinations",
      "default-live-domain" : "cfapps.us10-001.hana.ondemand.com",
      "domain" : "${default-domain}",
      "host" : "${default-host}",
      "generated-user" : "********"
    },
    "requiredDependencies" : [ {
      "majorSchemaVersion" : 3,
      "name" : "********",
      "properties" : { },
      "parameters" : {
        "service-key" : "********"
      },
      "propertiesMetadata" : {
        "metadata" : { }
      },
      "parametersMetadata" : {
        "metadata" : { }
      }
    }, {
      "majorSchemaVersion" : 3,
      "name" : "incident-management-html5-repo-host",
      "properties" : { },
      "parameters" : {
        "service-key" : "********"
      },
      "propertiesMetadata" : {
        "metadata" : { }
      },
      "parametersMetadata" : {
        "metadata" : { }
      }
    }, {
      "majorSchemaVersion" : 3,
      "name" : "incident-management-destination",
      "properties" : { },
      "parameters" : {
        "content-target" : true
      },
      "propertiesMetadata" : {
        "metadata" : { }
      },
      "parametersMetadata" : {
        "metadata" : { }
      }
    } ],
    "providedDependencies" : [ {
      "majorSchemaVersion" : 3,
      "name" : "incident-management-destinations",
      "isPublic" : false,
      "properties" : { },
      "parameters" : { },
      "propertiesMetadata" : {
        "metadata" : { }
      },
      "parametersMetadata" : {
        "metadata" : { }
      }
    } ],
    "propertiesMetadata" : {
      "metadata" : { }
    },
    "parametersMetadata" : {
      "metadata" : { }
    },
    "hooks" : [ ]
  } ],
  "resources" : [ {
    "majorSchemaVersion" : 3,
    "name" : "********",
    "type" : "org.cloudfoundry.managed-service",
    "properties" : { },
    "parameters" : {
      "generated-password" : "********",
      "path" : "./xs-security.json",
      "service-name" : "${default-service-name}",
      "service-plan" : "application",
      "service" : "xsuaa",
      "generated-user" : "********",
      "default-xsappname" : "********",
      "type" : "managed-service",
      "config" : {
        "tenant-mode" : "dedicated",
        "xsappname" : "incident-management-${org}-${space}"
      },
      "default-service-name" : "********",
      "default-container-name" : "********"
    },
    "isActive" : true,
    "isOptional" : false,
    "propertiesMetadata" : {
      "metadata" : { }
    },
    "parametersMetadata" : {
      "metadata" : { }
    },
    "requiredDependencies" : [ ],
    "processedAfter" : [ ]
  }, {
    "majorSchemaVersion" : 3,
    "name" : "incident-management-db",
    "type" : "com.sap.xs.hdi-container",
    "properties" : { },
    "parameters" : {
      "generated-password" : "********",
      "service-name" : "${default-service-name}",
      "service-plan" : "hdi-shared",
      "service" : "hana",
      "generated-user" : "********",
      "default-xsappname" : "incident-management-db",
      "type" : "managed-service",
      "default-service-name" : "incident-management-db",
      "default-container-name" : "922F8253TRIAL_DEV_INCIDENT_MANAGEMENT_DB"
    },
    "isActive" : true,
    "isOptional" : false,
    "propertiesMetadata" : {
      "metadata" : { }
    },
    "parametersMetadata" : {
      "metadata" : { }
    },
    "requiredDependencies" : [ ],
    "processedAfter" : [ ]
  }, {
    "majorSchemaVersion" : 3,
    "name" : "incident-management-destination",
    "type" : "org.cloudfoundry.managed-service",
    "properties" : { },
    "parameters" : {
      "generated-password" : "********",
      "service-name" : "${default-service-name}",
      "service-plan" : "lite",
      "service" : "destination",
      "generated-user" : "********",
      "default-xsappname" : "incident-management-destination",
      "type" : "managed-service",
      "config" : {
        "HTML5Runtime_enabled" : true
      },
      "default-service-name" : "incident-management-destination",
      "default-container-name" : "922F8253TRIAL_DEV_INCIDENT_MANAGEMENT_DESTINATION"
    },
    "isActive" : true,
    "isOptional" : false,
    "propertiesMetadata" : {
      "metadata" : { }
    },
    "parametersMetadata" : {
      "metadata" : { }
    },
    "requiredDependencies" : [ ],
    "processedAfter" : [ ]
  }, {
    "majorSchemaVersion" : 3,
    "name" : "incident-management-html5-repo-host",
    "type" : "org.cloudfoundry.managed-service",
    "properties" : { },
    "parameters" : {
      "generated-password" : "********",
      "service-name" : "${default-service-name}",
      "service-plan" : "app-host",
      "service" : "html5-apps-repo",
      "generated-user" : "********",
      "default-xsappname" : "incident-management-html5-repo-host",
      "type" : "managed-service",
      "default-service-name" : "incident-management-html5-repo-host",
      "default-container-name" : "922F8253TRIAL_DEV_INCIDENT_MANAGEMENT_HTML5_REPO_HOST"
    },
    "isActive" : true,
    "isOptional" : false,
    "propertiesMetadata" : {
      "metadata" : { }
    },
    "parametersMetadata" : {
      "metadata" : { }
    },
    "requiredDependencies" : [ ],
    "processedAfter" : [ ]
  } ],
  "parameters" : {
    "deploy_mode" : "html5-repo",
    "mta-id" : "incident-management",
    "authorization-url" : "********",
    "org-guid" : "14eeb614-6e79-4ebc-aaef-3126f44263da",
    "org" : "922f8253trial",
    "deploy-target" : "922f8253trial dev",
    "enable-parallel-deployments" : true,
    "space" : "dev",
    "xs-api-url" : "https://api.cf.us10-001.hana.ondemand.com",
    "deploy-url" : "deploy-service.cfapps.us10-001.hana.ondemand.com",
    "xs-type" : "CF",
    "default-domain" : "cfapps.us10-001.hana.ondemand.com",
    "mta-version" : "1.0.0",
    "xs-auth-url" : "********",
    "space-guid" : "fbd7e39b-aea9-4686-afbf-72d94ec62a35",
    "user" : "********",
    "controller-url" : "https://api.cf.us10-001.hana.ondemand.com",
    "timestamp" : "20260514113557"
  },
  "parametersMetadata" : {
    "metadata" : { }
  }
}#
#2026 05 14 11:35:58.193#Z#DEBUG#12f0546a-4f89-11f1-8186-eeee0a8da331.OPERATION#flowable-async-job-executor-thread-1421#
[XS2CollectSystemParametersStep] Version rule: SAME_HIGHER#
#2026 05 14 11:35:58.193#Z#INFO#12f0546a-4f89-11f1-8186-eeee0a8da331.OPERATION#flowable-async-job-executor-thread-1421#
[XS2CollectSystemParametersStep] Detected new MTA version: "1.0.0"#
#2026 05 14 11:35:58.198#Z#INFO#12f0546a-4f89-11f1-8186-eeee0a8da331.OPERATION#flowable-async-job-executor-thread-1421#
[XS2CollectSystemParametersStep] Deployed MTA version: "1.0.0"#
#2026 05 14 11:35:58.202#Z#DEBUG#12f0546a-4f89-11f1-8186-eeee0a8da331.OPERATION#flowable-async-job-executor-thread-1421#
[XS2CollectSystemParametersStep] MTA accepted for deployment#
#2026 05 14 11:35:58.203#Z#DEBUG#12f0546a-4f89-11f1-8186-eeee0a8da331.OPERATION#flowable-async-job-executor-thread-1421#
[XS2CollectSystemParametersStep] System parameters collected#
#2026 05 14 11:35:58.203#Z#DEBUG#12f0546a-4f89-11f1-8186-eeee0a8da331.OPERATION#flowable-async-job-executor-thread-1421#
Step "Collect System Parameters" finished#
#2026 05 14 11:35:58.235#Z#DEBUG#12f0546a-4f89-11f1-8186-eeee0a8da331.OPERATION#flowable-async-job-executor-thread-1421#
[ProcessDescriptorStep] Executing task "processDescriptorTask" of process "12f05490-4f89-11f1-8186-eeee0a8da331"...#
#2026 05 14 11:35:58.236#Z#DEBUG#12f0546a-4f89-11f1-8186-eeee0a8da331.OPERATION#flowable-async-job-executor-thread-1421#
[ProcessDescriptorStep] Resolving properties and parameters in merged descriptor...#
#2026 05 14 11:35:58.240#Z#DEBUG#12f0546a-4f89-11f1-8186-eeee0a8da331.OPERATION#flowable-async-job-executor-thread-1421#
[ProcessDescriptorStep] Subscriptions: [ ]#
#2026 05 14 11:35:58.240#Z#DEBUG#12f0546a-4f89-11f1-8186-eeee0a8da331.OPERATION#flowable-async-job-executor-thread-1421#
[ProcessDescriptorStep] MTA modules: [incident-management-app-deployer, incident-management-db-deployer, incident-management-srv, incident-management-destinations]#
#2026 05 14 11:35:58.241#Z#DEBUG#12f0546a-4f89-11f1-8186-eeee0a8da331.OPERATION#flowable-async-job-executor-thread-1421#
[ProcessDescriptorStep] Resolved deployment descriptor: {
  "majorSchemaVersion" : 3,
  "schemaVersion" : "3.3.0",
  "id" : "incident-management",
  "version" : "1.0.0",
  "modules" : [ {
    "majorSchemaVersion" : 3,
    "name" : "incident-management-srv",
    "type" : "javascript.nodejs",
    "path" : "incident-management-srv",
    "properties" : { },
    "parameters" : {
      "default-url" : "https://922f8253trial-dev-incident-management-srv.cfapps.us10-001.hana.ondemand.com",
      "default-app-name" : "incident-management-srv",
      "generated-password" : "********",
      "default-live-url" : "https://922f8253trial-dev-incident-management-srv.cfapps.us10-001.hana.ondemand.com",
      "default-uri" : "922f8253trial-dev-incident-management-srv.cfapps.us10-001.hana.ondemand.com",
      "default-instances" : 1,
      "default-live-host" : "922f8253trial-dev-incident-management-srv",
      "instances" : 1,
      "buildpack" : "nodejs_buildpack",
      "default-host" : "922f8253trial-dev-incident-management-srv",
      "app-name" : "incident-management-srv",
      "default-live-uri" : "922f8253trial-dev-incident-management-srv.cfapps.us10-001.hana.ondemand.com",
      "protocol" : "https",
      "default-live-app-name" : "incident-management-srv",
      "default-live-domain" : "cfapps.us10-001.hana.ondemand.com",
      "domain" : "cfapps.us10-001.hana.ondemand.com",
      "host" : "922f8253trial-dev-incident-management-srv",
      "generated-user" : "********"
    },
    "requiredDependencies" : [ {
      "majorSchemaVersion" : 3,
      "name" : "********",
      "properties" : { },
      "parameters" : { },
      "propertiesMetadata" : {
        "metadata" : { }
      },
      "parametersMetadata" : {
        "metadata" : { }
      }
    }, {
      "majorSchemaVersion" : 3,
      "name" : "incident-management-db",
      "properties" : { },
      "parameters" : { },
      "propertiesMetadata" : {
        "metadata" : { }
      },
      "parametersMetadata" : {
        "metadata" : { }
      }
    }, {
      "majorSchemaVersion" : 3,
      "name" : "incident-management-destination",
      "properties" : { },
      "parameters" : { },
      "propertiesMetadata" : {
        "metadata" : { }
      },
      "parametersMetadata" : {
        "metadata" : { }
      }
    } ],
    "providedDependencies" : [ {
      "majorSchemaVersion" : 3,
      "name" : "srv-api",
      "isPublic" : false,
      "properties" : {
        "srv-url" : "https://922f8253trial-dev-incident-management-srv.cfapps.us10-001.hana.ondemand.com"
      },
      "parameters" : { },
      "propertiesMetadata" : {
        "metadata" : { }
      },
      "parametersMetadata" : {
        "metadata" : { }
      }
    }, {
      "majorSchemaVersion" : 3,
      "name" : "incident-management-srv",
      "isPublic" : false,
      "properties" : { },
      "parameters" : { },
      "propertiesMetadata" : {
        "metadata" : { }
      },
      "parametersMetadata" : {
        "metadata" : { }
      }
    } ],
    "propertiesMetadata" : {
      "metadata" : { }
    },
    "parametersMetadata" : {
      "metadata" : { }
    },
    "hooks" : [ ]
  }, {
    "majorSchemaVersion" : 3,
    "name" : "incident-management-db-deployer",
    "type" : "com.sap.xs.hdi",
    "path" : "incident-management-db-deployer",
    "properties" : {
      "EXIT" : 1
    },
    "parameters" : {
      "default-url" : "https://922f8253trial-dev-incident-management-db-deployer.cfapps.us10-001.hana.ondemand.com",
      "default-app-name" : "incident-management-db-deployer",
      "generated-password" : "********",
      "default-live-url" : "https://922f8253trial-dev-incident-management-db-deployer.cfapps.us10-001.hana.ondemand.com",
      "default-uri" : "922f8253trial-dev-incident-management-db-deployer.cfapps.us10-001.hana.ondemand.com",
      "memory" : "256M",
      "default-instances" : 1,
      "no-route" : true,
      "default-live-host" : "922f8253trial-dev-incident-management-db-deployer",
      "instances" : 1,
      "buildpack" : "nodejs_buildpack",
      "default-host" : "922f8253trial-dev-incident-management-db-deployer",
      "app-name" : "incident-management-db-deployer",
      "default-live-uri" : "922f8253trial-dev-incident-management-db-deployer.cfapps.us10-001.hana.ondemand.com",
      "protocol" : "https",
      "default-live-app-name" : "incident-management-db-deployer",
      "default-live-domain" : "cfapps.us10-001.hana.ondemand.com",
      "dependency-type" : "hard",
      "domain" : "cfapps.us10-001.hana.ondemand.com",
      "host" : "922f8253trial-dev-incident-management-db-deployer",
      "generated-user" : "********",
      "tasks" : [ {
        "command" : "npm start",
        "memory" : "256M",
        "name" : "deploy"
      } ],
      "no-start" : true
    },
    "requiredDependencies" : [ {
      "majorSchemaVersion" : 3,
      "name" : "incident-management-db",
      "properties" : { },
      "parameters" : { },
      "propertiesMetadata" : {
        "metadata" : { }
      },
      "parametersMetadata" : {
        "metadata" : { }
      }
    } ],
    "providedDependencies" : [ {
      "majorSchemaVersion" : 3,
      "name" : "incident-management-db-deployer",
      "isPublic" : false,
      "properties" : { },
      "parameters" : { },
      "propertiesMetadata" : {
        "metadata" : { }
      },
      "parametersMetadata" : {
        "metadata" : { }
      }
    } ],
    "propertiesMetadata" : {
      "metadata" : { }
    },
    "parametersMetadata" : {
      "metadata" : { }
    },
    "hooks" : [ ]
  }, {
    "majorSchemaVersion" : 3,
    "name" : "incident-management-app-deployer",
    "type" : "com.sap.application.content",
    "path" : "incident-management-app-deployer",
    "properties" : { },
    "parameters" : {
      "default-url" : "https://922f8253trial-dev-incident-management-app-deployer.cfapps.us10-001.hana.ondemand.com",
      "default-app-name" : "incident-management-app-deployer",
      "generated-password" : "********",
      "default-live-url" : "https://922f8253trial-dev-incident-management-app-deployer.cfapps.us10-001.hana.ondemand.com",
      "default-uri" : "922f8253trial-dev-incident-management-app-deployer.cfapps.us10-001.hana.ondemand.com",
      "default-instances" : 1,
      "default-live-host" : "922f8253trial-dev-incident-management-app-deployer",
      "instances" : 1,
      "default-host" : "922f8253trial-dev-incident-management-app-deployer",
      "app-name" : "incident-management-app-deployer",
      "default-live-uri" : "922f8253trial-dev-incident-management-app-deployer.cfapps.us10-001.hana.ondemand.com",
      "protocol" : "https",
      "default-live-app-name" : "incident-management-app-deployer",
      "default-live-domain" : "cfapps.us10-001.hana.ondemand.com",
      "domain" : "cfapps.us10-001.hana.ondemand.com",
      "host" : "922f8253trial-dev-incident-management-app-deployer",
      "generated-user" : "********",
      "config" : {
        "destinations" : [ {
          "Authentication" : "********",
          "HTML5.DynamicDestination" : true,
          "HTML5.ForwardAuthToken" : "********",
          "Name" : "srv-api",
          "ProxyType" : "Internet",
          "Type" : "HTTP",
          "URL" : "https://922f8253trial-dev-incident-management-srv.cfapps.us10-001.hana.ondemand.com"
        } ]
      }
    },
    "requiredDependencies" : [ {
      "majorSchemaVersion" : 3,
      "name" : "********",
      "properties" : { },
      "parameters" : { },
      "propertiesMetadata" : {
        "metadata" : { }
      },
      "parametersMetadata" : {
        "metadata" : { }
      }
    }, {
      "majorSchemaVersion" : 3,
      "name" : "srv-api",
      "properties" : { },
      "parameters" : { },
      "propertiesMetadata" : {
        "metadata" : { }
      },
      "parametersMetadata" : {
        "metadata" : { }
      }
    }, {
      "majorSchemaVersion" : 3,
      "name" : "incident-management-html5-repo-host",
      "properties" : { },
      "parameters" : {
        "content-target" : true
      },
      "propertiesMetadata" : {
        "metadata" : { }
      },
      "parametersMetadata" : {
        "metadata" : { }
      }
    } ],
    "providedDependencies" : [ {
      "majorSchemaVersion" : 3,
      "name" : "incident-management-app-deployer",
      "isPublic" : false,
      "properties" : { },
      "parameters" : { },
      "propertiesMetadata" : {
        "metadata" : { }
      },
      "parametersMetadata" : {
        "metadata" : { }
      }
    } ],
    "propertiesMetadata" : {
      "metadata" : { }
    },
    "parametersMetadata" : {
      "metadata" : { }
    },
    "hooks" : [ ]
  }, {
    "majorSchemaVersion" : 3,
    "name" : "incident-management-destinations",
    "type" : "com.sap.application.content",
    "properties" : { },
    "parameters" : {
      "default-url" : "https://922f8253trial-dev-incident-management-destinations.cfapps.us10-001.hana.ondemand.com",
      "default-app-name" : "incident-management-destinations",
      "generated-password" : "********",
      "default-live-url" : "https://922f8253trial-dev-incident-management-destinations.cfapps.us10-001.hana.ondemand.com",
      "default-uri" : "922f8253trial-dev-incident-management-destinations.cfapps.us10-001.hana.ondemand.com",
      "default-instances" : 1,
      "default-live-host" : "922f8253trial-dev-incident-management-destinations",
      "instances" : 1,
      "default-host" : "922f8253trial-dev-incident-management-destinations",
      "content" : {
        "instance" : {
          "destinations" : [ {
            "Name" : "incident-management-html5-repository",
            "ServiceInstanceName" : "incident-management-html5-repo-host",
            "ServiceKeyName" : "********",
            "sap.cloud.service" : "incidentmanagement.service"
          }, {
            "Authentication" : "********",
            "Name" : "********",
            "ServiceInstanceName" : "********",
            "ServiceKeyName" : "********",
            "sap.cloud.service" : "incidentmanagement.service"
          } ],
          "existing_destinations_policy" : "update"
        }
      },
      "app-name" : "incident-management-destinations",
      "default-live-uri" : "922f8253trial-dev-incident-management-destinations.cfapps.us10-001.hana.ondemand.com",
      "protocol" : "https",
      "default-live-app-name" : "incident-management-destinations",
      "default-live-domain" : "cfapps.us10-001.hana.ondemand.com",
      "domain" : "cfapps.us10-001.hana.ondemand.com",
      "host" : "922f8253trial-dev-incident-management-destinations",
      "generated-user" : "********"
    },
    "requiredDependencies" : [ {
      "majorSchemaVersion" : 3,
      "name" : "********",
      "properties" : { },
      "parameters" : {
        "service-key" : "********"
      },
      "propertiesMetadata" : {
        "metadata" : { }
      },
      "parametersMetadata" : {
        "metadata" : { }
      }
    }, {
      "majorSchemaVersion" : 3,
      "name" : "incident-management-html5-repo-host",
      "properties" : { },
      "parameters" : {
        "service-key" : "********"
      },
      "propertiesMetadata" : {
        "metadata" : { }
      },
      "parametersMetadata" : {
        "metadata" : { }
      }
    }, {
      "majorSchemaVersion" : 3,
      "name" : "incident-management-destination",
      "properties" : { },
      "parameters" : {
        "content-target" : true
      },
      "propertiesMetadata" : {
        "metadata" : { }
      },
      "parametersMetadata" : {
        "metadata" : { }
      }
    } ],
    "providedDependencies" : [ {
      "majorSchemaVersion" : 3,
      "name" : "incident-management-destinations",
      "isPublic" : false,
      "properties" : { },
      "parameters" : { },
      "propertiesMetadata" : {
        "metadata" : { }
      },
      "parametersMetadata" : {
        "metadata" : { }
      }
    } ],
    "propertiesMetadata" : {
      "metadata" : { }
    },
    "parametersMetadata" : {
      "metadata" : { }
    },
    "hooks" : [ ]
  } ],
  "resources" : [ {
    "majorSchemaVersion" : 3,
    "name" : "********",
    "type" : "org.cloudfoundry.managed-service",
    "properties" : { },
    "parameters" : {
      "generated-password" : "********",
      "path" : "./xs-security.json",
      "service-name" : "********",
      "service-plan" : "application",
      "service" : "xsuaa",
      "generated-user" : "********",
      "default-xsappname" : "********",
      "type" : "managed-service",
      "config" : {
        "tenant-mode" : "dedicated",
        "xsappname" : "incident-management-922f8253trial-dev"
      },
      "default-service-name" : "********",
      "default-container-name" : "********"
    },
    "isActive" : true,
    "isOptional" : false,
    "propertiesMetadata" : {
      "metadata" : { }
    },
    "parametersMetadata" : {
      "metadata" : { }
    },
    "requiredDependencies" : [ ],
    "processedAfter" : [ ]
  }, {
    "majorSchemaVersion" : 3,
    "name" : "incident-management-db",
    "type" : "com.sap.xs.hdi-container",
    "properties" : { },
    "parameters" : {
      "generated-password" : "********",
      "service-name" : "incident-management-db",
      "service-plan" : "hdi-shared",
      "service" : "hana",
      "generated-user" : "********",
      "default-xsappname" : "incident-management-db",
      "type" : "managed-service",
      "default-service-name" : "incident-management-db",
      "default-container-name" : "922F8253TRIAL_DEV_INCIDENT_MANAGEMENT_DB"
    },
    "isActive" : true,
    "isOptional" : false,
    "propertiesMetadata" : {
      "metadata" : { }
    },
    "parametersMetadata" : {
      "metadata" : { }
    },
    "requiredDependencies" : [ ],
    "processedAfter" : [ ]
  }, {
    "majorSchemaVersion" : 3,
    "name" : "incident-management-destination",
    "type" : "org.cloudfoundry.managed-service",
    "properties" : { },
    "parameters" : {
      "generated-password" : "********",
      "service-name" : "incident-management-destination",
      "service-plan" : "lite",
      "service" : "destination",
      "generated-user" : "********",
      "default-xsappname" : "incident-management-destination",
      "type" : "managed-service",
      "config" : {
        "HTML5Runtime_enabled" : true
      },
      "default-service-name" : "incident-management-destination",
      "default-container-name" : "922F8253TRIAL_DEV_INCIDENT_MANAGEMENT_DESTINATION"
    },
    "isActive" : true,
    "isOptional" : false,
    "propertiesMetadata" : {
      "metadata" : { }
    },
    "parametersMetadata" : {
      "metadata" : { }
    },
    "requiredDependencies" : [ ],
    "processedAfter" : [ ]
  }, {
    "majorSchemaVersion" : 3,
    "name" : "incident-management-html5-repo-host",
    "type" : "org.cloudfoundry.managed-service",
    "properties" : { },
    "parameters" : {
      "generated-password" : "********",
      "service-name" : "incident-management-html5-repo-host",
      "service-plan" : "app-host",
      "service" : "html5-apps-repo",
      "generated-user" : "********",
      "default-xsappname" : "incident-management-html5-repo-host",
      "type" : "managed-service",
      "default-service-name" : "incident-management-html5-repo-host",
      "default-container-name" : "922F8253TRIAL_DEV_INCIDENT_MANAGEMENT_HTML5_REPO_HOST"
    },
    "isActive" : true,
    "isOptional" : false,
    "propertiesMetadata" : {
      "metadata" : { }
    },
    "parametersMetadata" : {
      "metadata" : { }
    },
    "requiredDependencies" : [ ],
    "processedAfter" : [ ]
  } ],
  "parameters" : {
    "deploy_mode" : "html5-repo",
    "mta-id" : "incident-management",
    "authorization-url" : "********",
    "org-guid" : "14eeb614-6e79-4ebc-aaef-3126f44263da",
    "org" : "922f8253trial",
    "deploy-target" : "922f8253trial dev",
    "enable-parallel-deployments" : true,
    "region-primary-domain" : "us10.hana.ondemand.com",
    "space" : "dev",
    "region-domain" : "us10-001.hana.ondemand.com",
    "xs-api-url" : "https://api.cf.us10-001.hana.ondemand.com",
    "deploy-url" : "deploy-service.cfapps.us10-001.hana.ondemand.com",
    "xs-type" : "CF",
    "default-domain" : "cfapps.us10-001.hana.ondemand.com",
    "mta-version" : "1.0.0",
    "xs-auth-url" : "********",
    "space-guid" : "fbd7e39b-aea9-4686-afbf-72d94ec62a35",
    "user" : "********",
    "controller-url" : "https://api.cf.us10-001.hana.ondemand.com",
    "timestamp" : "20260514113557"
  },
  "parametersMetadata" : {
    "metadata" : { }
  }
}#
#2026 05 14 11:35:58.241#Z#DEBUG#12f0546a-4f89-11f1-8186-eeee0a8da331.OPERATION#flowable-async-job-executor-thread-1421#
[ProcessDescriptorStep] Merged descriptor properties and parameters resolved#
#2026 05 14 11:35:58.241#Z#DEBUG#12f0546a-4f89-11f1-8186-eeee0a8da331.OPERATION#flowable-async-job-executor-thread-1421#
Step "Process Descriptor Step" finished#
#2026 05 14 11:35:58.275#Z#DEBUG#12f0546a-4f89-11f1-8186-eeee0a8da331.OPERATION#flowable-async-job-executor-thread-1421#
[XS2BuildCloudDeployModelStep] Executing task "buildDeployModelTask" of process "12f05490-4f89-11f1-8186-eeee0a8da331"...#
#2026 05 14 11:35:58.277#Z#DEBUG#12f0546a-4f89-11f1-8186-eeee0a8da331.OPERATION#flowable-async-job-executor-thread-1421#
[XS2BuildCloudDeployModelStep] Service keys defined for content deployment grouped by service name: {
  "incident-management-auth" : "********",
  "incident-management-html5-repo-host" : [ {
    "name" : "********",
    "v3Metadata" : {
      "annotations" : {
        "mta_id" : "incident-management",
        "mta_version" : "1.0.0"
      },
      "labels" : {
        "mta_id" : "65411f2f607a75efbe525f81cfecafad",
        "space_guid" : "fbd7e39b-aea9-4686-afbf-72d94ec62a35"
      }
    },
    "credentials" : "********",
    "moduleName" : "incident-management-app-deployer",
    "resourceName" : "incident-management-html5-repo-host",
    "serviceInstance" : {
      "isOptional" : false,
      "isManaged" : false,
      "name" : "incident-management-html5-repo-host",
      "credentials" : "********",
      "tags" : [ ],
      "shouldSkipParametersUpdate" : false,
      "shouldSkipPlanUpdate" : false,
      "shouldSkipTagsUpdate" : false,
      "shouldSkipSyslogUrlUpdate" : false
    },
    "shouldDeleteServiceKeyAfterDeploy" : "********",
    "resourceType" : "org.cloudfoundry.managed-service"
  }, {
    "name" : "********",
    "v3Metadata" : {
      "annotations" : {
        "mta_id" : "incident-management",
        "mta_version" : "1.0.0"
      },
      "labels" : {
        "mta_id" : "65411f2f607a75efbe525f81cfecafad",
        "space_guid" : "fbd7e39b-aea9-4686-afbf-72d94ec62a35"
      }
    },
    "credentials" : "********",
    "moduleName" : "incident-management-destinations",
    "resourceName" : "incident-management-html5-repo-host",
    "serviceInstance" : {
      "isOptional" : false,
      "isManaged" : false,
      "name" : "incident-management-html5-repo-host",
      "credentials" : "********",
      "tags" : [ ],
      "shouldSkipParametersUpdate" : false,
      "shouldSkipPlanUpdate" : false,
      "shouldSkipTagsUpdate" : false,
      "shouldSkipSyslogUrlUpdate" : false
    },
    "shouldDeleteServiceKeyAfterDeploy" : "********",
    "resourceType" : "org.cloudfoundry.managed-service"
  } ],
  "incident-management-destination" : [ {
    "name" : "********",
    "v3Metadata" : {
      "annotations" : {
        "mta_id" : "incident-management",
        "mta_version" : "1.0.0"
      },
      "labels" : {
        "mta_id" : "65411f2f607a75efbe525f81cfecafad",
        "space_guid" : "fbd7e39b-aea9-4686-afbf-72d94ec62a35"
      }
    },
    "credentials" : "********",
    "moduleName" : "incident-management-destinations",
    "resourceName" : "incident-management-destination",
    "serviceInstance" : {
      "isOptional" : false,
      "isManaged" : false,
      "name" : "incident-management-destination",
      "credentials" : "********",
      "tags" : [ ],
      "shouldSkipParametersUpdate" : false,
      "shouldSkipPlanUpdate" : false,
      "shouldSkipTagsUpdate" : false,
      "shouldSkipSyslogUrlUpdate" : false
    },
    "shouldDeleteServiceKeyAfterDeploy" : "********",
    "resourceType" : "org.cloudfoundry.managed-service"
  } ]
}#
#2026 05 14 11:35:58.278#Z#DEBUG#12f0546a-4f89-11f1-8186-eeee0a8da331.OPERATION#flowable-async-job-executor-thread-1421#
[XS2BuildCloudDeployModelStep] Building cloud deployment model...#
#2026 05 14 11:35:58.279#Z#DEBUG#12f0546a-4f89-11f1-8186-eeee0a8da331.OPERATION#flowable-async-job-executor-thread-1421#
[XS2BuildCloudDeployModelStep] MTA archive modules: [incident-management-app-deployer, incident-management-db-deployer, incident-management-srv]#
#2026 05 14 11:35:58.279#Z#DEBUG#12f0546a-4f89-11f1-8186-eeee0a8da331.OPERATION#flowable-async-job-executor-thread-1421#
[XS2BuildCloudDeployModelStep] Deployed modules: [incident-management-db-deployer, incident-management-srv]#
#2026 05 14 11:35:58.280#Z#DEBUG#12f0546a-4f89-11f1-8186-eeee0a8da331.OPERATION#flowable-async-job-executor-thread-1421#
[XS2BuildCloudDeployModelStep] MTA modules: [incident-management-app-deployer, incident-management-db-deployer, incident-management-srv, incident-management-destinations]#
#2026 05 14 11:35:58.280#Z#DEBUG#12f0546a-4f89-11f1-8186-eeee0a8da331.OPERATION#flowable-async-job-executor-thread-1421#
[XS2BuildCloudDeployModelStep] Service keys to create: {
  "incident-management-auth" : "********",
  "incident-management-db" : [ ],
  "incident-management-html5-repo-host" : [ ],
  "incident-management-destination" : [ ]
}#
#2026 05 14 11:35:58.281#Z#DEBUG#12f0546a-4f89-11f1-8186-eeee0a8da331.OPERATION#flowable-async-job-executor-thread-1421#
[XS2BuildCloudDeployModelStep] Modules to deploy: [{
  "majorSchemaVersion" : 3,
  "name" : "incident-management-srv",
  "type" : "javascript.nodejs",
  "path" : "incident-management-srv",
  "properties" : { },
  "parameters" : {
    "default-url" : "https://922f8253trial-dev-incident-management-srv.cfapps.us10-001.hana.ondemand.com",
    "default-app-name" : "incident-management-srv",
    "generated-password" : "********",
    "default-live-url" : "https://922f8253trial-dev-incident-management-srv.cfapps.us10-001.hana.ondemand.com",
    "default-uri" : "922f8253trial-dev-incident-management-srv.cfapps.us10-001.hana.ondemand.com",
    "default-instances" : 1,
    "default-live-host" : "922f8253trial-dev-incident-management-srv",
    "instances" : 1,
    "buildpack" : "nodejs_buildpack",
    "default-host" : "922f8253trial-dev-incident-management-srv",
    "app-name" : "incident-management-srv",
    "default-live-uri" : "922f8253trial-dev-incident-management-srv.cfapps.us10-001.hana.ondemand.com",
    "protocol" : "https",
    "default-live-app-name" : "incident-management-srv",
    "default-live-domain" : "cfapps.us10-001.hana.ondemand.com",
    "dependency-type" : "soft",
    "domain" : "cfapps.us10-001.hana.ondemand.com",
    "host" : "922f8253trial-dev-incident-management-srv",
    "generated-user" : "********"
  },
  "requiredDependencies" : [ {
    "majorSchemaVersion" : 3,
    "name" : "********",
    "properties" : { },
    "parameters" : { },
    "propertiesMetadata" : {
      "metadata" : { }
    },
    "parametersMetadata" : {
      "metadata" : { }
    }
  }, {
    "majorSchemaVersion" : 3,
    "name" : "incident-management-db",
    "properties" : { },
    "parameters" : { },
    "propertiesMetadata" : {
      "metadata" : { }
    },
    "parametersMetadata" : {
      "metadata" : { }
    }
  }, {
    "majorSchemaVersion" : 3,
    "name" : "incident-management-destination",
    "properties" : { },
    "parameters" : { },
    "propertiesMetadata" : {
      "metadata" : { }
    },
    "parametersMetadata" : {
      "metadata" : { }
    }
  } ],
  "providedDependencies" : [ {
    "majorSchemaVersion" : 3,
    "name" : "srv-api",
    "isPublic" : false,
    "properties" : {
      "srv-url" : "https://922f8253trial-dev-incident-management-srv.cfapps.us10-001.hana.ondemand.com"
    },
    "parameters" : { },
    "propertiesMetadata" : {
      "metadata" : { }
    },
    "parametersMetadata" : {
      "metadata" : { }
    }
  }, {
    "majorSchemaVersion" : 3,
    "name" : "incident-management-srv",
    "isPublic" : false,
    "properties" : { },
    "parameters" : { },
    "propertiesMetadata" : {
      "metadata" : { }
    },
    "parametersMetadata" : {
      "metadata" : { }
    }
  } ],
  "propertiesMetadata" : {
    "metadata" : { }
  },
  "parametersMetadata" : {
    "metadata" : { }
  },
  "deployedAfter" : [ ],
  "hooks" : [ ]
}, {
  "majorSchemaVersion" : 3,
  "name" : "incident-management-db-deployer",
  "type" : "com.sap.xs.hdi",
  "path" : "incident-management-db-deployer",
  "properties" : {
    "EXIT" : 1
  },
  "parameters" : {
    "default-url" : "https://922f8253trial-dev-incident-management-db-deployer.cfapps.us10-001.hana.ondemand.com",
    "default-app-name" : "incident-management-db-deployer",
    "generated-password" : "********",
    "default-live-url" : "https://922f8253trial-dev-incident-management-db-deployer.cfapps.us10-001.hana.ondemand.com",
    "default-uri" : "922f8253trial-dev-incident-management-db-deployer.cfapps.us10-001.hana.ondemand.com",
    "memory" : "256M",
    "default-instances" : 1,
    "no-route" : true,
    "default-live-host" : "922f8253trial-dev-incident-management-db-deployer",
    "instances" : 1,
    "buildpack" : "nodejs_buildpack",
    "default-host" : "922f8253trial-dev-incident-management-db-deployer",
    "app-name" : "incident-management-db-deployer",
    "default-live-uri" : "922f8253trial-dev-incident-management-db-deployer.cfapps.us10-001.hana.ondemand.com",
    "protocol" : "https",
    "default-live-app-name" : "incident-management-db-deployer",
    "default-live-domain" : "cfapps.us10-001.hana.ondemand.com",
    "dependency-type" : "hard",
    "domain" : "cfapps.us10-001.hana.ondemand.com",
    "host" : "922f8253trial-dev-incident-management-db-deployer",
    "generated-user" : "********",
    "tasks" : [ {
      "command" : "npm start",
      "memory" : "256M",
      "name" : "deploy"
    } ],
    "no-start" : true
  },
  "requiredDependencies" : [ {
    "majorSchemaVersion" : 3,
    "name" : "incident-management-db",
    "properties" : { },
    "parameters" : { },
    "propertiesMetadata" : {
      "metadata" : { }
    },
    "parametersMetadata" : {
      "metadata" : { }
    }
  } ],
  "providedDependencies" : [ {
    "majorSchemaVersion" : 3,
    "name" : "incident-management-db-deployer",
    "isPublic" : false,
    "properties" : { },
    "parameters" : { },
    "propertiesMetadata" : {
      "metadata" : { }
    },
    "parametersMetadata" : {
      "metadata" : { }
    }
  } ],
  "propertiesMetadata" : {
    "metadata" : { }
  },
  "parametersMetadata" : {
    "metadata" : { }
  },
  "deployedAfter" : [ ],
  "hooks" : [ ]
}, {
  "majorSchemaVersion" : 3,
  "name" : "incident-management-app-deployer",
  "type" : "com.sap.application.content",
  "path" : "incident-management-app-deployer",
  "properties" : { },
  "parameters" : {
    "default-url" : "https://922f8253trial-dev-incident-management-app-deployer.cfapps.us10-001.hana.ondemand.com",
    "default-app-name" : "incident-management-app-deployer",
    "generated-password" : "********",
    "default-live-url" : "https://922f8253trial-dev-incident-management-app-deployer.cfapps.us10-001.hana.ondemand.com",
    "default-uri" : "922f8253trial-dev-incident-management-app-deployer.cfapps.us10-001.hana.ondemand.com",
    "default-instances" : 1,
    "default-live-host" : "922f8253trial-dev-incident-management-app-deployer",
    "instances" : 1,
    "default-host" : "922f8253trial-dev-incident-management-app-deployer",
    "app-name" : "incident-management-app-deployer",
    "default-live-uri" : "922f8253trial-dev-incident-management-app-deployer.cfapps.us10-001.hana.ondemand.com",
    "protocol" : "https",
    "default-live-app-name" : "incident-management-app-deployer",
    "default-live-domain" : "cfapps.us10-001.hana.ondemand.com",
    "dependency-type" : "soft",
    "domain" : "cfapps.us10-001.hana.ondemand.com",
    "host" : "922f8253trial-dev-incident-management-app-deployer",
    "generated-user" : "********",
    "config" : {
      "destinations" : [ {
        "Authentication" : "********",
        "HTML5.DynamicDestination" : true,
        "HTML5.ForwardAuthToken" : "********",
        "Name" : "srv-api",
        "ProxyType" : "Internet",
        "Type" : "HTTP",
        "URL" : "https://922f8253trial-dev-incident-management-srv.cfapps.us10-001.hana.ondemand.com"
      } ]
    }
  },
  "requiredDependencies" : [ {
    "majorSchemaVersion" : 3,
    "name" : "********",
    "properties" : { },
    "parameters" : { },
    "propertiesMetadata" : {
      "metadata" : { }
    },
    "parametersMetadata" : {
      "metadata" : { }
    }
  }, {
    "majorSchemaVersion" : 3,
    "name" : "srv-api",
    "properties" : { },
    "parameters" : { },
    "propertiesMetadata" : {
      "metadata" : { }
    },
    "parametersMetadata" : {
      "metadata" : { }
    }
  }, {
    "majorSchemaVersion" : 3,
    "name" : "incident-management-html5-repo-host",
    "properties" : { },
    "parameters" : {
      "content-target" : true
    },
    "propertiesMetadata" : {
      "metadata" : { }
    },
    "parametersMetadata" : {
      "metadata" : { }
    }
  } ],
  "providedDependencies" : [ {
    "majorSchemaVersion" : 3,
    "name" : "incident-management-app-deployer",
    "isPublic" : false,
    "properties" : { },
    "parameters" : { },
    "propertiesMetadata" : {
      "metadata" : { }
    },
    "parametersMetadata" : {
      "metadata" : { }
    }
  } ],
  "propertiesMetadata" : {
    "metadata" : { }
  },
  "parametersMetadata" : {
    "metadata" : { }
  },
  "deployedAfter" : [ ],
  "hooks" : [ ]
}, {
  "majorSchemaVersion" : 3,
  "name" : "incident-management-destinations",
  "type" : "com.sap.application.content",
  "properties" : { },
  "parameters" : {
    "default-url" : "https://922f8253trial-dev-incident-management-destinations.cfapps.us10-001.hana.ondemand.com",
    "default-app-name" : "incident-management-destinations",
    "generated-password" : "********",
    "default-live-url" : "https://922f8253trial-dev-incident-management-destinations.cfapps.us10-001.hana.ondemand.com",
    "default-uri" : "922f8253trial-dev-incident-management-destinations.cfapps.us10-001.hana.ondemand.com",
    "default-instances" : 1,
    "default-live-host" : "922f8253trial-dev-incident-management-destinations",
    "instances" : 1,
    "default-host" : "922f8253trial-dev-incident-management-destinations",
    "content" : {
      "instance" : {
        "destinations" : [ {
          "Name" : "incident-management-html5-repository",
          "ServiceInstanceName" : "incident-management-html5-repo-host",
          "ServiceKeyName" : "********",
          "sap.cloud.service" : "incidentmanagement.service"
        }, {
          "Authentication" : "********",
          "Name" : "********",
          "ServiceInstanceName" : "********",
          "ServiceKeyName" : "********",
          "sap.cloud.service" : "incidentmanagement.service"
        } ],
        "existing_destinations_policy" : "update"
      }
    },
    "app-name" : "incident-management-destinations",
    "default-live-uri" : "922f8253trial-dev-incident-management-destinations.cfapps.us10-001.hana.ondemand.com",
    "protocol" : "https",
    "default-live-app-name" : "incident-management-destinations",
    "default-live-domain" : "cfapps.us10-001.hana.ondemand.com",
    "dependency-type" : "soft",
    "domain" : "cfapps.us10-001.hana.ondemand.com",
    "host" : "922f8253trial-dev-incident-management-destinations",
    "generated-user" : "********"
  },
  "requiredDependencies" : [ {
    "majorSchemaVersion" : 3,
    "name" : "********",
    "properties" : { },
    "parameters" : {
      "service-key" : "********"
    },
    "propertiesMetadata" : {
      "metadata" : { }
    },
    "parametersMetadata" : {
      "metadata" : { }
    }
  }, {
    "majorSchemaVersion" : 3,
    "name" : "incident-management-html5-repo-host",
    "properties" : { },
    "parameters" : {
      "service-key" : "********"
    },
    "propertiesMetadata" : {
      "metadata" : { }
    },
    "parametersMetadata" : {
      "metadata" : { }
    }
  }, {
    "majorSchemaVersion" : 3,
    "name" : "incident-management-destination",
    "properties" : { },
    "parameters" : {
      "content-target" : true
    },
    "propertiesMetadata" : {
      "metadata" : { }
    },
    "parametersMetadata" : {
      "metadata" : { }
    }
  } ],
  "providedDependencies" : [ {
    "majorSchemaVersion" : 3,
    "name" : "incident-management-destinations",
    "isPublic" : false,
    "properties" : { },
    "parameters" : { },
    "propertiesMetadata" : {
      "metadata" : { }
    },
    "parametersMetadata" : {
      "metadata" : { }
    }
  } ],
  "propertiesMetadata" : {
    "metadata" : { }
  },
  "parametersMetadata" : {
    "metadata" : { }
  },
  "deployedAfter" : [ ],
  "hooks" : [ ]
}]#
#2026 05 14 11:35:58.281#Z#DEBUG#12f0546a-4f89-11f1-8186-eeee0a8da331.OPERATION#flowable-async-job-executor-thread-1421#
[XS2BuildCloudDeployModelStep] Custom domains: []#
#2026 05 14 11:35:58.283#Z#DEBUG#12f0546a-4f89-11f1-8186-eeee0a8da331.OPERATION#flowable-async-job-executor-thread-1421#
[XS2BuildCloudDeployModelStep] Calculating resource batches...#
#2026 05 14 11:35:58.284#Z#DEBUG#12f0546a-4f89-11f1-8186-eeee0a8da331.OPERATION#flowable-async-job-executor-thread-1421#
[XS2BuildCloudDeployModelStep] Calculating resource batches completed.#
#2026 05 14 11:35:58.284#Z#DEBUG#12f0546a-4f89-11f1-8186-eeee0a8da331.OPERATION#flowable-async-job-executor-thread-1421#
[XS2BuildCloudDeployModelStep] Cloud deployment model built#
#2026 05 14 11:35:58.284#Z#DEBUG#12f0546a-4f89-11f1-8186-eeee0a8da331.OPERATION#flowable-async-job-executor-thread-1421#
Step "Build Deploy Model" finished#
#2026 05 14 11:35:58.318#Z#DEBUG#12f0546a-4f89-11f1-8186-eeee0a8da331.OPERATION#flowable-async-job-executor-thread-1421#
[BuildCloudUndeployModelStep] Executing task "buildUndeployModelTask" of process "12f05490-4f89-11f1-8186-eeee0a8da331"...#
#2026 05 14 11:35:58.319#Z#DEBUG#12f0546a-4f89-11f1-8186-eeee0a8da331.OPERATION#flowable-async-job-executor-thread-1421#
[BuildCloudUndeployModelStep] Building cloud undeployment model...#
#2026 05 14 11:35:58.321#Z#DEBUG#12f0546a-4f89-11f1-8186-eeee0a8da331.OPERATION#flowable-async-job-executor-thread-1421#
[BuildCloudUndeployModelStep] Detecting service keys to delete.#
#2026 05 14 11:35:58.322#Z#DEBUG#12f0546a-4f89-11f1-8186-eeee0a8da331.OPERATION#flowable-async-job-executor-thread-1421#
[BuildCloudUndeployModelStep] Detected deployed service keys by service "{incident-management-auth=[DeployedMtaServiceKey{name=incident-management-app-deployer-incident-management-auth-credentials, metadata=CloudMetadata{guid=e5c6ba71-6e99-491b-8c3a-1aebc0d5a56b, createdAt=2026-05-13T12:32:26, updatedAt=2026-05-13T12:32:28, url=null}, v3Metadata=Metadata{annotations={mta_id=incident-management, mta_version=1.0.0}, labels={mta_id=65411f2f607a75efbe525f81cfecafad, space_guid=fbd7e39b-aea9-4686-afbf-72d94ec62a35}}, credentials=null, serviceInstance=CloudServiceInstance{name=incident-management-auth, metadata=CloudMetadata{guid=6a543eab-276c-40b9-b824-66e96a455d3c, createdAt=2026-05-13T12:32:06, updatedAt=2026-05-13T12:32:08, url=null}, v3Metadata=Metadata{annotations={mta_id=incident-management, mta_version=1.0.0, mta_resource={"name":"incident-management-auth"}}, labels={mta_id=65411f2f607a75efbe525f81cfecafad}}, label=null, plan=null, provider=null, broker=null, version=null, credentials={}, syslogDrainUrl=null, tags=[], type=managed, lastOperation=null}, serviceKeyOperation=null, resourceName=null}, DeployedMtaServiceKey{name=incident-management-auth-key, metadata=CloudMetadata{guid=f4159c99-f420-4ac2-9cb0-6f38f9396d5b, createdAt=2026-05-13T12:32:27, updatedAt=2026-05-13T12:32:29, url=null}, v3Metadata=Metadata{annotations={mta_id=incident-management, mta_version=1.0.0}, labels={mta_id=65411f2f607a75efbe525f81cfecafad, space_guid=fbd7e39b-aea9-4686-afbf-72d94ec62a35}}, credentials=null, serviceInstance=CloudServiceInstance{name=incident-management-auth, metadata=CloudMetadata{guid=6a543eab-276c-40b9-b824-66e96a455d3c, createdAt=2026-05-13T12:32:06, updatedAt=2026-05-13T12:32:08, url=null}, v3Metadata=Metadata{annotations={mta_id=incident-management, mta_version=1.0.0, mta_resource={"name":"incident-management-auth"}}, labels={mta_id=65411f2f607a75efbe525f81cfecafad}}, label=null, plan=null, provider=null, broker=null, version=null, credentials={}, syslogDrainUrl=null, tags=[], type=managed, lastOperation=null}, serviceKeyOperation=null, resourceName=null}], incident-management-html5-repo-host=[DeployedMtaServiceKey{name=incident-management-app-deployer-incident-management-html5-repo-host-credentials, metadata=CloudMetadata{guid=f3cfe6a9-1c61-4980-9772-99ac013f7dbd, createdAt=2026-05-13T12:32:26, updatedAt=2026-05-13T12:32:29, url=null}, v3Metadata=Metadata{annotations={mta_id=incident-management, mta_version=1.0.0}, labels={mta_id=65411f2f607a75efbe525f81cfecafad, space_guid=fbd7e39b-aea9-4686-afbf-72d94ec62a35}}, credentials=null, serviceInstance=CloudServiceInstance{name=incident-management-html5-repo-host, metadata=CloudMetadata{guid=90fab6c6-9c4f-4a67-97db-1561734b2247, createdAt=2026-05-13T12:20:16, updatedAt=2026-05-13T12:20:17, url=null}, v3Metadata=Metadata{annotations={mta_id=incident-management, mta_version=1.0.0, mta_resource={"name":"incident-management-html5-repo-host"}}, labels={mta_id=65411f2f607a75efbe525f81cfecafad}}, label=null, plan=null, provider=null, broker=null, version=null, credentials={}, syslogDrainUrl=null, tags=[], type=managed, lastOperation=null}, serviceKeyOperation=null, resourceName=null}, DeployedMtaServiceKey{name=incident-management-html5-repo-host-key, metadata=CloudMetadata{guid=88b5ed1e-dee2-49dd-8c3a-da219328523c, createdAt=2026-05-13T12:32:27, updatedAt=2026-05-13T12:32:29, url=null}, v3Metadata=Metadata{annotations={mta_id=incident-management, mta_version=1.0.0}, labels={mta_id=65411f2f607a75efbe525f81cfecafad, space_guid=fbd7e39b-aea9-4686-afbf-72d94ec62a35}}, credentials=null, serviceInstance=CloudServiceInstance{name=incident-management-html5-repo-host, metadata=CloudMetadata{guid=90fab6c6-9c4f-4a67-97db-1561734b2247, createdAt=2026-05-13T12:20:16, updatedAt=2026-05-13T12:20:17, url=null}, v3Metadata=Metadata{annotations={mta_id=incident-management, mta_version=1.0.0, mta_resource={"name":"incident-management-html5-repo-host"}}, labels={mta_id=65411f2f607a75efbe525f81cfecafad}}, label=null, plan=null, provider=null, broker=null, version=null, credentials={}, syslogDrainUrl=null, tags=[], type=managed, lastOperation=null}, serviceKeyOperation=null, resourceName=null}], incident-management-destination=[DeployedMtaServiceKey{name=incident-management-destinations-incident-management-destination-credentials, metadata=CloudMetadata{guid=5ab85a77-a7c6-4487-aa77-64e87d7b1d29, createdAt=2026-05-13T12:32:27, updatedAt=2026-05-13T12:32:29, url=null}, v3Metadata=Metadata{annotations={mta_id=incident-management, mta_version=1.0.0}, labels={mta_id=65411f2f607a75efbe525f81cfecafad, space_guid=fbd7e39b-aea9-4686-afbf-72d94ec62a35}}, credentials=null, serviceInstance=CloudServiceInstance{name=incident-management-destination, metadata=CloudMetadata{guid=e8017414-0632-43de-871a-618d3916a47f, createdAt=2026-05-13T12:20:15, updatedAt=2026-05-13T12:20:17, url=null}, v3Metadata=Metadata{annotations={mta_id=incident-management, mta_version=1.0.0, mta_resource={"name":"incident-management-destination"}}, labels={mta_id=65411f2f607a75efbe525f81cfecafad}}, label=null, plan=null, provider=null, broker=null, version=null, credentials={}, syslogDrainUrl=null, tags=[], type=managed, lastOperation=null}, serviceKeyOperation=null, resourceName=null}]}"#
#2026 05 14 11:35:58.323#Z#DEBUG#12f0546a-4f89-11f1-8186-eeee0a8da331.OPERATION#flowable-async-job-executor-thread-1421#
[BuildCloudUndeployModelStep] New service keys by service "{incident-management-auth=[incident-management-app-deployer-incident-management-auth-credentials, incident-management-auth-key], incident-management-html5-repo-host=[incident-management-app-deployer-incident-management-html5-repo-host-credentials, incident-management-html5-repo-host-key], incident-management-destination=[incident-management-destinations-incident-management-destination-credentials]}"#
#2026 05 14 11:35:58.324#Z#DEBUG#12f0546a-4f89-11f1-8186-eeee0a8da331.OPERATION#flowable-async-job-executor-thread-1421#
[BuildCloudUndeployModelStep] Existing service keys by service "{}"#
#2026 05 14 11:35:58.324#Z#DEBUG#12f0546a-4f89-11f1-8186-eeee0a8da331.OPERATION#flowable-async-job-executor-thread-1421#
[BuildCloudUndeployModelStep] Detected service keys to delete "[]"#
#2026 05 14 11:35:58.328#Z#DEBUG#12f0546a-4f89-11f1-8186-eeee0a8da331.OPERATION#flowable-async-job-executor-thread-1421#
[BuildCloudUndeployModelStep] MTA modules: [incident-management-app-deployer, incident-management-db-deployer, incident-management-srv, incident-management-destinations]#
#2026 05 14 11:35:58.328#Z#DEBUG#12f0546a-4f89-11f1-8186-eeee0a8da331.OPERATION#flowable-async-job-executor-thread-1421#
[BuildCloudUndeployModelStep] Modules to undeploy: [ ]#
#2026 05 14 11:35:58.328#Z#DEBUG#12f0546a-4f89-11f1-8186-eeee0a8da331.OPERATION#flowable-async-job-executor-thread-1421#
[BuildCloudUndeployModelStep] Modules that won't be changed: [ ]#
#2026 05 14 11:35:58.329#Z#DEBUG#12f0546a-4f89-11f1-8186-eeee0a8da331.OPERATION#flowable-async-job-executor-thread-1421#
[BuildCloudUndeployModelStep] Subscriptions to delete: [ ]#
#2026 05 14 11:35:58.331#Z#DEBUG#12f0546a-4f89-11f1-8186-eeee0a8da331.OPERATION#flowable-async-job-executor-thread-1421#
[BuildCloudUndeployModelStep] Cloud services to delete: []#
#2026 05 14 11:35:58.331#Z#DEBUG#12f0546a-4f89-11f1-8186-eeee0a8da331.OPERATION#flowable-async-job-executor-thread-1421#
[BuildCloudUndeployModelStep] Cloud applications to undeploy: [ ]#
#2026 05 14 11:35:58.333#Z#DEBUG#12f0546a-4f89-11f1-8186-eeee0a8da331.OPERATION#flowable-async-job-executor-thread-1421#
[BuildCloudUndeployModelStep] Cloud undeployment model built#
#2026 05 14 11:35:58.333#Z#DEBUG#12f0546a-4f89-11f1-8186-eeee0a8da331.OPERATION#flowable-async-job-executor-thread-1421#
Step "Build Undeploy Model" finished#
#2026 05 14 11:35:58.364#Z#DEBUG#12f0546a-4f89-11f1-8186-eeee0a8da331.OPERATION#flowable-async-job-executor-thread-1421#
[AddDomainsStep] Executing task "addDomainsTask" of process "12f05490-4f89-11f1-8186-eeee0a8da331"...#
#2026 05 14 11:35:58.366#Z#DEBUG#12f0546a-4f89-11f1-8186-eeee0a8da331.OPERATION#flowable-async-job-executor-thread-1421#
[AddDomainsStep] Custom domains: []#
#2026 05 14 11:35:58.366#Z#DEBUG#12f0546a-4f89-11f1-8186-eeee0a8da331.OPERATION#flowable-async-job-executor-thread-1421#
Step "Add Domains" finished#
#2026 05 14 11:35:58.503#Z#DEBUG#12f0546a-4f89-11f1-8186-eeee0a8da331.OPERATION#flowable-async-job-executor-thread-1419#
[ExtractBatchedServicesWithResolvedDynamicParametersStep] Executing task "prepareModulesDeploymentTask" of process "13ac52a0-4f89-11f1-8186-eeee0a8da331"...#
#2026 05 14 11:35:58.504#Z#DEBUG#12f0546a-4f89-11f1-8186-eeee0a8da331.OPERATION#flowable-async-job-executor-thread-1419#
[ExtractBatchedServicesWithResolvedDynamicParametersStep] Extracting services and resolving dynamic parameters from batch#
#2026 05 14 11:35:58.505#Z#DEBUG#12f0546a-4f89-11f1-8186-eeee0a8da331.OPERATION#flowable-async-job-executor-thread-1419#
[ExtractBatchedServicesWithResolvedDynamicParametersStep] Services to create: [ {
  "isOptional" : false,
  "isManaged" : true,
  "name" : "********",
  "v3Metadata" : {
    "annotations" : {
      "mta_id" : "incident-management",
      "mta_version" : "1.0.0",
      "mta_resource" : "********"
    },
    "labels" : {
      "mta_id" : "65411f2f607a75efbe525f81cfecafad"
    }
  },
  "label" : "xsuaa",
  "plan" : "application",
  "credentials" : "********",
  "tags" : [ ],
  "type" : "managed",
  "resourceName" : "********",
  "shouldSkipParametersUpdate" : false,
  "shouldSkipPlanUpdate" : false,
  "shouldSkipTagsUpdate" : false,
  "shouldSkipSyslogUrlUpdate" : false
}, {
  "isOptional" : false,
  "isManaged" : true,
  "name" : "incident-management-db",
  "v3Metadata" : {
    "annotations" : {
      "mta_id" : "incident-management",
      "mta_version" : "1.0.0",
      "mta_resource" : "{\"name\":\"incident-management-db\"}"
    },
    "labels" : {
      "mta_id" : "65411f2f607a75efbe525f81cfecafad"
    }
  },
  "label" : "hana",
  "plan" : "hdi-shared",
  "credentials" : "********",
  "tags" : [ ],
  "type" : "managed",
  "resourceName" : "incident-management-db",
  "shouldSkipParametersUpdate" : false,
  "shouldSkipPlanUpdate" : false,
  "shouldSkipTagsUpdate" : false,
  "shouldSkipSyslogUrlUpdate" : false
}, {
  "isOptional" : false,
  "isManaged" : true,
  "name" : "incident-management-destination",
  "v3Metadata" : {
    "annotations" : {
      "mta_id" : "incident-management",
      "mta_version" : "1.0.0",
      "mta_resource" : "{\"name\":\"incident-management-destination\"}"
    },
    "labels" : {
      "mta_id" : "65411f2f607a75efbe525f81cfecafad"
    }
  },
  "label" : "destination",
  "plan" : "lite",
  "credentials" : "********",
  "tags" : [ ],
  "type" : "managed",
  "resourceName" : "incident-management-destination",
  "shouldSkipParametersUpdate" : false,
  "shouldSkipPlanUpdate" : false,
  "shouldSkipTagsUpdate" : false,
  "shouldSkipSyslogUrlUpdate" : false
}, {
  "isOptional" : false,
  "isManaged" : true,
  "name" : "incident-management-html5-repo-host",
  "v3Metadata" : {
    "annotations" : {
      "mta_id" : "incident-management",
      "mta_version" : "1.0.0",
      "mta_resource" : "{\"name\":\"incident-management-html5-repo-host\"}"
    },
    "labels" : {
      "mta_id" : "65411f2f607a75efbe525f81cfecafad"
    }
  },
  "label" : "html5-apps-repo",
  "plan" : "app-host",
  "credentials" : "********",
  "tags" : [ ],
  "type" : "managed",
  "resourceName" : "incident-management-html5-repo-host",
  "shouldSkipParametersUpdate" : false,
  "shouldSkipPlanUpdate" : false,
  "shouldSkipTagsUpdate" : false,
  "shouldSkipSyslogUrlUpdate" : false
} ]#
#2026 05 14 11:35:58.506#Z#DEBUG#12f0546a-4f89-11f1-8186-eeee0a8da331.OPERATION#flowable-async-job-executor-thread-1419#
Step "Extract Services with Resolved Dynamic parameters from batch" finished#
#2026 05 14 11:35:58.602#Z#DEBUG#12f0546a-4f89-11f1-8186-eeee0a8da331.OPERATION#flowable-async-job-executor-thread-1417#
[CheckServiceOperationStateStep] Executing task "CheckServiceOperationStateTask" of process "13bea168-4f89-11f1-8186-eeee0a8da331"...#
#2026 05 14 11:35:58.603#Z#DEBUG#12f0546a-4f89-11f1-8186-eeee0a8da331.OPERATION#flowable-async-job-executor-thread-1417#
[CheckServiceOperationStateStep] Getting service instance "incident-management-db"...#
#2026 05 14 11:35:58.720#Z#DEBUG#12f0546a-4f89-11f1-8186-eeee0a8da331.OPERATION#flowable-async-job-executor-thread-1417#
Step "Check for service operations in Progress" finished#
#2026 05 14 11:35:58.751#Z#DEBUG#12f0546a-4f89-11f1-8186-eeee0a8da331.OPERATION#flowable-async-job-executor-thread-1417#
[DetermineServiceCreateUpdateServiceActionsStep] Executing task "DetermineServiceCreateUpdateActionsTask" of process "13bea168-4f89-11f1-8186-eeee0a8da331"...#
#2026 05 14 11:35:58.753#Z#INFO#12f0546a-4f89-11f1-8186-eeee0a8da331.OPERATION#flowable-async-job-executor-thread-1417#
[DetermineServiceCreateUpdateServiceActionsStep] Processing service "incident-management-db"...#
#2026 05 14 11:35:58.759#Z#DEBUG#12f0546a-4f89-11f1-8186-eeee0a8da331.OPERATION#flowable-async-job-executor-thread-1417#
[DetermineServiceCreateUpdateServiceActionsStep] Getting service instance "incident-management-db"...#
#2026 05 14 11:35:58.867#Z#DEBUG#12f0546a-4f89-11f1-8186-eeee0a8da331.OPERATION#flowable-async-job-executor-thread-1417#
[DetermineServiceCreateUpdateServiceActionsStep] Existing service: {
  "name" : "incident-management-db",
  "metadata" : {
    "guid" : "a20afc5d-265f-435f-942c-42adef588a28",
    "createdAt" : [ 2026, 5, 13, 12, 20, 17 ],
    "updatedAt" : [ 2026, 5, 13, 12, 20, 17 ]
  },
  "v3Metadata" : {
    "annotations" : {
      "mta_id" : "incident-management",
      "mta_version" : "1.0.0",
      "mta_resource" : "{\"name\":\"incident-management-db\"}"
    },
    "labels" : {
      "mta_id" : "65411f2f607a75efbe525f81cfecafad"
    }
  },
  "label" : "hana",
  "plan" : "hdi-shared",
  "credentials" : "********",
  "tags" : [ ],
  "type" : "managed",
  "lastOperation" : {
    "type" : "CREATE",
    "state" : "SUCCEEDED"
  }
}#
#2026 05 14 11:35:58.868#Z#WARN#12f0546a-4f89-11f1-8186-eeee0a8da331.OPERATION#flowable-async-job-executor-thread-1417#
[DetermineServiceCreateUpdateServiceActionsStep] Service parameters for service "incident-management-db" will not be updated, as the parameters are not defined or empty.#
#2026 05 14 11:35:58.868#Z#DEBUG#12f0546a-4f89-11f1-8186-eeee0a8da331.OPERATION#flowable-async-job-executor-thread-1417#
Step "Determine update actions" finished#
#2026 05 14 11:35:58.910#Z#DEBUG#12f0546a-4f89-11f1-8186-eeee0a8da331.OPERATION#flowable-async-job-executor-thread-1417#
[CheckForServiceBindingOrKeyOperationStep] Executing task "CheckForServiceBindingOrKeyCreation" of process "13bea168-4f89-11f1-8186-eeee0a8da331"...#
#2026 05 14 11:35:58.911#Z#DEBUG#12f0546a-4f89-11f1-8186-eeee0a8da331.OPERATION#flowable-async-job-executor-thread-1417#
Step "Check for service binding or key creation" finished#
#2026 05 14 11:35:58.970#Z#DEBUG#12f0546a-4f89-11f1-8186-eeee0a8da331.OPERATION#flowable-async-job-executor-thread-1432#
[CheckServiceOperationStateStep] Executing task "CheckServiceOperationStateTask" of process "13f3bb2d-4f89-11f1-8c85-eeee0a9265de"...#
#2026 05 14 11:35:58.972#Z#DEBUG#12f0546a-4f89-11f1-8186-eeee0a8da331.OPERATION#flowable-async-job-executor-thread-1432#
[CheckServiceOperationStateStep] Getting service instance "incident-management-auth"...#
#2026 05 14 11:35:59.119#Z#DEBUG#12f0546a-4f89-11f1-8186-eeee0a8da331.OPERATION#flowable-async-job-executor-thread-1432#
Step "Check for service operations in Progress" finished#
#2026 05 14 11:35:59.164#Z#DEBUG#12f0546a-4f89-11f1-8186-eeee0a8da331.OPERATION#flowable-async-job-executor-thread-1433#
[DetermineServiceCreateUpdateServiceActionsStep] Executing task "DetermineServiceCreateUpdateActionsTask" of process "13f3bb2d-4f89-11f1-8c85-eeee0a9265de"...#
#2026 05 14 11:35:59.167#Z#INFO#12f0546a-4f89-11f1-8186-eeee0a8da331.OPERATION#flowable-async-job-executor-thread-1433#
[DetermineServiceCreateUpdateServiceActionsStep] Processing service "incident-management-auth"...#
#2026 05 14 11:35:59.176#Z#DEBUG#12f0546a-4f89-11f1-8186-eeee0a8da331.OPERATION#flowable-async-job-executor-thread-1433#
[DetermineServiceCreateUpdateServiceActionsStep] Getting service instance "incident-management-auth"...#
#2026 05 14 11:35:59.316#Z#INFO#12f0546a-4f89-11f1-8186-eeee0a8da331.OPERATION#flowable-async-job-executor-thread-1433#
[DetermineServiceCreateUpdateServiceActionsStep] Setting service "incident-management-auth" parameters from "xs-security.json"#
#2026 05 14 11:35:59.365#Z#DEBUG#12f0546a-4f89-11f1-8186-eeee0a8da331.OPERATION#flowable-async-job-executor-thread-1433#
[DetermineServiceCreateUpdateServiceActionsStep] Existing service: {
  "name" : "********",
  "metadata" : {
    "guid" : "6a543eab-276c-40b9-b824-66e96a455d3c",
    "createdAt" : [ 2026, 5, 13, 12, 32, 6 ],
    "updatedAt" : [ 2026, 5, 13, 12, 32, 8 ]
  },
  "v3Metadata" : {
    "annotations" : {
      "mta_id" : "incident-management",
      "mta_version" : "1.0.0",
      "mta_resource" : "********"
    },
    "labels" : {
      "mta_id" : "65411f2f607a75efbe525f81cfecafad"
    }
  },
  "label" : "xsuaa",
  "plan" : "application",
  "credentials" : "********",
  "tags" : [ ],
  "type" : "managed",
  "lastOperation" : {
    "type" : "UPDATE",
    "description" : "",
    "state" : "SUCCEEDED"
  }
}#
#2026 05 14 11:35:59.365#Z#DEBUG#12f0546a-4f89-11f1-8186-eeee0a8da331.OPERATION#flowable-async-job-executor-thread-1433#
[DetermineServiceCreateUpdateServiceActionsStep] Service parameters will be updated#
#2026 05 14 11:35:59.365#Z#DEBUG#12f0546a-4f89-11f1-8186-eeee0a8da331.OPERATION#flowable-async-job-executor-thread-1433#
[DetermineServiceCreateUpdateServiceActionsStep] New parameters: {
  "attributes" : [ ],
  "role-templates" : [ {
    "name" : "support",
    "description" : "generated",
    "scope-references" : [ "$XSAPPNAME.support" ],
    "attribute-references" : [ ]
  }, {
    "name" : "admin",
    "description" : "generated",
    "scope-references" : [ "$XSAPPNAME.admin" ],
    "attribute-references" : [ ]
  } ],
  "scopes" : [ {
    "name" : "$XSAPPNAME.support",
    "description" : "support"
  }, {
    "name" : "$XSAPPNAME.admin",
    "description" : "admin"
  } ],
  "tenant-mode" : "dedicated",
  "xsappname" : "incident-management-922f8253trial-dev"
}#
#2026 05 14 11:35:59.365#Z#DEBUG#12f0546a-4f89-11f1-8186-eeee0a8da331.OPERATION#flowable-async-job-executor-thread-1433#
Step "Determine update actions" finished#
#2026 05 14 11:35:59.433#Z#DEBUG#12f0546a-4f89-11f1-8186-eeee0a8da331.OPERATION#flowable-async-job-executor-thread-1434#
[CheckForServiceBindingOrKeyOperationStep] Executing task "CheckForServiceBindingOrKeyCreation" of process "13f3bb2d-4f89-11f1-8c85-eeee0a9265de"...#
#2026 05 14 11:35:59.436#Z#DEBUG#12f0546a-4f89-11f1-8186-eeee0a8da331.OPERATION#flowable-async-job-executor-thread-1434#
Step "Check for service binding or key creation" finished#
#2026 05 14 11:35:59.527#Z#DEBUG#12f0546a-4f89-11f1-8186-eeee0a8da331.OPERATION#flowable-async-job-executor-thread-1427#
[UpdateServiceParametersStep] Executing task "UpdateServiceParametersTask" of process "13f3bb2d-4f89-11f1-8c85-eeee0a9265de"...#
#2026 05 14 11:35:59.531#Z#INFO#12f0546a-4f89-11f1-8186-eeee0a8da331.OPERATION#flowable-async-job-executor-thread-1427#
[UpdateServiceParametersStep] Updating service "incident-management-auth"...#
#2026 05 14 11:35:59.539#Z#DEBUG#12f0546a-4f89-11f1-8186-eeee0a8da331.OPERATION#flowable-async-job-executor-thread-1427#
[UpdateServiceParametersStep] Updating service parameters for service "incident-management-auth"...#
#2026 05 14 11:35:59.644#Z#DEBUG#12f0546a-4f89-11f1-8186-eeee0a8da331.OPERATION#flowable-async-job-executor-thread-1427#
[UpdateServiceParametersStep] Service "incident-management-auth" updated#
#2026 05 14 11:35:59.644#Z#DEBUG#12f0546a-4f89-11f1-8186-eeee0a8da331.OPERATION#flowable-async-job-executor-thread-1427#
[UpdateServiceParametersStep] Triggered service operations: {
  "incident-management-auth" : "UPDATE"
}#
#2026 05 14 11:35:59.646#Z#DEBUG#12f0546a-4f89-11f1-8186-eeee0a8da331.OPERATION#flowable-async-job-executor-thread-1427#
Step "Update parameters" finished#
#2026 05 14 11:35:59.653#Z#DEBUG#12f0546a-4f89-11f1-8186-eeee0a8da331.OPERATION#flowable-async-job-executor-thread-1981#
[CheckServiceOperationStateStep] Executing task "CheckServiceOperationStateTask" of process "14601124-4f89-11f1-964a-eeee0a8788cb"...#
#2026 05 14 11:35:59.653#Z#DEBUG#12f0546a-4f89-11f1-8186-eeee0a8da331.OPERATION#flowable-async-job-executor-thread-1981#
[CheckServiceOperationStateStep] Getting service instance "incident-management-html5-repo-host"...#
#2026 05 14 11:35:59.780#Z#DEBUG#12f0546a-4f89-11f1-8186-eeee0a8da331.OPERATION#flowable-async-job-executor-thread-1981#
Step "Check for service operations in Progress" finished#
#2026 05 14 11:35:59.798#Z#DEBUG#12f0546a-4f89-11f1-8186-eeee0a8da331.OPERATION#flowable-async-job-executor-thread-1981#
[DetermineServiceCreateUpdateServiceActionsStep] Executing task "DetermineServiceCreateUpdateActionsTask" of process "14601124-4f89-11f1-964a-eeee0a8788cb"...#
#2026 05 14 11:35:59.799#Z#INFO#12f0546a-4f89-11f1-8186-eeee0a8da331.OPERATION#flowable-async-job-executor-thread-1981#
[DetermineServiceCreateUpdateServiceActionsStep] Processing service "incident-management-html5-repo-host"...#
#2026 05 14 11:35:59.802#Z#DEBUG#12f0546a-4f89-11f1-8186-eeee0a8da331.OPERATION#flowable-async-job-executor-thread-1981#
[DetermineServiceCreateUpdateServiceActionsStep] Getting service instance "incident-management-html5-repo-host"...#
#2026 05 14 11:35:59.930#Z#DEBUG#12f0546a-4f89-11f1-8186-eeee0a8da331.OPERATION#flowable-async-job-executor-thread-1981#
[DetermineServiceCreateUpdateServiceActionsStep] Existing service: {
  "name" : "incident-management-html5-repo-host",
  "metadata" : {
    "guid" : "90fab6c6-9c4f-4a67-97db-1561734b2247",
    "createdAt" : [ 2026, 5, 13, 12, 20, 16 ],
    "updatedAt" : [ 2026, 5, 13, 12, 20, 17 ]
  },
  "v3Metadata" : {
    "annotations" : {
      "mta_id" : "incident-management",
      "mta_version" : "1.0.0",
      "mta_resource" : "{\"name\":\"incident-management-html5-repo-host\"}"
    },
    "labels" : {
      "mta_id" : "65411f2f607a75efbe525f81cfecafad"
    }
  },
  "label" : "html5-apps-repo",
  "plan" : "app-host",
  "credentials" : "********",
  "tags" : [ ],
  "type" : "managed",
  "lastOperation" : {
    "type" : "CREATE",
    "description" : "",
    "state" : "SUCCEEDED"
  }
}#
#2026 05 14 11:35:59.930#Z#WARN#12f0546a-4f89-11f1-8186-eeee0a8da331.OPERATION#flowable-async-job-executor-thread-1981#
[DetermineServiceCreateUpdateServiceActionsStep] Service parameters for service "incident-management-html5-repo-host" will not be updated, as the parameters are not defined or empty.#
#2026 05 14 11:35:59.931#Z#DEBUG#12f0546a-4f89-11f1-8186-eeee0a8da331.OPERATION#flowable-async-job-executor-thread-1981#
Step "Determine update actions" finished#
#2026 05 14 11:35:59.957#Z#DEBUG#12f0546a-4f89-11f1-8186-eeee0a8da331.OPERATION#flowable-async-job-executor-thread-1981#
[CheckForServiceBindingOrKeyOperationStep] Executing task "CheckForServiceBindingOrKeyCreation" of process "14601124-4f89-11f1-964a-eeee0a8788cb"...#
#2026 05 14 11:35:59.958#Z#DEBUG#12f0546a-4f89-11f1-8186-eeee0a8da331.OPERATION#flowable-async-job-executor-thread-1981#
Step "Check for service binding or key creation" finished#
#2026 05 14 11:35:59.931#Z#DEBUG#12f0546a-4f89-11f1-8186-eeee0a8da331.OPERATION#flowable-async-job-executor-thread-1420#
[CheckServiceOperationStateStep] Executing task "CheckServiceOperationStateTask" of process "1489e101-4f89-11f1-8186-eeee0a8da331"...#
#2026 05 14 11:35:59.932#Z#DEBUG#12f0546a-4f89-11f1-8186-eeee0a8da331.OPERATION#flowable-async-job-executor-thread-1420#
[CheckServiceOperationStateStep] Getting service instance "incident-management-destination"...#
#2026 05 14 11:36:00.068#Z#DEBUG#12f0546a-4f89-11f1-8186-eeee0a8da331.OPERATION#flowable-async-job-executor-thread-1420#
Step "Check for service operations in Progress" finished#
#2026 05 14 11:36:00.107#Z#DEBUG#12f0546a-4f89-11f1-8186-eeee0a8da331.OPERATION#flowable-async-job-executor-thread-1420#
[DetermineServiceCreateUpdateServiceActionsStep] Executing task "DetermineServiceCreateUpdateActionsTask" of process "1489e101-4f89-11f1-8186-eeee0a8da331"...#
#2026 05 14 11:36:00.108#Z#INFO#12f0546a-4f89-11f1-8186-eeee0a8da331.OPERATION#flowable-async-job-executor-thread-1420#
[DetermineServiceCreateUpdateServiceActionsStep] Processing service "incident-management-destination"...#
#2026 05 14 11:36:00.113#Z#DEBUG#12f0546a-4f89-11f1-8186-eeee0a8da331.OPERATION#flowable-async-job-executor-thread-1420#
[DetermineServiceCreateUpdateServiceActionsStep] Getting service instance "incident-management-destination"...#
#2026 05 14 11:36:00.255#Z#DEBUG#12f0546a-4f89-11f1-8186-eeee0a8da331.OPERATION#flowable-async-job-executor-thread-1420#
[DetermineServiceCreateUpdateServiceActionsStep] Existing service: {
  "name" : "incident-management-destination",
  "metadata" : {
    "guid" : "e8017414-0632-43de-871a-618d3916a47f",
    "createdAt" : [ 2026, 5, 13, 12, 20, 15 ],
    "updatedAt" : [ 2026, 5, 13, 12, 20, 17 ]
  },
  "v3Metadata" : {
    "annotations" : {
      "mta_id" : "incident-management",
      "mta_version" : "1.0.0",
      "mta_resource" : "{\"name\":\"incident-management-destination\"}"
    },
    "labels" : {
      "mta_id" : "65411f2f607a75efbe525f81cfecafad"
    }
  },
  "label" : "destination",
  "plan" : "lite",
  "credentials" : "********",
  "tags" : [ ],
  "type" : "managed",
  "lastOperation" : {
    "type" : "UPDATE",
    "description" : "",
    "state" : "SUCCEEDED"
  }
}#
#2026 05 14 11:36:00.255#Z#DEBUG#12f0546a-4f89-11f1-8186-eeee0a8da331.OPERATION#flowable-async-job-executor-thread-1420#
[DetermineServiceCreateUpdateServiceActionsStep] Service parameters will be updated#
#2026 05 14 11:36:00.255#Z#DEBUG#12f0546a-4f89-11f1-8186-eeee0a8da331.OPERATION#flowable-async-job-executor-thread-1420#
[DetermineServiceCreateUpdateServiceActionsStep] New parameters: {
  "HTML5Runtime_enabled" : true
}#
#2026 05 14 11:36:00.255#Z#DEBUG#12f0546a-4f89-11f1-8186-eeee0a8da331.OPERATION#flowable-async-job-executor-thread-1420#
Step "Determine update actions" finished#
#2026 05 14 11:36:00.292#Z#DEBUG#12f0546a-4f89-11f1-8186-eeee0a8da331.OPERATION#flowable-async-job-executor-thread-1420#
[CheckForServiceBindingOrKeyOperationStep] Executing task "CheckForServiceBindingOrKeyCreation" of process "1489e101-4f89-11f1-8186-eeee0a8da331"...#
#2026 05 14 11:36:00.293#Z#DEBUG#12f0546a-4f89-11f1-8186-eeee0a8da331.OPERATION#flowable-async-job-executor-thread-1420#
Step "Check for service binding or key creation" finished#
#2026 05 14 11:36:00.326#Z#DEBUG#12f0546a-4f89-11f1-8186-eeee0a8da331.OPERATION#flowable-async-job-executor-thread-1420#
[UpdateServiceParametersStep] Executing task "UpdateServiceParametersTask" of process "1489e101-4f89-11f1-8186-eeee0a8da331"...#
#2026 05 14 11:36:00.328#Z#INFO#12f0546a-4f89-11f1-8186-eeee0a8da331.OPERATION#flowable-async-job-executor-thread-1420#
[UpdateServiceParametersStep] Updating service "incident-management-destination"...#
#2026 05 14 11:36:00.334#Z#DEBUG#12f0546a-4f89-11f1-8186-eeee0a8da331.OPERATION#flowable-async-job-executor-thread-1420#
[UpdateServiceParametersStep] Updating service parameters for service "incident-management-destination"...#
#2026 05 14 11:36:00.408#Z#DEBUG#12f0546a-4f89-11f1-8186-eeee0a8da331.OPERATION#flowable-async-job-executor-thread-1420#
[UpdateServiceParametersStep] Service "incident-management-destination" updated#
#2026 05 14 11:36:00.408#Z#DEBUG#12f0546a-4f89-11f1-8186-eeee0a8da331.OPERATION#flowable-async-job-executor-thread-1420#
[UpdateServiceParametersStep] Triggered service operations: {
  "incident-management-destination" : "UPDATE"
}#
#2026 05 14 11:36:00.410#Z#DEBUG#12f0546a-4f89-11f1-8186-eeee0a8da331.OPERATION#flowable-async-job-executor-thread-1420#
Step "Update parameters" finished#
#2026 05 14 11:36:08.482#Z#DEBUG#12f0546a-4f89-11f1-8186-eeee0a8da331.OPERATION#flowable-async-job-executor-thread-1995#
[UpdateServiceParametersStep] Executing task "UpdateServiceParametersTask" of process "1489e101-4f89-11f1-8186-eeee0a8da331"...#
#2026 05 14 11:36:08.483#Z#DEBUG#12f0546a-4f89-11f1-8186-eeee0a8da331.OPERATION#flowable-async-job-executor-thread-1995#
[UpdateServiceParametersStep] Polling service operations...#
#2026 05 14 11:36:08.485#Z#DEBUG#12f0546a-4f89-11f1-8186-eeee0a8da331.OPERATION#flowable-async-job-executor-thread-1995#
[UpdateServiceParametersStep] Getting service instance "incident-management-destination"...#
#2026 05 14 11:36:08.512#Z#DEBUG#12f0546a-4f89-11f1-8186-eeee0a8da331.OPERATION#flowable-async-job-executor-thread-1994#
[UpdateServiceParametersStep] Executing task "UpdateServiceParametersTask" of process "13f3bb2d-4f89-11f1-8c85-eeee0a9265de"...#
#2026 05 14 11:36:08.513#Z#DEBUG#12f0546a-4f89-11f1-8186-eeee0a8da331.OPERATION#flowable-async-job-executor-thread-1994#
[UpdateServiceParametersStep] Polling service operations...#
#2026 05 14 11:36:08.514#Z#DEBUG#12f0546a-4f89-11f1-8186-eeee0a8da331.OPERATION#flowable-async-job-executor-thread-1994#
[UpdateServiceParametersStep] Getting service instance "incident-management-auth"...#
#2026 05 14 11:36:08.601#Z#DEBUG#12f0546a-4f89-11f1-8186-eeee0a8da331.OPERATION#flowable-async-job-executor-thread-1995#
[UpdateServiceParametersStep] Last operation for service "incident-management-destination": {
  "type" : "UPDATE",
  "description" : "",
  "state" : "SUCCEEDED"
}#
#2026 05 14 11:36:08.601#Z#DEBUG#12f0546a-4f89-11f1-8186-eeee0a8da331.OPERATION#flowable-async-job-executor-thread-1995#
[UpdateServiceParametersStep] Service "incident-management-destination" updated#
#2026 05 14 11:36:08.601#Z#INFO#12f0546a-4f89-11f1-8186-eeee0a8da331.OPERATION#flowable-async-job-executor-thread-1995#
[UpdateServiceParametersStep] 1 of 1 done#
#2026 05 14 11:36:08.605#Z#DEBUG#12f0546a-4f89-11f1-8186-eeee0a8da331.OPERATION#flowable-async-job-executor-thread-1995#
[UpdateServiceParametersStep] Remaining services to poll: [ ]#
#2026 05 14 11:36:08.606#Z#DEBUG#12f0546a-4f89-11f1-8186-eeee0a8da331.OPERATION#flowable-async-job-executor-thread-1995#
Step "Update parameters" finished#
#2026 05 14 11:36:08.644#Z#DEBUG#12f0546a-4f89-11f1-8186-eeee0a8da331.OPERATION#flowable-async-job-executor-thread-1994#
[UpdateServiceParametersStep] Last operation for service "incident-management-auth": {
  "type" : "UPDATE",
  "description" : "",
  "state" : "SUCCEEDED"
}#
#2026 05 14 11:36:08.644#Z#DEBUG#12f0546a-4f89-11f1-8186-eeee0a8da331.OPERATION#flowable-async-job-executor-thread-1994#
[UpdateServiceParametersStep] Service "incident-management-auth" updated#
#2026 05 14 11:36:08.644#Z#INFO#12f0546a-4f89-11f1-8186-eeee0a8da331.OPERATION#flowable-async-job-executor-thread-1994#
[UpdateServiceParametersStep] 1 of 1 done#
#2026 05 14 11:36:08.648#Z#DEBUG#12f0546a-4f89-11f1-8186-eeee0a8da331.OPERATION#flowable-async-job-executor-thread-1994#
[UpdateServiceParametersStep] Remaining services to poll: [ ]#
#2026 05 14 11:36:08.648#Z#DEBUG#12f0546a-4f89-11f1-8186-eeee0a8da331.OPERATION#flowable-async-job-executor-thread-1994#
Step "Update parameters" finished#
#2026 05 14 11:36:08.810#Z#DEBUG#12f0546a-4f89-11f1-8186-eeee0a8da331.OPERATION#flowable-async-job-executor-thread-1994#
[PrepareModulesDeploymentStep] Executing task "prepareModulesDeploymentTask" of process "19d46623-4f89-11f1-964a-eeee0a8788cb"...#
#2026 05 14 11:36:08.810#Z#DEBUG#12f0546a-4f89-11f1-8186-eeee0a8da331.OPERATION#flowable-async-job-executor-thread-1994#
[PrepareModulesDeploymentStep] Preparing modules deployment...#
#2026 05 14 11:36:08.813#Z#DEBUG#12f0546a-4f89-11f1-8186-eeee0a8da331.OPERATION#flowable-async-job-executor-thread-1994#
Step "Prepare Modules Deployment" finished#
#2026 05 14 11:36:08.853#Z#DEBUG#12f0546a-4f89-11f1-8186-eeee0a8da331.OPERATION#flowable-async-job-executor-thread-1994#
[ComputeNextModulesStep] Executing task "computeNextModulesToDeployInParallel" of process "19d46623-4f89-11f1-964a-eeee0a8788cb"...#
#2026 05 14 11:36:08.854#Z#DEBUG#12f0546a-4f89-11f1-8186-eeee0a8da331.OPERATION#flowable-async-job-executor-thread-1994#
[ComputeNextModulesStep] Computing modules for next parallel iteration...#
#2026 05 14 11:36:08.856#Z#DEBUG#12f0546a-4f89-11f1-8186-eeee0a8da331.OPERATION#flowable-async-job-executor-thread-1994#
[ComputeNextModulesStep] Completed modules detected: []#
#2026 05 14 11:36:08.856#Z#DEBUG#12f0546a-4f89-11f1-8186-eeee0a8da331.OPERATION#flowable-async-job-executor-thread-1994#
[ComputeNextModulesStep] All modules for deploy detected: [incident-management-app-deployer, incident-management-db-deployer, incident-management-srv, incident-management-destinations]#
#2026 05 14 11:36:08.856#Z#DEBUG#12f0546a-4f89-11f1-8186-eeee0a8da331.OPERATION#flowable-async-job-executor-thread-1994#
[ComputeNextModulesStep] Modules not for deploy detected: []#
#2026 05 14 11:36:08.857#Z#DEBUG#12f0546a-4f89-11f1-8186-eeee0a8da331.OPERATION#flowable-async-job-executor-thread-1994#
[ComputeNextModulesStep] Computed modules for next parallel iteration: [ {
  "majorSchemaVersion" : 3,
  "name" : "incident-management-srv",
  "type" : "javascript.nodejs",
  "path" : "incident-management-srv",
  "properties" : { },
  "parameters" : {
    "app-name" : "incident-management-srv",
    "buildpack" : "nodejs_buildpack",
    "default-app-name" : "incident-management-srv",
    "default-host" : "922f8253trial-dev-incident-management-srv",
    "default-instances" : 1,
    "default-live-app-name" : "incident-management-srv",
    "default-live-domain" : "cfapps.us10-001.hana.ondemand.com",
    "default-live-host" : "922f8253trial-dev-incident-management-srv",
    "default-live-uri" : "922f8253trial-dev-incident-management-srv.cfapps.us10-001.hana.ondemand.com",
    "default-live-url" : "https://922f8253trial-dev-incident-management-srv.cfapps.us10-001.hana.ondemand.com",
    "default-uri" : "922f8253trial-dev-incident-management-srv.cfapps.us10-001.hana.ondemand.com",
    "default-url" : "https://922f8253trial-dev-incident-management-srv.cfapps.us10-001.hana.ondemand.com",
    "dependency-type" : "soft",
    "domain" : "cfapps.us10-001.hana.ondemand.com",
    "generated-password" : "********",
    "generated-user" : "********",
    "host" : "922f8253trial-dev-incident-management-srv",
    "instances" : 1,
    "protocol" : "https"
  },
  "requiredDependencies" : [ {
    "majorSchemaVersion" : 3,
    "name" : "********",
    "properties" : { },
    "parameters" : { },
    "propertiesMetadata" : {
      "metadata" : { }
    },
    "parametersMetadata" : {
      "metadata" : { }
    }
  }, {
    "majorSchemaVersion" : 3,
    "name" : "incident-management-db",
    "properties" : { },
    "parameters" : { },
    "propertiesMetadata" : {
      "metadata" : { }
    },
    "parametersMetadata" : {
      "metadata" : { }
    }
  }, {
    "majorSchemaVersion" : 3,
    "name" : "incident-management-destination",
    "properties" : { },
    "parameters" : { },
    "propertiesMetadata" : {
      "metadata" : { }
    },
    "parametersMetadata" : {
      "metadata" : { }
    }
  } ],
  "providedDependencies" : [ {
    "majorSchemaVersion" : 3,
    "name" : "srv-api",
    "isPublic" : false,
    "properties" : {
      "srv-url" : "https://922f8253trial-dev-incident-management-srv.cfapps.us10-001.hana.ondemand.com"
    },
    "parameters" : { },
    "propertiesMetadata" : {
      "metadata" : { }
    },
    "parametersMetadata" : {
      "metadata" : { }
    }
  }, {
    "majorSchemaVersion" : 3,
    "name" : "incident-management-srv",
    "isPublic" : false,
    "properties" : { },
    "parameters" : { },
    "propertiesMetadata" : {
      "metadata" : { }
    },
    "parametersMetadata" : {
      "metadata" : { }
    }
  } ],
  "propertiesMetadata" : {
    "metadata" : { }
  },
  "parametersMetadata" : {
    "metadata" : { }
  },
  "deployedAfter" : [ ],
  "hooks" : [ ]
}, {
  "majorSchemaVersion" : 3,
  "name" : "incident-management-db-deployer",
  "type" : "com.sap.xs.hdi",
  "path" : "incident-management-db-deployer",
  "properties" : {
    "EXIT" : 1
  },
  "parameters" : {
    "app-name" : "incident-management-db-deployer",
    "buildpack" : "nodejs_buildpack",
    "default-app-name" : "incident-management-db-deployer",
    "default-host" : "922f8253trial-dev-incident-management-db-deployer",
    "default-instances" : 1,
    "default-live-app-name" : "incident-management-db-deployer",
    "default-live-domain" : "cfapps.us10-001.hana.ondemand.com",
    "default-live-host" : "922f8253trial-dev-incident-management-db-deployer",
    "default-live-uri" : "922f8253trial-dev-incident-management-db-deployer.cfapps.us10-001.hana.ondemand.com",
    "default-live-url" : "https://922f8253trial-dev-incident-management-db-deployer.cfapps.us10-001.hana.ondemand.com",
    "default-uri" : "922f8253trial-dev-incident-management-db-deployer.cfapps.us10-001.hana.ondemand.com",
    "default-url" : "https://922f8253trial-dev-incident-management-db-deployer.cfapps.us10-001.hana.ondemand.com",
    "dependency-type" : "hard",
    "domain" : "cfapps.us10-001.hana.ondemand.com",
    "generated-password" : "********",
    "generated-user" : "********",
    "host" : "922f8253trial-dev-incident-management-db-deployer",
    "instances" : 1,
    "memory" : "256M",
    "no-route" : true,
    "no-start" : true,
    "protocol" : "https",
    "tasks" : [ {
      "command" : "npm start",
      "memory" : "256M",
      "name" : "deploy"
    } ]
  },
  "requiredDependencies" : [ {
    "majorSchemaVersion" : 3,
    "name" : "incident-management-db",
    "properties" : { },
    "parameters" : { },
    "propertiesMetadata" : {
      "metadata" : { }
    },
    "parametersMetadata" : {
      "metadata" : { }
    }
  } ],
  "providedDependencies" : [ {
    "majorSchemaVersion" : 3,
    "name" : "incident-management-db-deployer",
    "isPublic" : false,
    "properties" : { },
    "parameters" : { },
    "propertiesMetadata" : {
      "metadata" : { }
    },
    "parametersMetadata" : {
      "metadata" : { }
    }
  } ],
  "propertiesMetadata" : {
    "metadata" : { }
  },
  "parametersMetadata" : {
    "metadata" : { }
  },
  "deployedAfter" : [ ],
  "hooks" : [ ]
}, {
  "majorSchemaVersion" : 3,
  "name" : "incident-management-app-deployer",
  "type" : "com.sap.application.content",
  "path" : "incident-management-app-deployer",
  "properties" : { },
  "parameters" : {
    "app-name" : "incident-management-app-deployer",
    "config" : {
      "destinations" : [ {
        "Authentication" : "********",
        "HTML5.DynamicDestination" : true,
        "HTML5.ForwardAuthToken" : "********",
        "Name" : "srv-api",
        "ProxyType" : "Internet",
        "Type" : "HTTP",
        "URL" : "https://922f8253trial-dev-incident-management-srv.cfapps.us10-001.hana.ondemand.com"
      } ]
    },
    "default-app-name" : "incident-management-app-deployer",
    "default-host" : "922f8253trial-dev-incident-management-app-deployer",
    "default-instances" : 1,
    "default-live-app-name" : "incident-management-app-deployer",
    "default-live-domain" : "cfapps.us10-001.hana.ondemand.com",
    "default-live-host" : "922f8253trial-dev-incident-management-app-deployer",
    "default-live-uri" : "922f8253trial-dev-incident-management-app-deployer.cfapps.us10-001.hana.ondemand.com",
    "default-live-url" : "https://922f8253trial-dev-incident-management-app-deployer.cfapps.us10-001.hana.ondemand.com",
    "default-uri" : "922f8253trial-dev-incident-management-app-deployer.cfapps.us10-001.hana.ondemand.com",
    "default-url" : "https://922f8253trial-dev-incident-management-app-deployer.cfapps.us10-001.hana.ondemand.com",
    "dependency-type" : "soft",
    "domain" : "cfapps.us10-001.hana.ondemand.com",
    "generated-password" : "********",
    "generated-user" : "********",
    "host" : "922f8253trial-dev-incident-management-app-deployer",
    "instances" : 1,
    "protocol" : "https"
  },
  "requiredDependencies" : [ {
    "majorSchemaVersion" : 3,
    "name" : "********",
    "properties" : { },
    "parameters" : { },
    "propertiesMetadata" : {
      "metadata" : { }
    },
    "parametersMetadata" : {
      "metadata" : { }
    }
  }, {
    "majorSchemaVersion" : 3,
    "name" : "srv-api",
    "properties" : { },
    "parameters" : { },
    "propertiesMetadata" : {
      "metadata" : { }
    },
    "parametersMetadata" : {
      "metadata" : { }
    }
  }, {
    "majorSchemaVersion" : 3,
    "name" : "incident-management-html5-repo-host",
    "properties" : { },
    "parameters" : {
      "content-target" : true
    },
    "propertiesMetadata" : {
      "metadata" : { }
    },
    "parametersMetadata" : {
      "metadata" : { }
    }
  } ],
  "providedDependencies" : [ {
    "majorSchemaVersion" : 3,
    "name" : "incident-management-app-deployer",
    "isPublic" : false,
    "properties" : { },
    "parameters" : { },
    "propertiesMetadata" : {
      "metadata" : { }
    },
    "parametersMetadata" : {
      "metadata" : { }
    }
  } ],
  "propertiesMetadata" : {
    "metadata" : { }
  },
  "parametersMetadata" : {
    "metadata" : { }
  },
  "deployedAfter" : [ ],
  "hooks" : [ ]
}, {
  "majorSchemaVersion" : 3,
  "name" : "incident-management-destinations",
  "type" : "com.sap.application.content",
  "properties" : { },
  "parameters" : {
    "app-name" : "incident-management-destinations",
    "content" : {
      "instance" : {
        "destinations" : [ {
          "Name" : "incident-management-html5-repository",
          "ServiceInstanceName" : "incident-management-html5-repo-host",
          "ServiceKeyName" : "********",
          "sap.cloud.service" : "incidentmanagement.service"
        }, {
          "Authentication" : "********",
          "Name" : "********",
          "ServiceInstanceName" : "********",
          "ServiceKeyName" : "********",
          "sap.cloud.service" : "incidentmanagement.service"
        } ],
        "existing_destinations_policy" : "update"
      }
    },
    "default-app-name" : "incident-management-destinations",
    "default-host" : "922f8253trial-dev-incident-management-destinations",
    "default-instances" : 1,
    "default-live-app-name" : "incident-management-destinations",
    "default-live-domain" : "cfapps.us10-001.hana.ondemand.com",
    "default-live-host" : "922f8253trial-dev-incident-management-destinations",
    "default-live-uri" : "922f8253trial-dev-incident-management-destinations.cfapps.us10-001.hana.ondemand.com",
    "default-live-url" : "https://922f8253trial-dev-incident-management-destinations.cfapps.us10-001.hana.ondemand.com",
    "default-uri" : "922f8253trial-dev-incident-management-destinations.cfapps.us10-001.hana.ondemand.com",
    "default-url" : "https://922f8253trial-dev-incident-management-destinations.cfapps.us10-001.hana.ondemand.com",
    "dependency-type" : "soft",
    "domain" : "cfapps.us10-001.hana.ondemand.com",
    "generated-password" : "********",
    "generated-user" : "********",
    "host" : "922f8253trial-dev-incident-management-destinations",
    "instances" : 1,
    "protocol" : "https"
  },
  "requiredDependencies" : [ {
    "majorSchemaVersion" : 3,
    "name" : "********",
    "properties" : { },
    "parameters" : {
      "service-key" : "********"
    },
    "propertiesMetadata" : {
      "metadata" : { }
    },
    "parametersMetadata" : {
      "metadata" : { }
    }
  }, {
    "majorSchemaVersion" : 3,
    "name" : "incident-management-html5-repo-host",
    "properties" : { },
    "parameters" : {
      "service-key" : "********"
    },
    "propertiesMetadata" : {
      "metadata" : { }
    },
    "parametersMetadata" : {
      "metadata" : { }
    }
  }, {
    "majorSchemaVersion" : 3,
    "name" : "incident-management-destination",
    "properties" : { },
    "parameters" : {
      "content-target" : true
    },
    "propertiesMetadata" : {
      "metadata" : { }
    },
    "parametersMetadata" : {
      "metadata" : { }
    }
  } ],
  "providedDependencies" : [ {
    "majorSchemaVersion" : 3,
    "name" : "incident-management-destinations",
    "isPublic" : false,
    "properties" : { },
    "parameters" : { },
    "propertiesMetadata" : {
      "metadata" : { }
    },
    "parametersMetadata" : {
      "metadata" : { }
    }
  } ],
  "propertiesMetadata" : {
    "metadata" : { }
  },
  "parametersMetadata" : {
    "metadata" : { }
  },
  "deployedAfter" : [ ],
  "hooks" : [ ]
} ]#
#2026 05 14 11:36:08.857#Z#DEBUG#12f0546a-4f89-11f1-8186-eeee0a8da331.OPERATION#flowable-async-job-executor-thread-1994#
Step "Compute Next Modules To Deploy" finished#
#2026 05 14 11:36:08.971#Z#DEBUG#12f0546a-4f89-11f1-8186-eeee0a8da331.OPERATION#flowable-async-job-executor-thread-1989#
[ProcessDescriptorStep] Executing task "reprocessDescriptorTask" of process "19e9759b-4f89-11f1-964a-eeee0a8788cb"...#
#2026 05 14 11:36:08.971#Z#DEBUG#12f0546a-4f89-11f1-8186-eeee0a8da331.OPERATION#flowable-async-job-executor-thread-1989#
[ProcessDescriptorStep] Resolving properties and parameters in merged descriptor...#
#2026 05 14 11:36:08.974#Z#DEBUG#12f0546a-4f89-11f1-8186-eeee0a8da331.OPERATION#flowable-async-job-executor-thread-1989#
[ProcessDescriptorStep] Subscriptions: [ ]#
#2026 05 14 11:36:08.977#Z#DEBUG#12f0546a-4f89-11f1-8186-eeee0a8da331.OPERATION#flowable-async-job-executor-thread-1989#
[ProcessDescriptorStep] MTA modules: [incident-management-app-deployer, incident-management-db-deployer, incident-management-srv, incident-management-destinations]#
#2026 05 14 11:36:08.979#Z#DEBUG#12f0546a-4f89-11f1-8186-eeee0a8da331.OPERATION#flowable-async-job-executor-thread-1989#
[ProcessDescriptorStep] Resolved deployment descriptor: {
  "majorSchemaVersion" : 3,
  "schemaVersion" : "3.3.0",
  "id" : "incident-management",
  "version" : "1.0.0",
  "modules" : [ {
    "majorSchemaVersion" : 3,
    "name" : "incident-management-srv",
    "type" : "javascript.nodejs",
    "path" : "incident-management-srv",
    "properties" : { },
    "parameters" : {
      "default-url" : "https://922f8253trial-dev-incident-management-srv.cfapps.us10-001.hana.ondemand.com",
      "default-app-name" : "incident-management-srv",
      "generated-password" : "********",
      "default-live-url" : "https://922f8253trial-dev-incident-management-srv.cfapps.us10-001.hana.ondemand.com",
      "default-uri" : "922f8253trial-dev-incident-management-srv.cfapps.us10-001.hana.ondemand.com",
      "default-instances" : 1,
      "default-live-host" : "922f8253trial-dev-incident-management-srv",
      "instances" : 1,
      "buildpack" : "nodejs_buildpack",
      "default-host" : "922f8253trial-dev-incident-management-srv",
      "app-name" : "incident-management-srv",
      "default-live-uri" : "922f8253trial-dev-incident-management-srv.cfapps.us10-001.hana.ondemand.com",
      "protocol" : "https",
      "default-live-app-name" : "incident-management-srv",
      "default-live-domain" : "cfapps.us10-001.hana.ondemand.com",
      "domain" : "cfapps.us10-001.hana.ondemand.com",
      "host" : "922f8253trial-dev-incident-management-srv",
      "generated-user" : "********"
    },
    "requiredDependencies" : [ {
      "majorSchemaVersion" : 3,
      "name" : "********",
      "properties" : { },
      "parameters" : { },
      "propertiesMetadata" : {
        "metadata" : { }
      },
      "parametersMetadata" : {
        "metadata" : { }
      }
    }, {
      "majorSchemaVersion" : 3,
      "name" : "incident-management-db",
      "properties" : { },
      "parameters" : { },
      "propertiesMetadata" : {
        "metadata" : { }
      },
      "parametersMetadata" : {
        "metadata" : { }
      }
    }, {
      "majorSchemaVersion" : 3,
      "name" : "incident-management-destination",
      "properties" : { },
      "parameters" : { },
      "propertiesMetadata" : {
        "metadata" : { }
      },
      "parametersMetadata" : {
        "metadata" : { }
      }
    } ],
    "providedDependencies" : [ {
      "majorSchemaVersion" : 3,
      "name" : "srv-api",
      "isPublic" : false,
      "properties" : {
        "srv-url" : "https://922f8253trial-dev-incident-management-srv.cfapps.us10-001.hana.ondemand.com"
      },
      "parameters" : { },
      "propertiesMetadata" : {
        "metadata" : { }
      },
      "parametersMetadata" : {
        "metadata" : { }
      }
    }, {
      "majorSchemaVersion" : 3,
      "name" : "incident-management-srv",
      "isPublic" : false,
      "properties" : { },
      "parameters" : { },
      "propertiesMetadata" : {
        "metadata" : { }
      },
      "parametersMetadata" : {
        "metadata" : { }
      }
    } ],
    "propertiesMetadata" : {
      "metadata" : { }
    },
    "parametersMetadata" : {
      "metadata" : { }
    },
    "hooks" : [ ]
  }, {
    "majorSchemaVersion" : 3,
    "name" : "incident-management-db-deployer",
    "type" : "com.sap.xs.hdi",
    "path" : "incident-management-db-deployer",
    "properties" : {
      "EXIT" : 1
    },
    "parameters" : {
      "default-url" : "https://922f8253trial-dev-incident-management-db-deployer.cfapps.us10-001.hana.ondemand.com",
      "default-app-name" : "incident-management-db-deployer",
      "generated-password" : "********",
      "default-live-url" : "https://922f8253trial-dev-incident-management-db-deployer.cfapps.us10-001.hana.ondemand.com",
      "default-uri" : "922f8253trial-dev-incident-management-db-deployer.cfapps.us10-001.hana.ondemand.com",
      "memory" : "256M",
      "default-instances" : 1,
      "no-route" : true,
      "default-live-host" : "922f8253trial-dev-incident-management-db-deployer",
      "instances" : 1,
      "buildpack" : "nodejs_buildpack",
      "default-host" : "922f8253trial-dev-incident-management-db-deployer",
      "app-name" : "incident-management-db-deployer",
      "default-live-uri" : "922f8253trial-dev-incident-management-db-deployer.cfapps.us10-001.hana.ondemand.com",
      "protocol" : "https",
      "default-live-app-name" : "incident-management-db-deployer",
      "default-live-domain" : "cfapps.us10-001.hana.ondemand.com",
      "dependency-type" : "hard",
      "domain" : "cfapps.us10-001.hana.ondemand.com",
      "host" : "922f8253trial-dev-incident-management-db-deployer",
      "generated-user" : "********",
      "tasks" : [ {
        "command" : "npm start",
        "memory" : "256M",
        "name" : "deploy"
      } ],
      "no-start" : true
    },
    "requiredDependencies" : [ {
      "majorSchemaVersion" : 3,
      "name" : "incident-management-db",
      "properties" : { },
      "parameters" : { },
      "propertiesMetadata" : {
        "metadata" : { }
      },
      "parametersMetadata" : {
        "metadata" : { }
      }
    } ],
    "providedDependencies" : [ {
      "majorSchemaVersion" : 3,
      "name" : "incident-management-db-deployer",
      "isPublic" : false,
      "properties" : { },
      "parameters" : { },
      "propertiesMetadata" : {
        "metadata" : { }
      },
      "parametersMetadata" : {
        "metadata" : { }
      }
    } ],
    "propertiesMetadata" : {
      "metadata" : { }
    },
    "parametersMetadata" : {
      "metadata" : { }
    },
    "hooks" : [ ]
  }, {
    "majorSchemaVersion" : 3,
    "name" : "incident-management-app-deployer",
    "type" : "com.sap.application.content",
    "path" : "incident-management-app-deployer",
    "properties" : { },
    "parameters" : {
      "default-url" : "https://922f8253trial-dev-incident-management-app-deployer.cfapps.us10-001.hana.ondemand.com",
      "default-app-name" : "incident-management-app-deployer",
      "generated-password" : "********",
      "default-live-url" : "https://922f8253trial-dev-incident-management-app-deployer.cfapps.us10-001.hana.ondemand.com",
      "default-uri" : "922f8253trial-dev-incident-management-app-deployer.cfapps.us10-001.hana.ondemand.com",
      "default-instances" : 1,
      "default-live-host" : "922f8253trial-dev-incident-management-app-deployer",
      "instances" : 1,
      "default-host" : "922f8253trial-dev-incident-management-app-deployer",
      "app-name" : "incident-management-app-deployer",
      "default-live-uri" : "922f8253trial-dev-incident-management-app-deployer.cfapps.us10-001.hana.ondemand.com",
      "protocol" : "https",
      "default-live-app-name" : "incident-management-app-deployer",
      "default-live-domain" : "cfapps.us10-001.hana.ondemand.com",
      "domain" : "cfapps.us10-001.hana.ondemand.com",
      "host" : "922f8253trial-dev-incident-management-app-deployer",
      "generated-user" : "********",
      "config" : {
        "destinations" : [ {
          "Authentication" : "********",
          "HTML5.DynamicDestination" : true,
          "HTML5.ForwardAuthToken" : "********",
          "Name" : "srv-api",
          "ProxyType" : "Internet",
          "Type" : "HTTP",
          "URL" : "https://922f8253trial-dev-incident-management-srv.cfapps.us10-001.hana.ondemand.com"
        } ]
      }
    },
    "requiredDependencies" : [ {
      "majorSchemaVersion" : 3,
      "name" : "********",
      "properties" : { },
      "parameters" : { },
      "propertiesMetadata" : {
        "metadata" : { }
      },
      "parametersMetadata" : {
        "metadata" : { }
      }
    }, {
      "majorSchemaVersion" : 3,
      "name" : "srv-api",
      "properties" : { },
      "parameters" : { },
      "propertiesMetadata" : {
        "metadata" : { }
      },
      "parametersMetadata" : {
        "metadata" : { }
      }
    }, {
      "majorSchemaVersion" : 3,
      "name" : "incident-management-html5-repo-host",
      "properties" : { },
      "parameters" : {
        "content-target" : true
      },
      "propertiesMetadata" : {
        "metadata" : { }
      },
      "parametersMetadata" : {
        "metadata" : { }
      }
    } ],
    "providedDependencies" : [ {
      "majorSchemaVersion" : 3,
      "name" : "incident-management-app-deployer",
      "isPublic" : false,
      "properties" : { },
      "parameters" : { },
      "propertiesMetadata" : {
        "metadata" : { }
      },
      "parametersMetadata" : {
        "metadata" : { }
      }
    } ],
    "propertiesMetadata" : {
      "metadata" : { }
    },
    "parametersMetadata" : {
      "metadata" : { }
    },
    "hooks" : [ ]
  }, {
    "majorSchemaVersion" : 3,
    "name" : "incident-management-destinations",
    "type" : "com.sap.application.content",
    "properties" : { },
    "parameters" : {
      "default-url" : "https://922f8253trial-dev-incident-management-destinations.cfapps.us10-001.hana.ondemand.com",
      "default-app-name" : "incident-management-destinations",
      "generated-password" : "********",
      "default-live-url" : "https://922f8253trial-dev-incident-management-destinations.cfapps.us10-001.hana.ondemand.com",
      "default-uri" : "922f8253trial-dev-incident-management-destinations.cfapps.us10-001.hana.ondemand.com",
      "default-instances" : 1,
      "default-live-host" : "922f8253trial-dev-incident-management-destinations",
      "instances" : 1,
      "default-host" : "922f8253trial-dev-incident-management-destinations",
      "content" : {
        "instance" : {
          "destinations" : [ {
            "Name" : "incident-management-html5-repository",
            "ServiceInstanceName" : "incident-management-html5-repo-host",
            "ServiceKeyName" : "********",
            "sap.cloud.service" : "incidentmanagement.service"
          }, {
            "Authentication" : "********",
            "Name" : "********",
            "ServiceInstanceName" : "********",
            "ServiceKeyName" : "********",
            "sap.cloud.service" : "incidentmanagement.service"
          } ],
          "existing_destinations_policy" : "update"
        }
      },
      "app-name" : "incident-management-destinations",
      "default-live-uri" : "922f8253trial-dev-incident-management-destinations.cfapps.us10-001.hana.ondemand.com",
      "protocol" : "https",
      "default-live-app-name" : "incident-management-destinations",
      "default-live-domain" : "cfapps.us10-001.hana.ondemand.com",
      "domain" : "cfapps.us10-001.hana.ondemand.com",
      "host" : "922f8253trial-dev-incident-management-destinations",
      "generated-user" : "********"
    },
    "requiredDependencies" : [ {
      "majorSchemaVersion" : 3,
      "name" : "********",
      "properties" : { },
      "parameters" : {
        "service-key" : "********"
      },
      "propertiesMetadata" : {
        "metadata" : { }
      },
      "parametersMetadata" : {
        "metadata" : { }
      }
    }, {
      "majorSchemaVersion" : 3,
      "name" : "incident-management-html5-repo-host",
      "properties" : { },
      "parameters" : {
        "service-key" : "********"
      },
      "propertiesMetadata" : {
        "metadata" : { }
      },
      "parametersMetadata" : {
        "metadata" : { }
      }
    }, {
      "majorSchemaVersion" : 3,
      "name" : "incident-management-destination",
      "properties" : { },
      "parameters" : {
        "content-target" : true
      },
      "propertiesMetadata" : {
        "metadata" : { }
      },
      "parametersMetadata" : {
        "metadata" : { }
      }
    } ],
    "providedDependencies" : [ {
      "majorSchemaVersion" : 3,
      "name" : "incident-management-destinations",
      "isPublic" : false,
      "properties" : { },
      "parameters" : { },
      "propertiesMetadata" : {
        "metadata" : { }
      },
      "parametersMetadata" : {
        "metadata" : { }
      }
    } ],
    "propertiesMetadata" : {
      "metadata" : { }
    },
    "parametersMetadata" : {
      "metadata" : { }
    },
    "hooks" : [ ]
  } ],
  "resources" : [ {
    "majorSchemaVersion" : 3,
    "name" : "********",
    "type" : "org.cloudfoundry.managed-service",
    "properties" : { },
    "parameters" : {
      "generated-password" : "********",
      "path" : "./xs-security.json",
      "service-name" : "********",
      "service-plan" : "application",
      "service" : "xsuaa",
      "generated-user" : "********",
      "default-xsappname" : "********",
      "type" : "managed-service",
      "config" : {
        "tenant-mode" : "dedicated",
        "xsappname" : "incident-management-922f8253trial-dev"
      },
      "default-service-name" : "********",
      "default-container-name" : "********"
    },
    "isActive" : true,
    "isOptional" : false,
    "propertiesMetadata" : {
      "metadata" : { }
    },
    "parametersMetadata" : {
      "metadata" : { }
    },
    "requiredDependencies" : [ ],
    "processedAfter" : [ ]
  }, {
    "majorSchemaVersion" : 3,
    "name" : "incident-management-db",
    "type" : "com.sap.xs.hdi-container",
    "properties" : { },
    "parameters" : {
      "generated-password" : "********",
      "service-name" : "incident-management-db",
      "service-plan" : "hdi-shared",
      "service" : "hana",
      "generated-user" : "********",
      "default-xsappname" : "incident-management-db",
      "type" : "managed-service",
      "default-service-name" : "incident-management-db",
      "default-container-name" : "922F8253TRIAL_DEV_INCIDENT_MANAGEMENT_DB"
    },
    "isActive" : true,
    "isOptional" : false,
    "propertiesMetadata" : {
      "metadata" : { }
    },
    "parametersMetadata" : {
      "metadata" : { }
    },
    "requiredDependencies" : [ ],
    "processedAfter" : [ ]
  }, {
    "majorSchemaVersion" : 3,
    "name" : "incident-management-destination",
    "type" : "org.cloudfoundry.managed-service",
    "properties" : { },
    "parameters" : {
      "generated-password" : "********",
      "service-name" : "incident-management-destination",
      "service-plan" : "lite",
      "service" : "destination",
      "generated-user" : "********",
      "default-xsappname" : "incident-management-destination",
      "type" : "managed-service",
      "config" : {
        "HTML5Runtime_enabled" : true
      },
      "default-service-name" : "incident-management-destination",
      "default-container-name" : "922F8253TRIAL_DEV_INCIDENT_MANAGEMENT_DESTINATION"
    },
    "isActive" : true,
    "isOptional" : false,
    "propertiesMetadata" : {
      "metadata" : { }
    },
    "parametersMetadata" : {
      "metadata" : { }
    },
    "requiredDependencies" : [ ],
    "processedAfter" : [ ]
  }, {
    "majorSchemaVersion" : 3,
    "name" : "incident-management-html5-repo-host",
    "type" : "org.cloudfoundry.managed-service",
    "properties" : { },
    "parameters" : {
      "generated-password" : "********",
      "service-name" : "incident-management-html5-repo-host",
      "service-plan" : "app-host",
      "service" : "html5-apps-repo",
      "generated-user" : "********",
      "default-xsappname" : "incident-management-html5-repo-host",
      "type" : "managed-service",
      "default-service-name" : "incident-management-html5-repo-host",
      "default-container-name" : "922F8253TRIAL_DEV_INCIDENT_MANAGEMENT_HTML5_REPO_HOST"
    },
    "isActive" : true,
    "isOptional" : false,
    "propertiesMetadata" : {
      "metadata" : { }
    },
    "parametersMetadata" : {
      "metadata" : { }
    },
    "requiredDependencies" : [ ],
    "processedAfter" : [ ]
  } ],
  "parameters" : {
    "deploy_mode" : "html5-repo",
    "mta-id" : "incident-management",
    "authorization-url" : "********",
    "org-guid" : "14eeb614-6e79-4ebc-aaef-3126f44263da",
    "org" : "922f8253trial",
    "deploy-target" : "922f8253trial dev",
    "enable-parallel-deployments" : true,
    "region-primary-domain" : "us10.hana.ondemand.com",
    "space" : "dev",
    "region-domain" : "us10-001.hana.ondemand.com",
    "xs-api-url" : "https://api.cf.us10-001.hana.ondemand.com",
    "deploy-url" : "deploy-service.cfapps.us10-001.hana.ondemand.com",
    "xs-type" : "CF",
    "default-domain" : "cfapps.us10-001.hana.ondemand.com",
    "mta-version" : "1.0.0",
    "xs-auth-url" : "********",
    "space-guid" : "fbd7e39b-aea9-4686-afbf-72d94ec62a35",
    "user" : "********",
    "controller-url" : "https://api.cf.us10-001.hana.ondemand.com",
    "timestamp" : "20260514113557"
  },
  "parametersMetadata" : {
    "metadata" : { }
  }
}#
#2026 05 14 11:36:08.979#Z#DEBUG#12f0546a-4f89-11f1-8186-eeee0a8da331.OPERATION#flowable-async-job-executor-thread-1989#
[ProcessDescriptorStep] Merged descriptor properties and parameters resolved#
#2026 05 14 11:36:08.979#Z#DEBUG#12f0546a-4f89-11f1-8186-eeee0a8da331.OPERATION#flowable-async-job-executor-thread-1989#
Step "Re-Process Descriptor Step" finished#
#2026 05 14 11:36:08.996#Z#DEBUG#12f0546a-4f89-11f1-8186-eeee0a8da331.OPERATION#flowable-async-job-executor-thread-1989#
[BuildApplicationDeployModelStep] Executing task "buildApplicationDeployModelTask" of process "19e9759b-4f89-11f1-964a-eeee0a8788cb"...#
#2026 05 14 11:36:08.997#Z#DEBUG#12f0546a-4f89-11f1-8186-eeee0a8da331.OPERATION#flowable-async-job-executor-thread-1989#
[BuildApplicationDeployModelStep] Building cloud deployment model for application "incident-management-db-deployer"...#
#2026 05 14 11:36:09.000#Z#DEBUG#12f0546a-4f89-11f1-8186-eeee0a8da331.OPERATION#flowable-async-job-executor-thread-1989#
[BuildApplicationDeployModelStep] No health-check-type is specified. Setting default type: port#
#2026 05 14 11:36:09.000#Z#INFO#12f0546a-4f89-11f1-8186-eeee0a8da331.OPERATION#flowable-async-job-executor-thread-1989#
[BuildApplicationDeployModelStep] Building configuration entries for org 922f8253trial, space dev, spaceId fbd7e39b-aea9-4686-afbf-72d94ec62a35 and namespace null!#
#2026 05 14 11:36:09.001#Z#DEBUG#12f0546a-4f89-11f1-8186-eeee0a8da331.OPERATION#flowable-async-job-executor-thread-1989#
[BuildApplicationDeployModelStep] Configuration entries to publish: [ ]#
#2026 05 14 11:36:09.001#Z#DEBUG#12f0546a-4f89-11f1-8186-eeee0a8da331.OPERATION#flowable-async-job-executor-thread-1989#
[BuildApplicationDeployModelStep] Cloud deployment model for application built#
#2026 05 14 11:36:09.001#Z#DEBUG#12f0546a-4f89-11f1-8186-eeee0a8da331.OPERATION#flowable-async-job-executor-thread-1989#
Step "Build Application Deploy Model" finished#
#2026 05 14 11:36:09.028#Z#DEBUG#12f0546a-4f89-11f1-8186-eeee0a8da331.OPERATION#flowable-async-job-executor-thread-1989#
[CreateOrUpdateAppStep] Executing task "createAppTask" of process "19e9759b-4f89-11f1-964a-eeee0a8788cb"...#
#2026 05 14 11:36:09.029#Z#DEBUG#12f0546a-4f89-11f1-8186-eeee0a8da331.OPERATION#flowable-async-job-executor-thread-1989#
[CreateOrUpdateAppStep] Getting application "incident-management-db-deployer"...#
#2026 05 14 11:36:09.084#Z#INFO#12f0546a-4f89-11f1-8186-eeee0a8da331.OPERATION#flowable-async-job-executor-thread-1989#
[CreateOrUpdateAppStep] Updating application "incident-management-db-deployer"...#
#2026 05 14 11:36:09.088#Z#DEBUG#12f0546a-4f89-11f1-8186-eeee0a8da331.OPERATION#flowable-async-job-executor-thread-1989#
[CreateOrUpdateAppStep] Getting process for application "704b7d6e-c410-4b7e-8dbd-4e9da35f4465"...#
#2026 05 14 11:36:09.122#Z#DEBUG#12f0546a-4f89-11f1-8186-eeee0a8da331.OPERATION#flowable-async-job-executor-thread-1989#
[CreateOrUpdateAppStep] Getting routes for application "704b7d6e-c410-4b7e-8dbd-4e9da35f4465"...#
#2026 05 14 11:36:09.151#Z#DEBUG#12f0546a-4f89-11f1-8186-eeee0a8da331.OPERATION#flowable-async-job-executor-thread-1989#
[CreateOrUpdateAppStep] Getting features for application "704b7d6e-c410-4b7e-8dbd-4e9da35f4465"#
#2026 05 14 11:36:09.169#Z#DEBUG#12f0546a-4f89-11f1-8186-eeee0a8da331.OPERATION#flowable-async-job-executor-thread-1989#
[CreateOrUpdateAppStep] Updating staging of application "incident-management-db-deployer" to: {
  "buildpacks" : [ "nodejs_buildpack" ],
  "healthCheckType" : "port",
  "appFeatures" : { }
}#
#2026 05 14 11:36:09.365#Z#DEBUG#12f0546a-4f89-11f1-8186-eeee0a8da331.OPERATION#flowable-async-job-executor-thread-1989#
[CreateOrUpdateAppStep] Application "incident-management-db-deployer" updated#
#2026 05 14 11:36:09.365#Z#DEBUG#12f0546a-4f89-11f1-8186-eeee0a8da331.OPERATION#flowable-async-job-executor-thread-1989#
[CreateOrUpdateAppStep] Getting environment of application "704b7d6e-c410-4b7e-8dbd-4e9da35f4465"...#
#2026 05 14 11:36:09.427#Z#DEBUG#12f0546a-4f89-11f1-8186-eeee0a8da331.OPERATION#flowable-async-job-executor-thread-1989#
[CreateOrUpdateAppStep] Application "incident-management-db-deployer" updated#
#2026 05 14 11:36:09.427#Z#DEBUG#12f0546a-4f89-11f1-8186-eeee0a8da331.OPERATION#flowable-async-job-executor-thread-1989#
Step "Create App" finished#
#2026 05 14 11:36:09.494#Z#DEBUG#12f0546a-4f89-11f1-8186-eeee0a8da331.OPERATION#flowable-async-job-executor-thread-1989#
[CheckServiceBindingOperationStep] Executing task "checkForServiceBindingOperationInProgress" of process "1a3ec0e8-4f89-11f1-964a-eeee0a8788cb"...#
#2026 05 14 11:36:09.494#Z#DEBUG#12f0546a-4f89-11f1-8186-eeee0a8da331.OPERATION#flowable-async-job-executor-thread-1989#
[CheckServiceBindingOperationStep] Checking for service binding operation in progress between app "incident-management-db-deployer" and service instance "incident-management-db"#
#2026 05 14 11:36:09.495#Z#DEBUG#12f0546a-4f89-11f1-8186-eeee0a8da331.OPERATION#flowable-async-job-executor-thread-1989#
[CheckServiceBindingOperationStep] Getting application guid "incident-management-db-deployer"...#
#2026 05 14 11:36:09.540#Z#DEBUG#12f0546a-4f89-11f1-8186-eeee0a8da331.OPERATION#flowable-async-job-executor-thread-1989#
[CheckServiceBindingOperationStep] Getting GUID of required service instance "incident-management-db"...#
#2026 05 14 11:36:09.571#Z#DEBUG#12f0546a-4f89-11f1-8186-eeee0a8da331.OPERATION#flowable-async-job-executor-thread-1989#
[CheckServiceBindingOperationStep] Getting binding of service instance "a20afc5d-265f-435f-942c-42adef588a28" with application "704b7d6e-c410-4b7e-8dbd-4e9da35f4465"...#
#2026 05 14 11:36:09.601#Z#DEBUG#12f0546a-4f89-11f1-8186-eeee0a8da331.OPERATION#flowable-async-job-executor-thread-1989#
[CheckServiceBindingOperationStep] Service binding operation "5235624b-7e38-4072-a9c4-baa13ce09738" with type "create" is in state "succeeded"#
#2026 05 14 11:36:09.601#Z#DEBUG#12f0546a-4f89-11f1-8186-eeee0a8da331.OPERATION#flowable-async-job-executor-thread-1989#
Step "Check For Service Binding Operation In Progress" finished#
#2026 05 14 11:36:09.620#Z#DEBUG#12f0546a-4f89-11f1-8186-eeee0a8da331.OPERATION#flowable-async-job-executor-thread-1989#
[DetermineApplicationServiceBindingActionsStep] Executing task "determineApplicationServiceBindingActionsTask" of process "1a3ec0e8-4f89-11f1-964a-eeee0a8788cb"...#
#2026 05 14 11:36:09.620#Z#DEBUG#12f0546a-4f89-11f1-8186-eeee0a8da331.OPERATION#flowable-async-job-executor-thread-1989#
[DetermineApplicationServiceBindingActionsStep] Determine bind/unbind operations of application "incident-management-db-deployer" to service instance "incident-management-db"#
#2026 05 14 11:36:09.620#Z#DEBUG#12f0546a-4f89-11f1-8186-eeee0a8da331.OPERATION#flowable-async-job-executor-thread-1989#
[DetermineApplicationServiceBindingActionsStep] Getting application "incident-management-db-deployer"...#
#2026 05 14 11:36:09.663#Z#DEBUG#12f0546a-4f89-11f1-8186-eeee0a8da331.OPERATION#flowable-async-job-executor-thread-1989#
[DetermineApplicationServiceBindingActionsStep] Binding parameters for application "incident-management-db-deployer": { }#
#2026 05 14 11:36:09.689#Z#DEBUG#12f0546a-4f89-11f1-8186-eeee0a8da331.OPERATION#flowable-async-job-executor-thread-1989#
[DetermineApplicationServiceBindingActionsStep] Check should rebind application "incident-management-db-deployer" and service instance "incident-management-db"#
#2026 05 14 11:36:09.689#Z#DEBUG#12f0546a-4f89-11f1-8186-eeee0a8da331.OPERATION#flowable-async-job-executor-thread-1989#
[DetermineApplicationServiceBindingActionsStep] Getting GUID of required service instance "incident-management-db"...#
#2026 05 14 11:36:09.725#Z#DEBUG#12f0546a-4f89-11f1-8186-eeee0a8da331.OPERATION#flowable-async-job-executor-thread-1989#
[DetermineApplicationServiceBindingActionsStep] Getting binding of service instance "a20afc5d-265f-435f-942c-42adef588a28" with application "704b7d6e-c410-4b7e-8dbd-4e9da35f4465"...#
#2026 05 14 11:36:09.760#Z#DEBUG#12f0546a-4f89-11f1-8186-eeee0a8da331.OPERATION#flowable-async-job-executor-thread-1989#
[DetermineApplicationServiceBindingActionsStep] Getting parameters of service binding "5235624b-7e38-4072-a9c4-baa13ce09738"...#
#2026 05 14 11:36:09.963#Z#INFO#12f0546a-4f89-11f1-8186-eeee0a8da331.OPERATION#flowable-async-job-executor-thread-1989#
[DetermineApplicationServiceBindingActionsStep] Service instance "incident-management-db" will not be rebound to application "incident-management-db-deployer" because the binding parameters are not modified#
#2026 05 14 11:36:09.966#Z#DEBUG#12f0546a-4f89-11f1-8186-eeee0a8da331.OPERATION#flowable-async-job-executor-thread-1989#
[DetermineApplicationServiceBindingActionsStep] Calculated binding operations between application "incident-management-db-deployer" and service instance "incident-management-db": unbind - false bind - false#
#2026 05 14 11:36:09.966#Z#DEBUG#12f0546a-4f89-11f1-8186-eeee0a8da331.OPERATION#flowable-async-job-executor-thread-1989#
Step "Determine Application Service Binding Actions" finished#
#2026 05 14 11:36:10.040#Z#DEBUG#12f0546a-4f89-11f1-8186-eeee0a8da331.OPERATION#flowable-async-job-executor-thread-1989#
[DetermineVcapServicesPropertiesChangedStep] Executing task "determineVcapServicesPropertiesChangedTask" of process "1a928652-4f89-11f1-964a-eeee0a8788cb"...#
#2026 05 14 11:36:10.041#Z#DEBUG#12f0546a-4f89-11f1-8186-eeee0a8da331.OPERATION#flowable-async-job-executor-thread-1989#
[DetermineVcapServicesPropertiesChangedStep] VCAP_SERVICES properties for application "incident-management-db-deployer" changed: false#
#2026 05 14 11:36:10.041#Z#DEBUG#12f0546a-4f89-11f1-8186-eeee0a8da331.OPERATION#flowable-async-job-executor-thread-1989#
Step "Determine vcap services properties changed" finished#
#2026 05 14 11:36:10.060#Z#DEBUG#12f0546a-4f89-11f1-8186-eeee0a8da331.OPERATION#flowable-async-job-executor-thread-1989#
[UploadAppStep] Executing task "uploadAppTask" of process "1a928652-4f89-11f1-964a-eeee0a8788cb"...#
#2026 05 14 11:36:10.061#Z#DEBUG#12f0546a-4f89-11f1-8186-eeee0a8da331.OPERATION#flowable-async-job-executor-thread-1989#
[UploadAppStep] Application upload timeout is default one: 3,600 seconds#
#2026 05 14 11:36:10.061#Z#INFO#12f0546a-4f89-11f1-8186-eeee0a8da331.OPERATION#flowable-async-job-executor-thread-1989#
[UploadAppStep] Uploading application "incident-management-db-deployer"...#
#2026 05 14 11:36:10.064#Z#DEBUG#12f0546a-4f89-11f1-8186-eeee0a8da331.OPERATION#flowable-async-job-executor-thread-1989#
[UploadAppStep] Getting application "incident-management-db-deployer"...#
#2026 05 14 11:36:10.100#Z#DEBUG#12f0546a-4f89-11f1-8186-eeee0a8da331.OPERATION#flowable-async-job-executor-thread-1989#
[UploadAppStep] Getting environment of application "704b7d6e-c410-4b7e-8dbd-4e9da35f4465"...#
#2026 05 14 11:36:10.135#Z#INFO#12f0546a-4f89-11f1-8186-eeee0a8da331.OPERATION#flowable-async-job-executor-thread-1989#
[UploadAppStep] Calculating application digest: "incident-management-db-deployer"#
#2026 05 14 11:36:10.211#Z#DEBUG#12f0546a-4f89-11f1-8186-eeee0a8da331.OPERATION#flowable-async-job-executor-thread-1989#
Step "Upload App" finished#
#2026 05 14 11:36:11.124#Z#DEBUG#12f0546a-4f89-11f1-8186-eeee0a8da331.OPERATION#flowable-async-job-executor-thread-1440#
[ProcessDescriptorStep] Executing task "reprocessDescriptorTask" of process "1b296f0e-4f89-11f1-8c85-eeee0a9265de"...#
#2026 05 14 11:36:11.126#Z#DEBUG#12f0546a-4f89-11f1-8186-eeee0a8da331.OPERATION#flowable-async-job-executor-thread-1440#
[ProcessDescriptorStep] Resolving properties and parameters in merged descriptor...#
#2026 05 14 11:36:11.133#Z#DEBUG#12f0546a-4f89-11f1-8186-eeee0a8da331.OPERATION#flowable-async-job-executor-thread-1440#
[ProcessDescriptorStep] Subscriptions: [ ]#
#2026 05 14 11:36:11.146#Z#DEBUG#12f0546a-4f89-11f1-8186-eeee0a8da331.OPERATION#flowable-async-job-executor-thread-1440#
[ProcessDescriptorStep] MTA modules: [incident-management-app-deployer, incident-management-db-deployer, incident-management-srv, incident-management-destinations]#
#2026 05 14 11:36:11.151#Z#DEBUG#12f0546a-4f89-11f1-8186-eeee0a8da331.OPERATION#flowable-async-job-executor-thread-1440#
[ProcessDescriptorStep] Resolved deployment descriptor: {
  "majorSchemaVersion" : 3,
  "schemaVersion" : "3.3.0",
  "id" : "incident-management",
  "version" : "1.0.0",
  "modules" : [ {
    "majorSchemaVersion" : 3,
    "name" : "incident-management-srv",
    "type" : "javascript.nodejs",
    "path" : "incident-management-srv",
    "properties" : { },
    "parameters" : {
      "default-url" : "https://922f8253trial-dev-incident-management-srv.cfapps.us10-001.hana.ondemand.com",
      "default-app-name" : "incident-management-srv",
      "generated-password" : "********",
      "default-live-url" : "https://922f8253trial-dev-incident-management-srv.cfapps.us10-001.hana.ondemand.com",
      "default-uri" : "922f8253trial-dev-incident-management-srv.cfapps.us10-001.hana.ondemand.com",
      "default-instances" : 1,
      "default-live-host" : "922f8253trial-dev-incident-management-srv",
      "instances" : 1,
      "buildpack" : "nodejs_buildpack",
      "default-host" : "922f8253trial-dev-incident-management-srv",
      "app-name" : "incident-management-srv",
      "default-live-uri" : "922f8253trial-dev-incident-management-srv.cfapps.us10-001.hana.ondemand.com",
      "protocol" : "https",
      "default-live-app-name" : "incident-management-srv",
      "default-live-domain" : "cfapps.us10-001.hana.ondemand.com",
      "domain" : "cfapps.us10-001.hana.ondemand.com",
      "host" : "922f8253trial-dev-incident-management-srv",
      "generated-user" : "********"
    },
    "requiredDependencies" : [ {
      "majorSchemaVersion" : 3,
      "name" : "********",
      "properties" : { },
      "parameters" : { },
      "propertiesMetadata" : {
        "metadata" : { }
      },
      "parametersMetadata" : {
        "metadata" : { }
      }
    }, {
      "majorSchemaVersion" : 3,
      "name" : "incident-management-db",
      "properties" : { },
      "parameters" : { },
      "propertiesMetadata" : {
        "metadata" : { }
      },
      "parametersMetadata" : {
        "metadata" : { }
      }
    }, {
      "majorSchemaVersion" : 3,
      "name" : "incident-management-destination",
      "properties" : { },
      "parameters" : { },
      "propertiesMetadata" : {
        "metadata" : { }
      },
      "parametersMetadata" : {
        "metadata" : { }
      }
    } ],
    "providedDependencies" : [ {
      "majorSchemaVersion" : 3,
      "name" : "srv-api",
      "isPublic" : false,
      "properties" : {
        "srv-url" : "https://922f8253trial-dev-incident-management-srv.cfapps.us10-001.hana.ondemand.com"
      },
      "parameters" : { },
      "propertiesMetadata" : {
        "metadata" : { }
      },
      "parametersMetadata" : {
        "metadata" : { }
      }
    }, {
      "majorSchemaVersion" : 3,
      "name" : "incident-management-srv",
      "isPublic" : false,
      "properties" : { },
      "parameters" : { },
      "propertiesMetadata" : {
        "metadata" : { }
      },
      "parametersMetadata" : {
        "metadata" : { }
      }
    } ],
    "propertiesMetadata" : {
      "metadata" : { }
    },
    "parametersMetadata" : {
      "metadata" : { }
    },
    "hooks" : [ ]
  }, {
    "majorSchemaVersion" : 3,
    "name" : "incident-management-db-deployer",
    "type" : "com.sap.xs.hdi",
    "path" : "incident-management-db-deployer",
    "properties" : {
      "EXIT" : 1
    },
    "parameters" : {
      "default-url" : "https://922f8253trial-dev-incident-management-db-deployer.cfapps.us10-001.hana.ondemand.com",
      "default-app-name" : "incident-management-db-deployer",
      "generated-password" : "********",
      "default-live-url" : "https://922f8253trial-dev-incident-management-db-deployer.cfapps.us10-001.hana.ondemand.com",
      "default-uri" : "922f8253trial-dev-incident-management-db-deployer.cfapps.us10-001.hana.ondemand.com",
      "memory" : "256M",
      "default-instances" : 1,
      "no-route" : true,
      "default-live-host" : "922f8253trial-dev-incident-management-db-deployer",
      "instances" : 1,
      "buildpack" : "nodejs_buildpack",
      "default-host" : "922f8253trial-dev-incident-management-db-deployer",
      "app-name" : "incident-management-db-deployer",
      "default-live-uri" : "922f8253trial-dev-incident-management-db-deployer.cfapps.us10-001.hana.ondemand.com",
      "protocol" : "https",
      "default-live-app-name" : "incident-management-db-deployer",
      "default-live-domain" : "cfapps.us10-001.hana.ondemand.com",
      "dependency-type" : "hard",
      "domain" : "cfapps.us10-001.hana.ondemand.com",
      "host" : "922f8253trial-dev-incident-management-db-deployer",
      "generated-user" : "********",
      "tasks" : [ {
        "command" : "npm start",
        "memory" : "256M",
        "name" : "deploy"
      } ],
      "no-start" : true
    },
    "requiredDependencies" : [ {
      "majorSchemaVersion" : 3,
      "name" : "incident-management-db",
      "properties" : { },
      "parameters" : { },
      "propertiesMetadata" : {
        "metadata" : { }
      },
      "parametersMetadata" : {
        "metadata" : { }
      }
    } ],
    "providedDependencies" : [ {
      "majorSchemaVersion" : 3,
      "name" : "incident-management-db-deployer",
      "isPublic" : false,
      "properties" : { },
      "parameters" : { },
      "propertiesMetadata" : {
        "metadata" : { }
      },
      "parametersMetadata" : {
        "metadata" : { }
      }
    } ],
    "propertiesMetadata" : {
      "metadata" : { }
    },
    "parametersMetadata" : {
      "metadata" : { }
    },
    "hooks" : [ ]
  }, {
    "majorSchemaVersion" : 3,
    "name" : "incident-management-app-deployer",
    "type" : "com.sap.application.content",
    "path" : "incident-management-app-deployer",
    "properties" : { },
    "parameters" : {
      "default-url" : "https://922f8253trial-dev-incident-management-app-deployer.cfapps.us10-001.hana.ondemand.com",
      "default-app-name" : "incident-management-app-deployer",
      "generated-password" : "********",
      "default-live-url" : "https://922f8253trial-dev-incident-management-app-deployer.cfapps.us10-001.hana.ondemand.com",
      "default-uri" : "922f8253trial-dev-incident-management-app-deployer.cfapps.us10-001.hana.ondemand.com",
      "default-instances" : 1,
      "default-live-host" : "922f8253trial-dev-incident-management-app-deployer",
      "instances" : 1,
      "default-host" : "922f8253trial-dev-incident-management-app-deployer",
      "app-name" : "incident-management-app-deployer",
      "default-live-uri" : "922f8253trial-dev-incident-management-app-deployer.cfapps.us10-001.hana.ondemand.com",
      "protocol" : "https",
      "default-live-app-name" : "incident-management-app-deployer",
      "default-live-domain" : "cfapps.us10-001.hana.ondemand.com",
      "domain" : "cfapps.us10-001.hana.ondemand.com",
      "host" : "922f8253trial-dev-incident-management-app-deployer",
      "generated-user" : "********",
      "config" : {
        "destinations" : [ {
          "Authentication" : "********",
          "HTML5.DynamicDestination" : true,
          "HTML5.ForwardAuthToken" : "********",
          "Name" : "srv-api",
          "ProxyType" : "Internet",
          "Type" : "HTTP",
          "URL" : "https://922f8253trial-dev-incident-management-srv.cfapps.us10-001.hana.ondemand.com"
        } ]
      }
    },
    "requiredDependencies" : [ {
      "majorSchemaVersion" : 3,
      "name" : "********",
      "properties" : { },
      "parameters" : { },
      "propertiesMetadata" : {
        "metadata" : { }
      },
      "parametersMetadata" : {
        "metadata" : { }
      }
    }, {
      "majorSchemaVersion" : 3,
      "name" : "srv-api",
      "properties" : { },
      "parameters" : { },
      "propertiesMetadata" : {
        "metadata" : { }
      },
      "parametersMetadata" : {
        "metadata" : { }
      }
    }, {
      "majorSchemaVersion" : 3,
      "name" : "incident-management-html5-repo-host",
      "properties" : { },
      "parameters" : {
        "content-target" : true
      },
      "propertiesMetadata" : {
        "metadata" : { }
      },
      "parametersMetadata" : {
        "metadata" : { }
      }
    } ],
    "providedDependencies" : [ {
      "majorSchemaVersion" : 3,
      "name" : "incident-management-app-deployer",
      "isPublic" : false,
      "properties" : { },
      "parameters" : { },
      "propertiesMetadata" : {
        "metadata" : { }
      },
      "parametersMetadata" : {
        "metadata" : { }
      }
    } ],
    "propertiesMetadata" : {
      "metadata" : { }
    },
    "parametersMetadata" : {
      "metadata" : { }
    },
    "hooks" : [ ]
  }, {
    "majorSchemaVersion" : 3,
    "name" : "incident-management-destinations",
    "type" : "com.sap.application.content",
    "properties" : { },
    "parameters" : {
      "default-url" : "https://922f8253trial-dev-incident-management-destinations.cfapps.us10-001.hana.ondemand.com",
      "default-app-name" : "incident-management-destinations",
      "generated-password" : "********",
      "default-live-url" : "https://922f8253trial-dev-incident-management-destinations.cfapps.us10-001.hana.ondemand.com",
      "default-uri" : "922f8253trial-dev-incident-management-destinations.cfapps.us10-001.hana.ondemand.com",
      "default-instances" : 1,
      "default-live-host" : "922f8253trial-dev-incident-management-destinations",
      "instances" : 1,
      "default-host" : "922f8253trial-dev-incident-management-destinations",
      "content" : {
        "instance" : {
          "destinations" : [ {
            "Name" : "incident-management-html5-repository",
            "ServiceInstanceName" : "incident-management-html5-repo-host",
            "ServiceKeyName" : "********",
            "sap.cloud.service" : "incidentmanagement.service"
          }, {
            "Authentication" : "********",
            "Name" : "********",
            "ServiceInstanceName" : "********",
            "ServiceKeyName" : "********",
            "sap.cloud.service" : "incidentmanagement.service"
          } ],
          "existing_destinations_policy" : "update"
        }
      },
      "app-name" : "incident-management-destinations",
      "default-live-uri" : "922f8253trial-dev-incident-management-destinations.cfapps.us10-001.hana.ondemand.com",
      "protocol" : "https",
      "default-live-app-name" : "incident-management-destinations",
      "default-live-domain" : "cfapps.us10-001.hana.ondemand.com",
      "domain" : "cfapps.us10-001.hana.ondemand.com",
      "host" : "922f8253trial-dev-incident-management-destinations",
      "generated-user" : "********"
    },
    "requiredDependencies" : [ {
      "majorSchemaVersion" : 3,
      "name" : "********",
      "properties" : { },
      "parameters" : {
        "service-key" : "********"
      },
      "propertiesMetadata" : {
        "metadata" : { }
      },
      "parametersMetadata" : {
        "metadata" : { }
      }
    }, {
      "majorSchemaVersion" : 3,
      "name" : "incident-management-html5-repo-host",
      "properties" : { },
      "parameters" : {
        "service-key" : "********"
      },
      "propertiesMetadata" : {
        "metadata" : { }
      },
      "parametersMetadata" : {
        "metadata" : { }
      }
    }, {
      "majorSchemaVersion" : 3,
      "name" : "incident-management-destination",
      "properties" : { },
      "parameters" : {
        "content-target" : true
      },
      "propertiesMetadata" : {
        "metadata" : { }
      },
      "parametersMetadata" : {
        "metadata" : { }
      }
    } ],
    "providedDependencies" : [ {
      "majorSchemaVersion" : 3,
      "name" : "incident-management-destinations",
      "isPublic" : false,
      "properties" : { },
      "parameters" : { },
      "propertiesMetadata" : {
        "metadata" : { }
      },
      "parametersMetadata" : {
        "metadata" : { }
      }
    } ],
    "propertiesMetadata" : {
      "metadata" : { }
    },
    "parametersMetadata" : {
      "metadata" : { }
    },
    "hooks" : [ ]
  } ],
  "resources" : [ {
    "majorSchemaVersion" : 3,
    "name" : "********",
    "type" : "org.cloudfoundry.managed-service",
    "properties" : { },
    "parameters" : {
      "generated-password" : "********",
      "path" : "./xs-security.json",
      "service-name" : "********",
      "service-plan" : "application",
      "service" : "xsuaa",
      "generated-user" : "********",
      "default-xsappname" : "********",
      "type" : "managed-service",
      "config" : {
        "tenant-mode" : "dedicated",
        "xsappname" : "incident-management-922f8253trial-dev"
      },
      "default-service-name" : "********",
      "default-container-name" : "********"
    },
    "isActive" : true,
    "isOptional" : false,
    "propertiesMetadata" : {
      "metadata" : { }
    },
    "parametersMetadata" : {
      "metadata" : { }
    },
    "requiredDependencies" : [ ],
    "processedAfter" : [ ]
  }, {
    "majorSchemaVersion" : 3,
    "name" : "incident-management-db",
    "type" : "com.sap.xs.hdi-container",
    "properties" : { },
    "parameters" : {
      "generated-password" : "********",
      "service-name" : "incident-management-db",
      "service-plan" : "hdi-shared",
      "service" : "hana",
      "generated-user" : "********",
      "default-xsappname" : "incident-management-db",
      "type" : "managed-service",
      "default-service-name" : "incident-management-db",
      "default-container-name" : "922F8253TRIAL_DEV_INCIDENT_MANAGEMENT_DB"
    },
    "isActive" : true,
    "isOptional" : false,
    "propertiesMetadata" : {
      "metadata" : { }
    },
    "parametersMetadata" : {
      "metadata" : { }
    },
    "requiredDependencies" : [ ],
    "processedAfter" : [ ]
  }, {
    "majorSchemaVersion" : 3,
    "name" : "incident-management-destination",
    "type" : "org.cloudfoundry.managed-service",
    "properties" : { },
    "parameters" : {
      "generated-password" : "********",
      "service-name" : "incident-management-destination",
      "service-plan" : "lite",
      "service" : "destination",
      "generated-user" : "********",
      "default-xsappname" : "incident-management-destination",
      "type" : "managed-service",
      "config" : {
        "HTML5Runtime_enabled" : true
      },
      "default-service-name" : "incident-management-destination",
      "default-container-name" : "922F8253TRIAL_DEV_INCIDENT_MANAGEMENT_DESTINATION"
    },
    "isActive" : true,
    "isOptional" : false,
    "propertiesMetadata" : {
      "metadata" : { }
    },
    "parametersMetadata" : {
      "metadata" : { }
    },
    "requiredDependencies" : [ ],
    "processedAfter" : [ ]
  }, {
    "majorSchemaVersion" : 3,
    "name" : "incident-management-html5-repo-host",
    "type" : "org.cloudfoundry.managed-service",
    "properties" : { },
    "parameters" : {
      "generated-password" : "********",
      "service-name" : "incident-management-html5-repo-host",
      "service-plan" : "app-host",
      "service" : "html5-apps-repo",
      "generated-user" : "********",
      "default-xsappname" : "incident-management-html5-repo-host",
      "type" : "managed-service",
      "default-service-name" : "incident-management-html5-repo-host",
      "default-container-name" : "922F8253TRIAL_DEV_INCIDENT_MANAGEMENT_HTML5_REPO_HOST"
    },
    "isActive" : true,
    "isOptional" : false,
    "propertiesMetadata" : {
      "metadata" : { }
    },
    "parametersMetadata" : {
      "metadata" : { }
    },
    "requiredDependencies" : [ ],
    "processedAfter" : [ ]
  } ],
  "parameters" : {
    "deploy_mode" : "html5-repo",
    "mta-id" : "incident-management",
    "authorization-url" : "********",
    "org-guid" : "14eeb614-6e79-4ebc-aaef-3126f44263da",
    "org" : "922f8253trial",
    "deploy-target" : "922f8253trial dev",
    "enable-parallel-deployments" : true,
    "region-primary-domain" : "us10.hana.ondemand.com",
    "space" : "dev",
    "region-domain" : "us10-001.hana.ondemand.com",
    "xs-api-url" : "https://api.cf.us10-001.hana.ondemand.com",
    "deploy-url" : "deploy-service.cfapps.us10-001.hana.ondemand.com",
    "xs-type" : "CF",
    "default-domain" : "cfapps.us10-001.hana.ondemand.com",
    "mta-version" : "1.0.0",
    "xs-auth-url" : "********",
    "space-guid" : "fbd7e39b-aea9-4686-afbf-72d94ec62a35",
    "user" : "********",
    "controller-url" : "https://api.cf.us10-001.hana.ondemand.com",
    "timestamp" : "20260514113557"
  },
  "parametersMetadata" : {
    "metadata" : { }
  }
}#
#2026 05 14 11:36:11.151#Z#DEBUG#12f0546a-4f89-11f1-8186-eeee0a8da331.OPERATION#flowable-async-job-executor-thread-1440#
[ProcessDescriptorStep] Merged descriptor properties and parameters resolved#
#2026 05 14 11:36:11.151#Z#DEBUG#12f0546a-4f89-11f1-8186-eeee0a8da331.OPERATION#flowable-async-job-executor-thread-1440#
Step "Re-Process Descriptor Step" finished#
#2026 05 14 11:36:11.206#Z#DEBUG#12f0546a-4f89-11f1-8186-eeee0a8da331.OPERATION#flowable-async-job-executor-thread-1441#
[BuildApplicationDeployModelStep] Executing task "buildApplicationDeployModelTask" of process "1b296f0e-4f89-11f1-8c85-eeee0a9265de"...#
#2026 05 14 11:36:11.210#Z#DEBUG#12f0546a-4f89-11f1-8186-eeee0a8da331.OPERATION#flowable-async-job-executor-thread-1441#
[BuildApplicationDeployModelStep] Building cloud deployment model for application "incident-management-srv"...#
#2026 05 14 11:36:11.220#Z#DEBUG#12f0546a-4f89-11f1-8186-eeee0a8da331.OPERATION#flowable-async-job-executor-thread-1441#
[BuildApplicationDeployModelStep] No health-check-type is specified. Setting default type: port#
#2026 05 14 11:36:11.221#Z#INFO#12f0546a-4f89-11f1-8186-eeee0a8da331.OPERATION#flowable-async-job-executor-thread-1441#
[BuildApplicationDeployModelStep] Building configuration entries for org 922f8253trial, space dev, spaceId fbd7e39b-aea9-4686-afbf-72d94ec62a35 and namespace null!#
#2026 05 14 11:36:11.222#Z#DEBUG#12f0546a-4f89-11f1-8186-eeee0a8da331.OPERATION#flowable-async-job-executor-thread-1441#
[BuildApplicationDeployModelStep] Configuration entries to publish: [ ]#
#2026 05 14 11:36:11.222#Z#DEBUG#12f0546a-4f89-11f1-8186-eeee0a8da331.OPERATION#flowable-async-job-executor-thread-1441#
[BuildApplicationDeployModelStep] Cloud deployment model for application built#
#2026 05 14 11:36:11.222#Z#DEBUG#12f0546a-4f89-11f1-8186-eeee0a8da331.OPERATION#flowable-async-job-executor-thread-1441#
Step "Build Application Deploy Model" finished#
#2026 05 14 11:36:11.290#Z#DEBUG#12f0546a-4f89-11f1-8186-eeee0a8da331.OPERATION#flowable-async-job-executor-thread-1442#
[CreateOrUpdateAppStep] Executing task "createAppTask" of process "1b296f0e-4f89-11f1-8c85-eeee0a9265de"...#
#2026 05 14 11:36:11.293#Z#DEBUG#12f0546a-4f89-11f1-8186-eeee0a8da331.OPERATION#flowable-async-job-executor-thread-1442#
[CreateOrUpdateAppStep] Getting application "incident-management-srv"...#
#2026 05 14 11:36:11.340#Z#INFO#12f0546a-4f89-11f1-8186-eeee0a8da331.OPERATION#flowable-async-job-executor-thread-1442#
[CreateOrUpdateAppStep] Updating application "incident-management-srv"...#
#2026 05 14 11:36:11.349#Z#DEBUG#12f0546a-4f89-11f1-8186-eeee0a8da331.OPERATION#flowable-async-job-executor-thread-1442#
[CreateOrUpdateAppStep] Getting process for application "2492ac56-a2da-4631-b25a-332a89a4684c"...#
#2026 05 14 11:36:11.386#Z#DEBUG#12f0546a-4f89-11f1-8186-eeee0a8da331.OPERATION#flowable-async-job-executor-thread-1442#
[CreateOrUpdateAppStep] Getting routes for application "2492ac56-a2da-4631-b25a-332a89a4684c"...#
#2026 05 14 11:36:11.430#Z#DEBUG#12f0546a-4f89-11f1-8186-eeee0a8da331.OPERATION#flowable-async-job-executor-thread-1442#
[CreateOrUpdateAppStep] Getting features for application "2492ac56-a2da-4631-b25a-332a89a4684c"#
#2026 05 14 11:36:11.459#Z#DEBUG#12f0546a-4f89-11f1-8186-eeee0a8da331.OPERATION#flowable-async-job-executor-thread-1442#
[CreateOrUpdateAppStep] Updating staging of application "incident-management-srv" to: {
  "buildpacks" : [ "nodejs_buildpack" ],
  "healthCheckType" : "port",
  "appFeatures" : { }
}#
#2026 05 14 11:36:11.695#Z#DEBUG#12f0546a-4f89-11f1-8186-eeee0a8da331.OPERATION#flowable-async-job-executor-thread-1442#
[CreateOrUpdateAppStep] Application "incident-management-srv" updated#
#2026 05 14 11:36:11.695#Z#DEBUG#12f0546a-4f89-11f1-8186-eeee0a8da331.OPERATION#flowable-async-job-executor-thread-1442#
[CreateOrUpdateAppStep] Getting environment of application "2492ac56-a2da-4631-b25a-332a89a4684c"...#
#2026 05 14 11:36:11.768#Z#DEBUG#12f0546a-4f89-11f1-8186-eeee0a8da331.OPERATION#flowable-async-job-executor-thread-1442#
[CreateOrUpdateAppStep] Application "incident-management-srv" updated#
#2026 05 14 11:36:11.768#Z#DEBUG#12f0546a-4f89-11f1-8186-eeee0a8da331.OPERATION#flowable-async-job-executor-thread-1442#
Step "Create App" finished#
#2026 05 14 11:36:11.714#Z#DEBUG#12f0546a-4f89-11f1-8186-eeee0a8da331.OPERATION#flowable-async-job-executor-thread-1996#
[BuildContentDeploymentConfigurationStep] Executing task "buildContentDeploymentConfigurationTask" of process "1b8b65f5-4f89-11f1-964a-eeee0a8788cb"...#
#2026 05 14 11:36:11.719#Z#DEBUG#12f0546a-4f89-11f1-8186-eeee0a8da331.OPERATION#ForkJoinPool-68-worker-1#
[BuildContentDeploymentConfigurationStep] Getting service key "incident-management-app-deployer-incident-management-html5-repo-host-credentials" for service instance "incident-management-html5-repo-host"...#
#2026 05 14 11:36:11.719#Z#DEBUG#12f0546a-4f89-11f1-8186-eeee0a8da331.OPERATION#ForkJoinPool-68-worker-2#
[BuildContentDeploymentConfigurationStep] Getting service key "incident-management-app-deployer-incident-management-auth-credentials" for service instance "incident-management-auth"...#
#2026 05 14 11:36:11.922#Z#INFO#12f0546a-4f89-11f1-8186-eeee0a8da331.OPERATION#ForkJoinPool-68-worker-2#
[BuildContentDeploymentConfigurationStep] Service key "incident-management-app-deployer-incident-management-auth-credentials" for service "incident-management-auth" already exists#
#2026 05 14 11:36:11.928#Z#INFO#12f0546a-4f89-11f1-8186-eeee0a8da331.OPERATION#ForkJoinPool-68-worker-1#
[BuildContentDeploymentConfigurationStep] Service key "incident-management-app-deployer-incident-management-html5-repo-host-credentials" for service "incident-management-html5-repo-host" already exists#
#2026 05 14 11:36:11.933#Z#DEBUG#12f0546a-4f89-11f1-8186-eeee0a8da331.OPERATION#flowable-async-job-executor-thread-1996#
Step "Build Content Deployment Configuration" finished#
#2026 05 14 11:36:11.910#Z#DEBUG#12f0546a-4f89-11f1-8186-eeee0a8da331.OPERATION#flowable-async-job-executor-thread-1435#
[CheckServiceBindingOperationStep] Executing task "checkForServiceBindingOperationInProgress" of process "1bab70ab-4f89-11f1-8c85-eeee0a9265de"...#
#2026 05 14 11:36:11.911#Z#DEBUG#12f0546a-4f89-11f1-8186-eeee0a8da331.OPERATION#flowable-async-job-executor-thread-1435#
[CheckServiceBindingOperationStep] Checking for service binding operation in progress between app "incident-management-srv" and service instance "incident-management-db"#
#2026 05 14 11:36:11.912#Z#DEBUG#12f0546a-4f89-11f1-8186-eeee0a8da331.OPERATION#flowable-async-job-executor-thread-1435#
[CheckServiceBindingOperationStep] Getting application guid "incident-management-srv"...#
#2026 05 14 11:36:11.958#Z#DEBUG#12f0546a-4f89-11f1-8186-eeee0a8da331.OPERATION#flowable-async-job-executor-thread-1435#
[CheckServiceBindingOperationStep] Getting GUID of required service instance "incident-management-db"...#
#2026 05 14 11:36:11.988#Z#DEBUG#12f0546a-4f89-11f1-8186-eeee0a8da331.OPERATION#flowable-async-job-executor-thread-1435#
[CheckServiceBindingOperationStep] Getting binding of service instance "a20afc5d-265f-435f-942c-42adef588a28" with application "2492ac56-a2da-4631-b25a-332a89a4684c"...#
#2026 05 14 11:36:12.020#Z#DEBUG#12f0546a-4f89-11f1-8186-eeee0a8da331.OPERATION#flowable-async-job-executor-thread-1435#
[CheckServiceBindingOperationStep] Service binding operation "9ba3b4c9-b916-482b-a6de-9f6c99cfb0cf" with type "create" is in state "succeeded"#
#2026 05 14 11:36:12.020#Z#DEBUG#12f0546a-4f89-11f1-8186-eeee0a8da331.OPERATION#flowable-async-job-executor-thread-1435#
Step "Check For Service Binding Operation In Progress" finished#
#2026 05 14 11:36:11.947#Z#DEBUG#12f0546a-4f89-11f1-8186-eeee0a8da331.OPERATION#flowable-async-job-executor-thread-1426#
[CheckServiceBindingOperationStep] Executing task "checkForServiceBindingOperationInProgress" of process "1bb3ad82-4f89-11f1-8186-eeee0a8da331"...#
#2026 05 14 11:36:11.947#Z#DEBUG#12f0546a-4f89-11f1-8186-eeee0a8da331.OPERATION#flowable-async-job-executor-thread-1426#
[CheckServiceBindingOperationStep] Checking for service binding operation in progress between app "incident-management-srv" and service instance "incident-management-auth"#
#2026 05 14 11:36:11.948#Z#DEBUG#12f0546a-4f89-11f1-8186-eeee0a8da331.OPERATION#flowable-async-job-executor-thread-1426#
[CheckServiceBindingOperationStep] Getting application guid "incident-management-srv"...#
#2026 05 14 11:36:11.993#Z#DEBUG#12f0546a-4f89-11f1-8186-eeee0a8da331.OPERATION#flowable-async-job-executor-thread-1426#
[CheckServiceBindingOperationStep] Getting GUID of required service instance "incident-management-auth"...#
#2026 05 14 11:36:12.026#Z#DEBUG#12f0546a-4f89-11f1-8186-eeee0a8da331.OPERATION#flowable-async-job-executor-thread-1426#
[CheckServiceBindingOperationStep] Getting binding of service instance "6a543eab-276c-40b9-b824-66e96a455d3c" with application "2492ac56-a2da-4631-b25a-332a89a4684c"...#
#2026 05 14 11:36:12.060#Z#DEBUG#12f0546a-4f89-11f1-8186-eeee0a8da331.OPERATION#flowable-async-job-executor-thread-1426#
[CheckServiceBindingOperationStep] Service binding operation "9c3365b2-d1b4-4925-8579-4dd9554d408f" with type "create" is in state "succeeded"#
#2026 05 14 11:36:12.060#Z#DEBUG#12f0546a-4f89-11f1-8186-eeee0a8da331.OPERATION#flowable-async-job-executor-thread-1426#
Step "Check For Service Binding Operation In Progress" finished#
#2026 05 14 11:36:11.934#Z#DEBUG#12f0546a-4f89-11f1-8186-eeee0a8da331.OPERATION#flowable-async-job-executor-thread-1996#
[CreateContentDeployClientConfigurationStep] Executing task "createContentDeployClientConfigurationTask" of process "1bb7cc3b-4f89-11f1-964a-eeee0a8788cb"...#
#2026 05 14 11:36:11.935#Z#DEBUG#12f0546a-4f89-11f1-8186-eeee0a8da331.OPERATION#flowable-async-job-executor-thread-1996#
[CreateContentDeployClientConfigurationStep] Content deployer client configuration: {
  "contentDeployerUrl" : "https://html5-apps-repo-dt.cfapps.us10.hana.ondemand.com",
  "uaaClientConfiguration" : {
    "url" : "********",
    "credentials" : "********",
    "authenticationStrategyType" : "********"
  },
  "httpRequestHeaders" : {
    "X-CorrelationID" : "12f0546a-4f89-11f1-8186-eeee0a8da331"
  },
  "spaceId" : "fbd7e39b-aea9-4686-afbf-72d94ec62a35",
  "serviceName" : "incident-management-html5-repo-host"
}#
#2026 05 14 11:36:12.109#Z#DEBUG#12f0546a-4f89-11f1-8186-eeee0a8da331.OPERATION#flowable-async-job-executor-thread-1996#
Step "Create Content Deploy Client Configuration" finished#
#2026 05 14 11:36:12.110#Z#DEBUG#12f0546a-4f89-11f1-8186-eeee0a8da331.OPERATION#flowable-async-job-executor-thread-1996#
[GetContentFromDeploymentDescriptorStep] Executing task "getContentFromDeploymentDescriptorTask" of process "1bb7cc3b-4f89-11f1-964a-eeee0a8788cb"...#
#2026 05 14 11:36:12.110#Z#DEBUG#12f0546a-4f89-11f1-8186-eeee0a8da331.OPERATION#flowable-async-job-executor-thread-1996#
Step "Get Content From Deployment Descriptor" finished#
#2026 05 14 11:36:12.091#Z#DEBUG#12f0546a-4f89-11f1-8186-eeee0a8da331.OPERATION#flowable-async-job-executor-thread-1428#
[DetermineApplicationServiceBindingActionsStep] Executing task "determineApplicationServiceBindingActionsTask" of process "1bb3ad82-4f89-11f1-8186-eeee0a8da331"...#
#2026 05 14 11:36:12.092#Z#DEBUG#12f0546a-4f89-11f1-8186-eeee0a8da331.OPERATION#flowable-async-job-executor-thread-1428#
[DetermineApplicationServiceBindingActionsStep] Determine bind/unbind operations of application "incident-management-srv" to service instance "incident-management-auth"#
#2026 05 14 11:36:12.092#Z#DEBUG#12f0546a-4f89-11f1-8186-eeee0a8da331.OPERATION#flowable-async-job-executor-thread-1428#
[DetermineApplicationServiceBindingActionsStep] Getting application "incident-management-srv"...#
#2026 05 14 11:36:12.134#Z#DEBUG#12f0546a-4f89-11f1-8186-eeee0a8da331.OPERATION#flowable-async-job-executor-thread-1428#
[DetermineApplicationServiceBindingActionsStep] Binding parameters for application "incident-management-srv": { }#
#2026 05 14 11:36:12.173#Z#DEBUG#12f0546a-4f89-11f1-8186-eeee0a8da331.OPERATION#flowable-async-job-executor-thread-1428#
[DetermineApplicationServiceBindingActionsStep] Check should rebind application "incident-management-srv" and service instance "incident-management-auth"#
#2026 05 14 11:36:12.173#Z#DEBUG#12f0546a-4f89-11f1-8186-eeee0a8da331.OPERATION#flowable-async-job-executor-thread-1428#
[DetermineApplicationServiceBindingActionsStep] Getting GUID of required service instance "incident-management-auth"...#
#2026 05 14 11:36:12.197#Z#DEBUG#12f0546a-4f89-11f1-8186-eeee0a8da331.OPERATION#flowable-async-job-executor-thread-1428#
[DetermineApplicationServiceBindingActionsStep] Getting binding of service instance "6a543eab-276c-40b9-b824-66e96a455d3c" with application "2492ac56-a2da-4631-b25a-332a89a4684c"...#
#2026 05 14 11:36:12.245#Z#DEBUG#12f0546a-4f89-11f1-8186-eeee0a8da331.OPERATION#flowable-async-job-executor-thread-1428#
[DetermineApplicationServiceBindingActionsStep] Getting parameters of service binding "9c3365b2-d1b4-4925-8579-4dd9554d408f"...#
#2026 05 14 11:36:12.275#Z#WARN#12f0546a-4f89-11f1-8186-eeee0a8da331.OPERATION#flowable-async-job-executor-thread-1428#
[DetermineApplicationServiceBindingActionsStep] Cannot retrieve parameters of binding between application "incident-management-srv" and service instance "incident-management-auth"#
#2026 05 14 11:36:12.276#Z#DEBUG#12f0546a-4f89-11f1-8186-eeee0a8da331.OPERATION#flowable-async-job-executor-thread-1428#
[DetermineApplicationServiceBindingActionsStep] Calculated binding operations between application "incident-management-srv" and service instance "incident-management-auth": unbind - true bind - true#
#2026 05 14 11:36:12.276#Z#DEBUG#12f0546a-4f89-11f1-8186-eeee0a8da331.OPERATION#flowable-async-job-executor-thread-1428#
Step "Determine Application Service Binding Actions" finished#
#2026 05 14 11:36:12.068#Z#DEBUG#12f0546a-4f89-11f1-8186-eeee0a8da331.OPERATION#flowable-async-job-executor-thread-1435#
[DetermineApplicationServiceBindingActionsStep] Executing task "determineApplicationServiceBindingActionsTask" of process "1bab70ab-4f89-11f1-8c85-eeee0a9265de"...#
#2026 05 14 11:36:12.071#Z#DEBUG#12f0546a-4f89-11f1-8186-eeee0a8da331.OPERATION#flowable-async-job-executor-thread-1435#
[DetermineApplicationServiceBindingActionsStep] Determine bind/unbind operations of application "incident-management-srv" to service instance "incident-management-db"#
#2026 05 14 11:36:12.071#Z#DEBUG#12f0546a-4f89-11f1-8186-eeee0a8da331.OPERATION#flowable-async-job-executor-thread-1435#
[DetermineApplicationServiceBindingActionsStep] Getting application "incident-management-srv"...#
#2026 05 14 11:36:12.113#Z#DEBUG#12f0546a-4f89-11f1-8186-eeee0a8da331.OPERATION#flowable-async-job-executor-thread-1435#
[DetermineApplicationServiceBindingActionsStep] Binding parameters for application "incident-management-srv": { }#
#2026 05 14 11:36:12.151#Z#DEBUG#12f0546a-4f89-11f1-8186-eeee0a8da331.OPERATION#flowable-async-job-executor-thread-1435#
[DetermineApplicationServiceBindingActionsStep] Check should rebind application "incident-management-srv" and service instance "incident-management-db"#
#2026 05 14 11:36:12.151#Z#DEBUG#12f0546a-4f89-11f1-8186-eeee0a8da331.OPERATION#flowable-async-job-executor-thread-1435#
[DetermineApplicationServiceBindingActionsStep] Getting GUID of required service instance "incident-management-db"...#
#2026 05 14 11:36:12.190#Z#DEBUG#12f0546a-4f89-11f1-8186-eeee0a8da331.OPERATION#flowable-async-job-executor-thread-1435#
[DetermineApplicationServiceBindingActionsStep] Getting binding of service instance "a20afc5d-265f-435f-942c-42adef588a28" with application "2492ac56-a2da-4631-b25a-332a89a4684c"...#
#2026 05 14 11:36:12.232#Z#DEBUG#12f0546a-4f89-11f1-8186-eeee0a8da331.OPERATION#flowable-async-job-executor-thread-1435#
[DetermineApplicationServiceBindingActionsStep] Getting parameters of service binding "9ba3b4c9-b916-482b-a6de-9f6c99cfb0cf"...#
#2026 05 14 11:36:12.445#Z#INFO#12f0546a-4f89-11f1-8186-eeee0a8da331.OPERATION#flowable-async-job-executor-thread-1435#
[DetermineApplicationServiceBindingActionsStep] Service instance "incident-management-db" will not be rebound to application "incident-management-srv" because the binding parameters are not modified#
#2026 05 14 11:36:12.453#Z#DEBUG#12f0546a-4f89-11f1-8186-eeee0a8da331.OPERATION#flowable-async-job-executor-thread-1435#
[DetermineApplicationServiceBindingActionsStep] Calculated binding operations between application "incident-management-srv" and service instance "incident-management-db": unbind - false bind - false#
#2026 05 14 11:36:12.453#Z#DEBUG#12f0546a-4f89-11f1-8186-eeee0a8da331.OPERATION#flowable-async-job-executor-thread-1435#
Step "Determine Application Service Binding Actions" finished#
#2026 05 14 11:36:12.307#Z#DEBUG#12f0546a-4f89-11f1-8186-eeee0a8da331.OPERATION#flowable-async-job-executor-thread-1429#
[UnbindServiceFromApplicationStep] Executing task "unbindServiceFromApplicationTask" of process "1bb3ad82-4f89-11f1-8186-eeee0a8da331"...#
#2026 05 14 11:36:12.309#Z#INFO#12f0546a-4f89-11f1-8186-eeee0a8da331.OPERATION#flowable-async-job-executor-thread-1429#
[UnbindServiceFromApplicationStep] Unbinding service instance "incident-management-auth" from application "incident-management-srv"...#
#2026 05 14 11:36:12.314#Z#DEBUG#12f0546a-4f89-11f1-8186-eeee0a8da331.OPERATION#flowable-async-job-executor-thread-1429#
[UnbindServiceFromApplicationStep] Unbinding application "incident-management-srv" from service instance "incident-management-auth"...#
#2026 05 14 11:36:12.465#Z#DEBUG#12f0546a-4f89-11f1-8186-eeee0a8da331.OPERATION#flowable-async-job-executor-thread-1429#
Step "Unbind Service from Application" finished#
#2026 05 14 11:36:12.111#Z#DEBUG#12f0546a-4f89-11f1-8186-eeee0a8da331.OPERATION#flowable-async-job-executor-thread-1996#
[UploadContentStep] Executing task "uploadContentTask" of process "1bb7cc3b-4f89-11f1-964a-eeee0a8788cb"...#
#2026 05 14 11:36:12.111#Z#INFO#12f0546a-4f89-11f1-8186-eeee0a8da331.OPERATION#flowable-async-job-executor-thread-1996#
[UploadContentStep] Uploading content module "incident-management-app-deployer" in target service "incident-management-html5-repo-host"...#
#2026 05 14 11:36:12.115#Z#DEBUG#12f0546a-4f89-11f1-8186-eeee0a8da331.OPERATION#flowable-async-job-executor-thread-1996#
[UploadContentStep] Uploading file "incident-management-app-deployer/app/data.zip" for content module "incident-management-app-deployer" in service "incident-management-html5-repo-host"#
#2026 05 14 11:36:12.272#Z#INFO#12f0546a-4f89-11f1-8186-eeee0a8da331.OPERATION#flowable-async-job-executor-thread-1996#
[UploadContentStep] Content to deploy size: 4,927 in bytes#
#2026 05 14 11:36:12.759#Z#DEBUG#12f0546a-4f89-11f1-8186-eeee0a8da331.OPERATION#flowable-async-job-executor-thread-1996#
[UploadContentStep] Uploaded content: {
  "id" : "b9520572-8d2d-424b-bc76-34e773f98ed2",
  "name" : "content.zip",
  "contentType" : "FILE"
}#
#2026 05 14 11:36:12.759#Z#DEBUG#12f0546a-4f89-11f1-8186-eeee0a8da331.OPERATION#flowable-async-job-executor-thread-1996#
Step "Upload Content" finished#
#2026 05 14 11:36:12.021#Z#DEBUG#12f0546a-4f89-11f1-8186-eeee0a8da331.OPERATION#flowable-async-job-executor-thread-1427#
[BuildContentDeploymentConfigurationStep] Executing task "buildContentDeploymentConfigurationTask" of process "1bb81af4-4f89-11f1-8186-eeee0a8da331"...#
#2026 05 14 11:36:12.027#Z#DEBUG#12f0546a-4f89-11f1-8186-eeee0a8da331.OPERATION#ForkJoinPool-32-worker-1#
[BuildContentDeploymentConfigurationStep] Getting service key "incident-management-html5-repo-host-key" for service instance "incident-management-html5-repo-host"...#
#2026 05 14 11:36:12.027#Z#DEBUG#12f0546a-4f89-11f1-8186-eeee0a8da331.OPERATION#ForkJoinPool-32-worker-2#
[BuildContentDeploymentConfigurationStep] Getting service key "incident-management-auth-key" for service instance "incident-management-auth"...#
#2026 05 14 11:36:12.028#Z#DEBUG#12f0546a-4f89-11f1-8186-eeee0a8da331.OPERATION#ForkJoinPool-32-worker-3#
[BuildContentDeploymentConfigurationStep] Getting service key "incident-management-destinations-incident-management-destination-credentials" for service instance "incident-management-destination"...#
#2026 05 14 11:36:12.242#Z#INFO#12f0546a-4f89-11f1-8186-eeee0a8da331.OPERATION#ForkJoinPool-32-worker-2#
[BuildContentDeploymentConfigurationStep] Service key "incident-management-auth-key" for service "incident-management-auth" already exists#
#2026 05 14 11:36:12.245#Z#INFO#12f0546a-4f89-11f1-8186-eeee0a8da331.OPERATION#ForkJoinPool-32-worker-3#
[BuildContentDeploymentConfigurationStep] Service key "incident-management-destinations-incident-management-destination-credentials" for service "incident-management-destination" already exists#
#2026 05 14 11:36:12.881#Z#INFO#12f0546a-4f89-11f1-8186-eeee0a8da331.OPERATION#ForkJoinPool-32-worker-1#
[BuildContentDeploymentConfigurationStep] Service key "incident-management-html5-repo-host-key" for service "incident-management-html5-repo-host" already exists#
#2026 05 14 11:36:12.887#Z#DEBUG#12f0546a-4f89-11f1-8186-eeee0a8da331.OPERATION#flowable-async-job-executor-thread-1427#
Step "Build Content Deployment Configuration" finished#
#2026 05 14 11:36:12.890#Z#DEBUG#12f0546a-4f89-11f1-8186-eeee0a8da331.OPERATION#flowable-async-job-executor-thread-1427#
[CreateContentDeployClientConfigurationStep] Executing task "createContentDeployClientConfigurationTask" of process "1c4984b5-4f89-11f1-8186-eeee0a8da331"...#
#2026 05 14 11:36:12.890#Z#DEBUG#12f0546a-4f89-11f1-8186-eeee0a8da331.OPERATION#flowable-async-job-executor-thread-1427#
[CreateContentDeployClientConfigurationStep] Content deployer client configuration: {
  "contentDeployerUrl" : "https://destination-configuration.cfapps.us10.hana.ondemand.com/destination-configuration/gacd",
  "uaaClientConfiguration" : {
    "url" : "********",
    "credentials" : "********",
    "authenticationStrategyType" : "********"
  },
  "httpRequestHeaders" : {
    "X-CorrelationID" : "12f0546a-4f89-11f1-8186-eeee0a8da331"
  },
  "spaceId" : "fbd7e39b-aea9-4686-afbf-72d94ec62a35",
  "serviceName" : "incident-management-destination"
}#
#2026 05 14 11:36:13.065#Z#DEBUG#12f0546a-4f89-11f1-8186-eeee0a8da331.OPERATION#flowable-async-job-executor-thread-1427#
Step "Create Content Deploy Client Configuration" finished#
#2026 05 14 11:36:13.066#Z#DEBUG#12f0546a-4f89-11f1-8186-eeee0a8da331.OPERATION#flowable-async-job-executor-thread-1427#
[GetContentFromDeploymentDescriptorStep] Executing task "getContentFromDeploymentDescriptorTask" of process "1c4984b5-4f89-11f1-8186-eeee0a8da331"...#
#2026 05 14 11:36:13.066#Z#DEBUG#12f0546a-4f89-11f1-8186-eeee0a8da331.OPERATION#flowable-async-job-executor-thread-1427#
[GetContentFromDeploymentDescriptorStep] Content for module: "incident-management-destinations" is: "{
  "id" : "7653adbd-e922-457d-a887-5ad0f190ebd4",
  "contentType" : "EMBEDDED",
  "content" : {
    "instance" : {
      "destinations" : [ {
        "Name" : "incident-management-html5-repository",
        "ServiceInstanceName" : "incident-management-html5-repo-host",
        "ServiceKeyName" : "********",
        "sap.cloud.service" : "incidentmanagement.service"
      }, {
        "Authentication" : "********",
        "Name" : "********",
        "ServiceInstanceName" : "********",
        "ServiceKeyName" : "********",
        "sap.cloud.service" : "incidentmanagement.service"
      } ],
      "existing_destinations_policy" : "update"
    }
  }
}"#
#2026 05 14 11:36:13.066#Z#DEBUG#12f0546a-4f89-11f1-8186-eeee0a8da331.OPERATION#flowable-async-job-executor-thread-1427#
Step "Get Content From Deployment Descriptor" finished#
#2026 05 14 11:36:12.760#Z#DEBUG#12f0546a-4f89-11f1-8186-eeee0a8da331.OPERATION#flowable-async-job-executor-thread-1996#
[StartContentDeployStep] Executing task "startContentDeployTask" of process "1bb7cc3b-4f89-11f1-964a-eeee0a8788cb"...#
#2026 05 14 11:36:12.761#Z#INFO#12f0546a-4f89-11f1-8186-eeee0a8da331.OPERATION#flowable-async-job-executor-thread-1996#
[StartContentDeployStep] Deploying content module "incident-management-app-deployer" in target service "incident-management-html5-repo-host"...#
#2026 05 14 11:36:13.078#Z#DEBUG#12f0546a-4f89-11f1-8186-eeee0a8da331.OPERATION#flowable-async-job-executor-thread-1996#
Step "Start Content Deploy" finished#
#2026 05 14 11:36:13.067#Z#DEBUG#12f0546a-4f89-11f1-8186-eeee0a8da331.OPERATION#flowable-async-job-executor-thread-1427#
[SynchronousContentDeployStep] Executing task "synchronousContentDeployTask" of process "1c4984b5-4f89-11f1-8186-eeee0a8da331"...#
#2026 05 14 11:36:13.068#Z#INFO#12f0546a-4f89-11f1-8186-eeee0a8da331.OPERATION#flowable-async-job-executor-thread-1427#
[SynchronousContentDeployStep] Deploying content module "incident-management-destinations" in target service "incident-management-destination"...#
#2026 05 14 11:36:13.215#Z#DEBUG#12f0546a-4f89-11f1-8186-eeee0a8da331.OPERATION#flowable-async-job-executor-thread-1427#
[SynchronousContentDeployStep] Processing inline content upload for module: incident-management-destinations#
#2026 05 14 11:36:13.532#Z#DEBUG#12f0546a-4f89-11f1-8186-eeee0a8da331.OPERATION#flowable-async-job-executor-thread-1427#
Step "Synchronous Deploy" finished#
#2026 05 14 11:36:14.037#Z#DEBUG#12f0546a-4f89-11f1-8186-eeee0a8da331.OPERATION#flowable-async-job-executor-thread-1441#
[CheckServiceBindingOperationStep] Executing task "checkForServiceBindingOperationInProgress" of process "1cefd7c7-4f89-11f1-8c85-eeee0a9265de"...#
#2026 05 14 11:36:14.037#Z#DEBUG#12f0546a-4f89-11f1-8186-eeee0a8da331.OPERATION#flowable-async-job-executor-thread-1441#
[CheckServiceBindingOperationStep] Checking for service binding operation in progress between app "incident-management-srv" and service instance "incident-management-destination"#
#2026 05 14 11:36:14.038#Z#DEBUG#12f0546a-4f89-11f1-8186-eeee0a8da331.OPERATION#flowable-async-job-executor-thread-1441#
[CheckServiceBindingOperationStep] Getting application guid "incident-management-srv"...#
#2026 05 14 11:36:14.077#Z#DEBUG#12f0546a-4f89-11f1-8186-eeee0a8da331.OPERATION#flowable-async-job-executor-thread-1441#
[CheckServiceBindingOperationStep] Getting GUID of required service instance "incident-management-destination"...#
#2026 05 14 11:36:14.113#Z#DEBUG#12f0546a-4f89-11f1-8186-eeee0a8da331.OPERATION#flowable-async-job-executor-thread-1441#
[CheckServiceBindingOperationStep] Getting binding of service instance "e8017414-0632-43de-871a-618d3916a47f" with application "2492ac56-a2da-4631-b25a-332a89a4684c"...#
#2026 05 14 11:36:14.155#Z#DEBUG#12f0546a-4f89-11f1-8186-eeee0a8da331.OPERATION#flowable-async-job-executor-thread-1441#
[CheckServiceBindingOperationStep] Service binding operation "d776ffb6-4058-437b-8275-b3da7280ad18" with type "create" is in state "succeeded"#
#2026 05 14 11:36:14.155#Z#DEBUG#12f0546a-4f89-11f1-8186-eeee0a8da331.OPERATION#flowable-async-job-executor-thread-1441#
Step "Check For Service Binding Operation In Progress" finished#
#2026 05 14 11:36:14.200#Z#DEBUG#12f0546a-4f89-11f1-8186-eeee0a8da331.OPERATION#flowable-async-job-executor-thread-1441#
[DetermineApplicationServiceBindingActionsStep] Executing task "determineApplicationServiceBindingActionsTask" of process "1cefd7c7-4f89-11f1-8c85-eeee0a9265de"...#
#2026 05 14 11:36:14.202#Z#DEBUG#12f0546a-4f89-11f1-8186-eeee0a8da331.OPERATION#flowable-async-job-executor-thread-1441#
[DetermineApplicationServiceBindingActionsStep] Determine bind/unbind operations of application "incident-management-srv" to service instance "incident-management-destination"#
#2026 05 14 11:36:14.202#Z#DEBUG#12f0546a-4f89-11f1-8186-eeee0a8da331.OPERATION#flowable-async-job-executor-thread-1441#
[DetermineApplicationServiceBindingActionsStep] Getting application "incident-management-srv"...#
#2026 05 14 11:36:14.265#Z#DEBUG#12f0546a-4f89-11f1-8186-eeee0a8da331.OPERATION#flowable-async-job-executor-thread-1441#
[DetermineApplicationServiceBindingActionsStep] Binding parameters for application "incident-management-srv": { }#
#2026 05 14 11:36:14.302#Z#DEBUG#12f0546a-4f89-11f1-8186-eeee0a8da331.OPERATION#flowable-async-job-executor-thread-1441#
[DetermineApplicationServiceBindingActionsStep] Check should rebind application "incident-management-srv" and service instance "incident-management-destination"#
#2026 05 14 11:36:14.302#Z#DEBUG#12f0546a-4f89-11f1-8186-eeee0a8da331.OPERATION#flowable-async-job-executor-thread-1441#
[DetermineApplicationServiceBindingActionsStep] Getting GUID of required service instance "incident-management-destination"...#
#2026 05 14 11:36:14.348#Z#DEBUG#12f0546a-4f89-11f1-8186-eeee0a8da331.OPERATION#flowable-async-job-executor-thread-1441#
[DetermineApplicationServiceBindingActionsStep] Getting binding of service instance "e8017414-0632-43de-871a-618d3916a47f" with application "2492ac56-a2da-4631-b25a-332a89a4684c"...#
#2026 05 14 11:36:14.393#Z#DEBUG#12f0546a-4f89-11f1-8186-eeee0a8da331.OPERATION#flowable-async-job-executor-thread-1441#
[DetermineApplicationServiceBindingActionsStep] Getting parameters of service binding "d776ffb6-4058-437b-8275-b3da7280ad18"...#
#2026 05 14 11:36:14.428#Z#WARN#12f0546a-4f89-11f1-8186-eeee0a8da331.OPERATION#flowable-async-job-executor-thread-1441#
[DetermineApplicationServiceBindingActionsStep] Cannot retrieve parameters of binding between application "incident-management-srv" and service instance "incident-management-destination"#
#2026 05 14 11:36:14.431#Z#DEBUG#12f0546a-4f89-11f1-8186-eeee0a8da331.OPERATION#flowable-async-job-executor-thread-1441#
[DetermineApplicationServiceBindingActionsStep] Calculated binding operations between application "incident-management-srv" and service instance "incident-management-destination": unbind - true bind - true#
#2026 05 14 11:36:14.431#Z#DEBUG#12f0546a-4f89-11f1-8186-eeee0a8da331.OPERATION#flowable-async-job-executor-thread-1441#
Step "Determine Application Service Binding Actions" finished#
#2026 05 14 11:36:14.486#Z#DEBUG#12f0546a-4f89-11f1-8186-eeee0a8da331.OPERATION#flowable-async-job-executor-thread-1441#
[UnbindServiceFromApplicationStep] Executing task "unbindServiceFromApplicationTask" of process "1cefd7c7-4f89-11f1-8c85-eeee0a9265de"...#
#2026 05 14 11:36:14.491#Z#INFO#12f0546a-4f89-11f1-8186-eeee0a8da331.OPERATION#flowable-async-job-executor-thread-1441#
[UnbindServiceFromApplicationStep] Unbinding service instance "incident-management-destination" from application "incident-management-srv"...#
#2026 05 14 11:36:14.498#Z#DEBUG#12f0546a-4f89-11f1-8186-eeee0a8da331.OPERATION#flowable-async-job-executor-thread-1441#
[UnbindServiceFromApplicationStep] Unbinding application "incident-management-srv" from service instance "incident-management-destination"...#
#2026 05 14 11:36:14.659#Z#DEBUG#12f0546a-4f89-11f1-8186-eeee0a8da331.OPERATION#flowable-async-job-executor-thread-1441#
Step "Unbind Service from Application" finished#
#2026 05 14 11:36:18.573#Z#DEBUG#12f0546a-4f89-11f1-8186-eeee0a8da331.OPERATION#flowable-async-job-executor-thread-1997#
[UnbindServiceFromApplicationStep] Executing task "unbindServiceFromApplicationTask" of process "1bb3ad82-4f89-11f1-8186-eeee0a8da331"...#
#2026 05 14 11:36:18.573#Z#DEBUG#12f0546a-4f89-11f1-8186-eeee0a8da331.OPERATION#flowable-async-job-executor-thread-1997#
[UnbindServiceFromApplicationStep] Getting async job "c4ebb3ba-b785-4cce-bc19-b79a1a9ff498"#
#2026 05 14 11:36:18.597#Z#DEBUG#12f0546a-4f89-11f1-8186-eeee0a8da331.OPERATION#flowable-async-job-executor-thread-1997#
[UnbindServiceFromApplicationStep] Getting service instance "incident-management-auth"...#
#2026 05 14 11:36:18.721#Z#DEBUG#12f0546a-4f89-11f1-8186-eeee0a8da331.OPERATION#flowable-async-job-executor-thread-1997#
[UnbindServiceFromApplicationStep] Async service binding operation with id "c4ebb3ba-b785-4cce-bc19-b79a1a9ff498" finished#
#2026 05 14 11:36:18.722#Z#DEBUG#12f0546a-4f89-11f1-8186-eeee0a8da331.OPERATION#flowable-async-job-executor-thread-1997#
Step "Unbind Service from Application" finished#
#2026 05 14 11:36:18.745#Z#DEBUG#12f0546a-4f89-11f1-8186-eeee0a8da331.OPERATION#flowable-async-job-executor-thread-1997#
[BindServiceToApplicationStep] Executing task "bindServiceToApplicationTask" of process "1bb3ad82-4f89-11f1-8186-eeee0a8da331"...#
#2026 05 14 11:36:18.746#Z#INFO#12f0546a-4f89-11f1-8186-eeee0a8da331.OPERATION#flowable-async-job-executor-thread-1997#
[BindServiceToApplicationStep] Binding service instance "incident-management-auth" to application "incident-management-srv"...#
#2026 05 14 11:36:18.753#Z#DEBUG#12f0546a-4f89-11f1-8186-eeee0a8da331.OPERATION#flowable-async-job-executor-thread-1997#
[BindServiceToApplicationStep] Binding service instance "incident-management-auth" to application "incident-management-srv" with parameters: { }#
#2026 05 14 11:36:18.881#Z#DEBUG#12f0546a-4f89-11f1-8186-eeee0a8da331.OPERATION#flowable-async-job-executor-thread-1997#
Step "Bind Service to Application" finished#
#2026 05 14 11:36:18.555#Z#DEBUG#12f0546a-4f89-11f1-8186-eeee0a8da331.OPERATION#flowable-async-job-executor-thread-1999#
[StartContentDeployStep] Executing task "startContentDeployTask" of process "1bb7cc3b-4f89-11f1-964a-eeee0a8788cb"...#
#2026 05 14 11:36:18.556#Z#DEBUG#12f0546a-4f89-11f1-8186-eeee0a8da331.OPERATION#flowable-async-job-executor-thread-1999#
[StartContentDeployStep] Checking status of module content deployment "incident-management-app-deployer" in service "incident-management-html5-repo-host"...#
#2026 05 14 11:36:19.006#Z#DEBUG#12f0546a-4f89-11f1-8186-eeee0a8da331.OPERATION#flowable-async-job-executor-thread-1999#
[StartContentDeployStep] Deleting content deployment resource "b9520572-8d2d-424b-bc76-34e773f98ed2"...#
#2026 05 14 11:36:19.045#Z#DEBUG#12f0546a-4f89-11f1-8186-eeee0a8da331.OPERATION#flowable-async-job-executor-thread-1999#
Step "Start Content Deploy" finished#
#2026 05 14 11:36:18.674#Z#DEBUG#12f0546a-4f89-11f1-8186-eeee0a8da331.OPERATION#flowable-async-job-executor-thread-1998#
[UploadAppStep] Executing task "uploadAppTask" of process "1a928652-4f89-11f1-964a-eeee0a8788cb"...#
#2026 05 14 11:36:18.675#Z#DEBUG#12f0546a-4f89-11f1-8186-eeee0a8da331.OPERATION#flowable-async-job-executor-thread-1998#
[UploadAppStep] Application upload timeout is default one: 3,600 seconds#
#2026 05 14 11:36:18.676#Z#DEBUG#12f0546a-4f89-11f1-8186-eeee0a8da331.OPERATION#pool-21-thread-1#
[UploadAppStep] Upload of application: incident-management-db-deployer started on instance: 0#
#2026 05 14 11:36:18.676#Z#DEBUG#12f0546a-4f89-11f1-8186-eeee0a8da331.OPERATION#pool-21-thread-1#
[UploadAppStep] Uploading file "incident-management-db-deployer/data.zip" for application "incident-management-db-deployer"#
#2026 05 14 11:36:18.752#Z#INFO#12f0546a-4f89-11f1-8186-eeee0a8da331.OPERATION#pool-21-thread-1#
[UploadAppStep] Time elapsed for app binary download: 75 in millis#
#2026 05 14 11:36:18.752#Z#INFO#12f0546a-4f89-11f1-8186-eeee0a8da331.OPERATION#pool-21-thread-1#
[UploadAppStep] Size of app incident-management-db-deployer is 2,444,088 bytes#
#2026 05 14 11:36:18.752#Z#DEBUG#12f0546a-4f89-11f1-8186-eeee0a8da331.OPERATION#pool-21-thread-1#
[UploadAppStep] Asynchronously uploading binaries for application "incident-management-db-deployer"...#
#2026 05 14 11:36:18.981#Z#INFO#12f0546a-4f89-11f1-8186-eeee0a8da331.OPERATION#pool-21-thread-1#
[UploadAppStep] Started async upload of application "incident-management-db-deployer"#
#2026 05 14 11:36:18.985#Z#INFO#12f0546a-4f89-11f1-8186-eeee0a8da331.OPERATION#flowable-async-job-executor-thread-1998#
[UploadAppStep] Time elapsed for upload: 309 in millis#
#2026 05 14 11:36:18.985#Z#DEBUG#12f0546a-4f89-11f1-8186-eeee0a8da331.OPERATION#flowable-async-job-executor-thread-1998#
[UploadAppStep] Getting application "incident-management-db-deployer"...#
#2026 05 14 11:36:19.001#Z#DEBUG#12f0546a-4f89-11f1-8186-eeee0a8da331.OPERATION#App upload monitor: ff0b0a16-854a-425d-a705-d6d7e66d3f59#
[UploadAppStep] Upload status: PROCESSING_UPLOAD#
#2026 05 14 11:36:19.024#Z#DEBUG#12f0546a-4f89-11f1-8186-eeee0a8da331.OPERATION#flowable-async-job-executor-thread-1998#
[UploadAppStep] Getting environment of application "704b7d6e-c410-4b7e-8dbd-4e9da35f4465"...#
#2026 05 14 11:36:19.057#Z#DEBUG#12f0546a-4f89-11f1-8186-eeee0a8da331.OPERATION#flowable-async-job-executor-thread-1998#
[UploadAppStep] Updating environment of application "incident-management-db-deployer"#
#2026 05 14 11:36:19.158#Z#DEBUG#12f0546a-4f89-11f1-8186-eeee0a8da331.OPERATION#flowable-async-job-executor-thread-1998#
Step "Upload App" finished#
#2026 05 14 11:36:24.027#Z#DEBUG#12f0546a-4f89-11f1-8186-eeee0a8da331.OPERATION#App upload monitor: ff0b0a16-854a-425d-a705-d6d7e66d3f59#
[UploadAppStep] Upload status: READY#
#2026 05 14 11:36:28.698#Z#DEBUG#12f0546a-4f89-11f1-8186-eeee0a8da331.OPERATION#flowable-async-job-executor-thread-2010#
[UploadAppStep] Executing task "uploadAppTask" of process "1a928652-4f89-11f1-964a-eeee0a8788cb"...#
#2026 05 14 11:36:28.699#Z#DEBUG#12f0546a-4f89-11f1-8186-eeee0a8da331.OPERATION#flowable-async-job-executor-thread-2010#
[UploadAppStep] Application upload timeout is default one: 3,600 seconds#
#2026 05 14 11:36:28.699#Z#DEBUG#12f0546a-4f89-11f1-8186-eeee0a8da331.OPERATION#flowable-async-job-executor-thread-2010#
[UploadAppStep] Checking upload status of application "incident-management-db-deployer"...#
#2026 05 14 11:36:28.703#Z#DEBUG#12f0546a-4f89-11f1-8186-eeee0a8da331.OPERATION#flowable-async-job-executor-thread-2010#
[UploadAppStep] Getting package "ff0b0a16-854a-425d-a705-d6d7e66d3f59"...#
#2026 05 14 11:36:28.730#Z#DEBUG#12f0546a-4f89-11f1-8186-eeee0a8da331.OPERATION#flowable-async-job-executor-thread-2010#
[UploadAppStep] Application "incident-management-db-deployer" uploaded#
#2026 05 14 11:36:28.730#Z#DEBUG#12f0546a-4f89-11f1-8186-eeee0a8da331.OPERATION#flowable-async-job-executor-thread-2010#
Step "Upload App" finished#
#2026 05 14 11:36:28.607#Z#DEBUG#12f0546a-4f89-11f1-8186-eeee0a8da331.OPERATION#flowable-async-job-executor-thread-2005#
[BindServiceToApplicationStep] Executing task "bindServiceToApplicationTask" of process "1bb3ad82-4f89-11f1-8186-eeee0a8da331"...#
#2026 05 14 11:36:28.608#Z#DEBUG#12f0546a-4f89-11f1-8186-eeee0a8da331.OPERATION#flowable-async-job-executor-thread-2005#
[BindServiceToApplicationStep] Getting async job "b89bb76f-5c36-4041-8eee-d115e4646b35"#
#2026 05 14 11:36:28.633#Z#DEBUG#12f0546a-4f89-11f1-8186-eeee0a8da331.OPERATION#flowable-async-job-executor-thread-2005#
[BindServiceToApplicationStep] Getting service instance "incident-management-auth"...#
#2026 05 14 11:36:28.770#Z#DEBUG#12f0546a-4f89-11f1-8186-eeee0a8da331.OPERATION#flowable-async-job-executor-thread-2005#
[BindServiceToApplicationStep] Async service binding operation with id "b89bb76f-5c36-4041-8eee-d115e4646b35" finished#
#2026 05 14 11:36:28.770#Z#DEBUG#12f0546a-4f89-11f1-8186-eeee0a8da331.OPERATION#flowable-async-job-executor-thread-2005#
Step "Bind Service to Application" finished#
#2026 05 14 11:36:28.649#Z#DEBUG#12f0546a-4f89-11f1-8186-eeee0a8da331.OPERATION#flowable-async-job-executor-thread-2008#
[UnbindServiceFromApplicationStep] Executing task "unbindServiceFromApplicationTask" of process "1cefd7c7-4f89-11f1-8c85-eeee0a9265de"...#
#2026 05 14 11:36:28.650#Z#DEBUG#12f0546a-4f89-11f1-8186-eeee0a8da331.OPERATION#flowable-async-job-executor-thread-2008#
[UnbindServiceFromApplicationStep] Getting async job "58f599d5-9beb-4401-82c1-1661c1df698d"#
#2026 05 14 11:36:28.674#Z#DEBUG#12f0546a-4f89-11f1-8186-eeee0a8da331.OPERATION#flowable-async-job-executor-thread-2008#
[UnbindServiceFromApplicationStep] Getting service instance "incident-management-destination"...#
#2026 05 14 11:36:28.799#Z#DEBUG#12f0546a-4f89-11f1-8186-eeee0a8da331.OPERATION#flowable-async-job-executor-thread-2008#
[UnbindServiceFromApplicationStep] Async service binding operation with id "58f599d5-9beb-4401-82c1-1661c1df698d" finished#
#2026 05 14 11:36:28.799#Z#DEBUG#12f0546a-4f89-11f1-8186-eeee0a8da331.OPERATION#flowable-async-job-executor-thread-2008#
Step "Unbind Service from Application" finished#
#2026 05 14 11:36:28.813#Z#DEBUG#12f0546a-4f89-11f1-8186-eeee0a8da331.OPERATION#flowable-async-job-executor-thread-2011#
[ScaleAppStep] Executing task "scaleAppTask" of process "1a928652-4f89-11f1-964a-eeee0a8788cb"...#
#2026 05 14 11:36:28.815#Z#DEBUG#12f0546a-4f89-11f1-8186-eeee0a8da331.OPERATION#flowable-async-job-executor-thread-2011#
[ScaleAppStep] Scaling application "incident-management-db-deployer"...#
#2026 05 14 11:36:28.815#Z#DEBUG#12f0546a-4f89-11f1-8186-eeee0a8da331.OPERATION#flowable-async-job-executor-thread-2011#
[ScaleAppStep] Getting application guid "incident-management-db-deployer"...#
#2026 05 14 11:36:28.853#Z#DEBUG#12f0546a-4f89-11f1-8186-eeee0a8da331.OPERATION#flowable-async-job-executor-thread-2011#
[ScaleAppStep] Getting process for application "704b7d6e-c410-4b7e-8dbd-4e9da35f4465"...#
#2026 05 14 11:36:28.901#Z#DEBUG#12f0546a-4f89-11f1-8186-eeee0a8da331.OPERATION#flowable-async-job-executor-thread-2011#
[ScaleAppStep] Application "incident-management-db-deployer" scaled#
#2026 05 14 11:36:28.901#Z#DEBUG#12f0546a-4f89-11f1-8186-eeee0a8da331.OPERATION#flowable-async-job-executor-thread-2011#
Step "Scale App" finished#
#2026 05 14 11:36:28.883#Z#DEBUG#12f0546a-4f89-11f1-8186-eeee0a8da331.OPERATION#flowable-async-job-executor-thread-2003#
[BindServiceToApplicationStep] Executing task "bindServiceToApplicationTask" of process "1cefd7c7-4f89-11f1-8c85-eeee0a9265de"...#
#2026 05 14 11:36:28.884#Z#INFO#12f0546a-4f89-11f1-8186-eeee0a8da331.OPERATION#flowable-async-job-executor-thread-2003#
[BindServiceToApplicationStep] Binding service instance "incident-management-destination" to application "incident-management-srv"...#
#2026 05 14 11:36:28.888#Z#DEBUG#12f0546a-4f89-11f1-8186-eeee0a8da331.OPERATION#flowable-async-job-executor-thread-2003#
[BindServiceToApplicationStep] Binding service instance "incident-management-destination" to application "incident-management-srv" with parameters: { }#
#2026 05 14 11:36:28.997#Z#DEBUG#12f0546a-4f89-11f1-8186-eeee0a8da331.OPERATION#flowable-async-job-executor-thread-2003#
Step "Bind Service to Application" finished#
#2026 05 14 11:36:28.928#Z#DEBUG#12f0546a-4f89-11f1-8186-eeee0a8da331.OPERATION#flowable-async-job-executor-thread-2011#
[DetermineDesiredStateAchievingActionsStep] Executing task "determineDesiredStateAchievingActionsTask" of process "1a928652-4f89-11f1-964a-eeee0a8788cb"...#
#2026 05 14 11:36:28.929#Z#DEBUG#12f0546a-4f89-11f1-8186-eeee0a8da331.OPERATION#flowable-async-job-executor-thread-2011#
[DetermineDesiredStateAchievingActionsStep] Getting application "incident-management-db-deployer"...#
#2026 05 14 11:36:28.970#Z#DEBUG#12f0546a-4f89-11f1-8186-eeee0a8da331.OPERATION#flowable-async-job-executor-thread-2011#
[DetermineDesiredStateAchievingActionsStep] Getting instances for application "incident-management-db-deployer"...#
#2026 05 14 11:36:28.970#Z#DEBUG#12f0546a-4f89-11f1-8186-eeee0a8da331.OPERATION#flowable-async-job-executor-thread-2011#
[DetermineDesiredStateAchievingActionsStep] Getting environment of application "704b7d6e-c410-4b7e-8dbd-4e9da35f4465"...#
#2026 05 14 11:36:29.003#Z#DEBUG#12f0546a-4f89-11f1-8186-eeee0a8da331.OPERATION#flowable-async-job-executor-thread-2011#
[DetermineDesiredStateAchievingActionsStep] Current state of application incident-management-db-deployer: STOPPED#
#2026 05 14 11:36:29.003#Z#DEBUG#12f0546a-4f89-11f1-8186-eeee0a8da331.OPERATION#flowable-async-job-executor-thread-2011#
[DetermineDesiredStateAchievingActionsStep] Desired state of application incident-management-db-deployer: STOPPED#
#2026 05 14 11:36:29.003#Z#DEBUG#12f0546a-4f89-11f1-8186-eeee0a8da331.OPERATION#flowable-async-job-executor-thread-2011#
[DetermineDesiredStateAchievingActionsStep] Actions that should be executed on application incident-management-db-deployer: [STAGE]#
#2026 05 14 11:36:29.003#Z#DEBUG#12f0546a-4f89-11f1-8186-eeee0a8da331.OPERATION#flowable-async-job-executor-thread-2011#
Step "Determine Desired State Achieving Actions" finished#
#2026 05 14 11:36:29.039#Z#DEBUG#12f0546a-4f89-11f1-8186-eeee0a8da331.OPERATION#flowable-async-job-executor-thread-2011#
[StageAppStep] Executing task "stageAppTask" of process "1a928652-4f89-11f1-964a-eeee0a8788cb"...#
#2026 05 14 11:36:29.041#Z#DEBUG#12f0546a-4f89-11f1-8186-eeee0a8da331.OPERATION#flowable-async-job-executor-thread-2011#
[StageAppStep] Application stage timeout is default one: 3,600 seconds#
#2026 05 14 11:36:29.044#Z#INFO#12f0546a-4f89-11f1-8186-eeee0a8da331.OPERATION#flowable-async-job-executor-thread-2011#
[StageAppStep] Staging application "incident-management-db-deployer"...#
#2026 05 14 11:36:29.055#Z#DEBUG#12f0546a-4f89-11f1-8186-eeee0a8da331.OPERATION#flowable-async-job-executor-thread-2011#
[StageAppStep] Creating build for package "ff0b0a16-854a-425d-a705-d6d7e66d3f59"...#
#2026 05 14 11:36:29.458#Z#DEBUG#12f0546a-4f89-11f1-8186-eeee0a8da331.OPERATION#flowable-async-job-executor-thread-2011#
Step "Stage App" finished#
#2026 05 14 11:36:38.675#Z#DEBUG#12f0546a-4f89-11f1-8186-eeee0a8da331.OPERATION#flowable-async-job-executor-thread-2017#
[StageAppStep] Executing task "stageAppTask" of process "1a928652-4f89-11f1-964a-eeee0a8788cb"...#
#2026 05 14 11:36:38.677#Z#DEBUG#12f0546a-4f89-11f1-8186-eeee0a8da331.OPERATION#flowable-async-job-executor-thread-2017#
[StageAppStep] Application stage timeout is default one: 3,600 seconds#
#2026 05 14 11:36:38.677#Z#DEBUG#12f0546a-4f89-11f1-8186-eeee0a8da331.OPERATION#flowable-async-job-executor-thread-2017#
[StageAppStep] Checking status of application "incident-management-db-deployer"...#
#2026 05 14 11:36:38.677#Z#DEBUG#12f0546a-4f89-11f1-8186-eeee0a8da331.OPERATION#flowable-async-job-executor-thread-2017#
[StageAppStep] Getting build "a3a50920-6c42-44ed-bf5b-6acd03df2971"...#
#2026 05 14 11:36:38.708#Z#DEBUG#12f0546a-4f89-11f1-8186-eeee0a8da331.OPERATION#flowable-async-job-executor-thread-2017#
[StageAppStep] Staging status of application "incident-management-db-deployer": PENDING#
#2026 05 14 11:36:38.710#Z#DEBUG#12f0546a-4f89-11f1-8186-eeee0a8da331.OPERATION#flowable-async-job-executor-thread-2017#
[StageAppStep] Getting application guid "incident-management-db-deployer"...#
#2026 05 14 11:36:38.843#Z#DEBUG#12f0546a-4f89-11f1-8186-eeee0a8da331.OPERATION#flowable-async-job-executor-thread-2017#
Step "Stage App" finished#
#2026 05 14 11:36:38.725#Z#DEBUG#12f0546a-4f89-11f1-8186-eeee0a8da331.OPERATION#flowable-async-job-executor-thread-2012#
[BindServiceToApplicationStep] Executing task "bindServiceToApplicationTask" of process "1cefd7c7-4f89-11f1-8c85-eeee0a9265de"...#
#2026 05 14 11:36:38.725#Z#DEBUG#12f0546a-4f89-11f1-8186-eeee0a8da331.OPERATION#flowable-async-job-executor-thread-2012#
[BindServiceToApplicationStep] Getting async job "94181006-7521-42c4-88e5-7b94b5a9e249"#
#2026 05 14 11:36:38.767#Z#DEBUG#12f0546a-4f89-11f1-8186-eeee0a8da331.OPERATION#flowable-async-job-executor-thread-2012#
[BindServiceToApplicationStep] Getting service instance "incident-management-destination"...#
#2026 05 14 11:36:38.893#Z#DEBUG#12f0546a-4f89-11f1-8186-eeee0a8da331.OPERATION#flowable-async-job-executor-thread-2012#
[BindServiceToApplicationStep] Async service binding operation with id "94181006-7521-42c4-88e5-7b94b5a9e249" finished#
#2026 05 14 11:36:38.894#Z#DEBUG#12f0546a-4f89-11f1-8186-eeee0a8da331.OPERATION#flowable-async-job-executor-thread-2012#
Step "Bind Service to Application" finished#
#2026 05 14 11:36:39.058#Z#DEBUG#12f0546a-4f89-11f1-8186-eeee0a8da331.OPERATION#flowable-async-job-executor-thread-2017#
[DetermineVcapServicesPropertiesChangedStep] Executing task "determineVcapServicesPropertiesChangedTask" of process "2bd5ed21-4f89-11f1-964a-eeee0a8788cb"...#
#2026 05 14 11:36:39.060#Z#DEBUG#12f0546a-4f89-11f1-8186-eeee0a8da331.OPERATION#flowable-async-job-executor-thread-2017#
[DetermineVcapServicesPropertiesChangedStep] VCAP_SERVICES properties for application "incident-management-srv" changed: true#
#2026 05 14 11:36:39.060#Z#DEBUG#12f0546a-4f89-11f1-8186-eeee0a8da331.OPERATION#flowable-async-job-executor-thread-2017#
Step "Determine vcap services properties changed" finished#
#2026 05 14 11:36:39.096#Z#DEBUG#12f0546a-4f89-11f1-8186-eeee0a8da331.OPERATION#flowable-async-job-executor-thread-2017#
[UploadAppStep] Executing task "uploadAppTask" of process "2bd5ed21-4f89-11f1-964a-eeee0a8788cb"...#
#2026 05 14 11:36:39.097#Z#DEBUG#12f0546a-4f89-11f1-8186-eeee0a8da331.OPERATION#flowable-async-job-executor-thread-2017#
[UploadAppStep] Application upload timeout is default one: 3,600 seconds#
#2026 05 14 11:36:39.097#Z#INFO#12f0546a-4f89-11f1-8186-eeee0a8da331.OPERATION#flowable-async-job-executor-thread-2017#
[UploadAppStep] Uploading application "incident-management-srv"...#
#2026 05 14 11:36:39.102#Z#DEBUG#12f0546a-4f89-11f1-8186-eeee0a8da331.OPERATION#flowable-async-job-executor-thread-2017#
[UploadAppStep] Getting application "incident-management-srv"...#
#2026 05 14 11:36:39.143#Z#DEBUG#12f0546a-4f89-11f1-8186-eeee0a8da331.OPERATION#flowable-async-job-executor-thread-2017#
[UploadAppStep] Getting environment of application "2492ac56-a2da-4631-b25a-332a89a4684c"...#
#2026 05 14 11:36:39.176#Z#INFO#12f0546a-4f89-11f1-8186-eeee0a8da331.OPERATION#flowable-async-job-executor-thread-2017#
[UploadAppStep] Calculating application digest: "incident-management-srv"#
#2026 05 14 11:36:39.338#Z#DEBUG#12f0546a-4f89-11f1-8186-eeee0a8da331.OPERATION#flowable-async-job-executor-thread-2017#
Step "Upload App" finished#
#2026 05 14 11:36:48.735#Z#DEBUG#12f0546a-4f89-11f1-8186-eeee0a8da331.OPERATION#flowable-async-job-executor-thread-2022#
[StageAppStep] Executing task "stageAppTask" of process "1a928652-4f89-11f1-964a-eeee0a8788cb"...#
#2026 05 14 11:36:48.736#Z#DEBUG#12f0546a-4f89-11f1-8186-eeee0a8da331.OPERATION#flowable-async-job-executor-thread-2022#
[StageAppStep] Application stage timeout is default one: 3,600 seconds#
#2026 05 14 11:36:48.737#Z#DEBUG#12f0546a-4f89-11f1-8186-eeee0a8da331.OPERATION#flowable-async-job-executor-thread-2022#
[StageAppStep] Checking status of application "incident-management-db-deployer"...#
#2026 05 14 11:36:48.737#Z#DEBUG#12f0546a-4f89-11f1-8186-eeee0a8da331.OPERATION#flowable-async-job-executor-thread-2022#
[StageAppStep] Getting build "a3a50920-6c42-44ed-bf5b-6acd03df2971"...#
#2026 05 14 11:36:48.764#Z#DEBUG#12f0546a-4f89-11f1-8186-eeee0a8da331.OPERATION#flowable-async-job-executor-thread-2022#
[StageAppStep] Staging status of application "incident-management-db-deployer": PENDING#
#2026 05 14 11:36:48.765#Z#DEBUG#12f0546a-4f89-11f1-8186-eeee0a8da331.OPERATION#flowable-async-job-executor-thread-2022#
[StageAppStep] Getting application guid "incident-management-db-deployer"...#
#2026 05 14 11:36:48.854#Z#DEBUG#12f0546a-4f89-11f1-8186-eeee0a8da331.OPERATION#flowable-async-job-executor-thread-2022#
Step "Stage App" finished#
#2026 05 14 11:36:48.741#Z#DEBUG#12f0546a-4f89-11f1-8186-eeee0a8da331.OPERATION#flowable-async-job-executor-thread-2023#
[UploadAppStep] Executing task "uploadAppTask" of process "2bd5ed21-4f89-11f1-964a-eeee0a8788cb"...#
#2026 05 14 11:36:48.742#Z#DEBUG#12f0546a-4f89-11f1-8186-eeee0a8da331.OPERATION#flowable-async-job-executor-thread-2023#
[UploadAppStep] Application upload timeout is default one: 3,600 seconds#
#2026 05 14 11:36:48.743#Z#DEBUG#12f0546a-4f89-11f1-8186-eeee0a8da331.OPERATION#pool-21-thread-1#
[UploadAppStep] Upload of application: incident-management-srv started on instance: 0#
#2026 05 14 11:36:48.743#Z#DEBUG#12f0546a-4f89-11f1-8186-eeee0a8da331.OPERATION#pool-21-thread-1#
[UploadAppStep] Uploading file "incident-management-srv/data.zip" for application "incident-management-srv"#
#2026 05 14 11:36:48.929#Z#INFO#12f0546a-4f89-11f1-8186-eeee0a8da331.OPERATION#pool-21-thread-1#
[UploadAppStep] Time elapsed for app binary download: 185 in millis#
#2026 05 14 11:36:48.929#Z#INFO#12f0546a-4f89-11f1-8186-eeee0a8da331.OPERATION#pool-21-thread-1#
[UploadAppStep] Size of app incident-management-srv is 7,333,317 bytes#
#2026 05 14 11:36:48.929#Z#DEBUG#12f0546a-4f89-11f1-8186-eeee0a8da331.OPERATION#pool-21-thread-1#
[UploadAppStep] Asynchronously uploading binaries for application "incident-management-srv"...#
#2026 05 14 11:36:49.156#Z#INFO#12f0546a-4f89-11f1-8186-eeee0a8da331.OPERATION#pool-21-thread-1#
[UploadAppStep] Started async upload of application "incident-management-srv"#
#2026 05 14 11:36:49.161#Z#INFO#12f0546a-4f89-11f1-8186-eeee0a8da331.OPERATION#flowable-async-job-executor-thread-2023#
[UploadAppStep] Time elapsed for upload: 418 in millis#
#2026 05 14 11:36:49.161#Z#DEBUG#12f0546a-4f89-11f1-8186-eeee0a8da331.OPERATION#flowable-async-job-executor-thread-2023#
[UploadAppStep] Getting application "incident-management-srv"...#
#2026 05 14 11:36:49.186#Z#DEBUG#12f0546a-4f89-11f1-8186-eeee0a8da331.OPERATION#App upload monitor: 71fd921e-0785-4329-9aa5-70d211ca1814#
[UploadAppStep] Upload status: PROCESSING_UPLOAD#
#2026 05 14 11:36:49.197#Z#DEBUG#12f0546a-4f89-11f1-8186-eeee0a8da331.OPERATION#flowable-async-job-executor-thread-2023#
[UploadAppStep] Getting environment of application "2492ac56-a2da-4631-b25a-332a89a4684c"...#
#2026 05 14 11:36:49.230#Z#DEBUG#12f0546a-4f89-11f1-8186-eeee0a8da331.OPERATION#flowable-async-job-executor-thread-2023#
[UploadAppStep] Updating environment of application "incident-management-srv"#
#2026 05 14 11:36:49.307#Z#DEBUG#12f0546a-4f89-11f1-8186-eeee0a8da331.OPERATION#flowable-async-job-executor-thread-2023#
Step "Upload App" finished#
#2026 05 14 11:36:54.211#Z#DEBUG#12f0546a-4f89-11f1-8186-eeee0a8da331.OPERATION#App upload monitor: 71fd921e-0785-4329-9aa5-70d211ca1814#
[UploadAppStep] Upload status: PROCESSING_UPLOAD#
#2026 05 14 11:36:58.847#Z#DEBUG#12f0546a-4f89-11f1-8186-eeee0a8da331.OPERATION#flowable-async-job-executor-thread-2017#
[UploadAppStep] Executing task "uploadAppTask" of process "2bd5ed21-4f89-11f1-964a-eeee0a8788cb"...#
#2026 05 14 11:36:58.848#Z#DEBUG#12f0546a-4f89-11f1-8186-eeee0a8da331.OPERATION#flowable-async-job-executor-thread-2017#
[UploadAppStep] Application upload timeout is default one: 3,600 seconds#
#2026 05 14 11:36:58.848#Z#DEBUG#12f0546a-4f89-11f1-8186-eeee0a8da331.OPERATION#flowable-async-job-executor-thread-2017#
[UploadAppStep] Checking upload status of application "incident-management-srv"...#
#2026 05 14 11:36:58.848#Z#DEBUG#12f0546a-4f89-11f1-8186-eeee0a8da331.OPERATION#flowable-async-job-executor-thread-2017#
[UploadAppStep] Getting package "71fd921e-0785-4329-9aa5-70d211ca1814"...#
#2026 05 14 11:36:58.868#Z#DEBUG#12f0546a-4f89-11f1-8186-eeee0a8da331.OPERATION#flowable-async-job-executor-thread-2017#
[UploadAppStep] Application "incident-management-srv" uploaded#
#2026 05 14 11:36:58.869#Z#DEBUG#12f0546a-4f89-11f1-8186-eeee0a8da331.OPERATION#flowable-async-job-executor-thread-2017#
Step "Upload App" finished#
#2026 05 14 11:36:58.990#Z#DEBUG#12f0546a-4f89-11f1-8186-eeee0a8da331.OPERATION#flowable-async-job-executor-thread-2025#
[ScaleAppStep] Executing task "scaleAppTask" of process "2bd5ed21-4f89-11f1-964a-eeee0a8788cb"...#
#2026 05 14 11:36:58.992#Z#DEBUG#12f0546a-4f89-11f1-8186-eeee0a8da331.OPERATION#flowable-async-job-executor-thread-2025#
[ScaleAppStep] Scaling application "incident-management-srv"...#
#2026 05 14 11:36:58.992#Z#DEBUG#12f0546a-4f89-11f1-8186-eeee0a8da331.OPERATION#flowable-async-job-executor-thread-2025#
[ScaleAppStep] Getting application guid "incident-management-srv"...#
#2026 05 14 11:36:59.034#Z#DEBUG#12f0546a-4f89-11f1-8186-eeee0a8da331.OPERATION#flowable-async-job-executor-thread-2025#
[ScaleAppStep] Getting process for application "2492ac56-a2da-4631-b25a-332a89a4684c"...#
#2026 05 14 11:36:59.069#Z#DEBUG#12f0546a-4f89-11f1-8186-eeee0a8da331.OPERATION#flowable-async-job-executor-thread-2025#
[ScaleAppStep] Application "incident-management-srv" scaled#
#2026 05 14 11:36:59.069#Z#DEBUG#12f0546a-4f89-11f1-8186-eeee0a8da331.OPERATION#flowable-async-job-executor-thread-2025#
Step "Scale App" finished#
#2026 05 14 11:36:59.235#Z#DEBUG#12f0546a-4f89-11f1-8186-eeee0a8da331.OPERATION#App upload monitor: 71fd921e-0785-4329-9aa5-70d211ca1814#
[UploadAppStep] Upload status: READY#
#2026 05 14 11:36:59.148#Z#DEBUG#12f0546a-4f89-11f1-8186-eeee0a8da331.OPERATION#flowable-async-job-executor-thread-2030#
[StageAppStep] Executing task "stageAppTask" of process "1a928652-4f89-11f1-964a-eeee0a8788cb"...#
#2026 05 14 11:36:59.149#Z#DEBUG#12f0546a-4f89-11f1-8186-eeee0a8da331.OPERATION#flowable-async-job-executor-thread-2030#
[StageAppStep] Application stage timeout is default one: 3,600 seconds#
#2026 05 14 11:36:59.150#Z#DEBUG#12f0546a-4f89-11f1-8186-eeee0a8da331.OPERATION#flowable-async-job-executor-thread-2030#
[StageAppStep] Checking status of application "incident-management-db-deployer"...#
#2026 05 14 11:36:59.150#Z#DEBUG#12f0546a-4f89-11f1-8186-eeee0a8da331.OPERATION#flowable-async-job-executor-thread-2030#
[StageAppStep] Getting build "a3a50920-6c42-44ed-bf5b-6acd03df2971"...#
#2026 05 14 11:36:59.179#Z#DEBUG#12f0546a-4f89-11f1-8186-eeee0a8da331.OPERATION#flowable-async-job-executor-thread-2030#
[StageAppStep] Staging status of application "incident-management-db-deployer": STAGED#
#2026 05 14 11:36:59.180#Z#DEBUG#12f0546a-4f89-11f1-8186-eeee0a8da331.OPERATION#flowable-async-job-executor-thread-2030#
[StageAppStep] Getting application guid "incident-management-db-deployer"...#
#2026 05 14 11:36:59.271#Z#DEBUG#12f0546a-4f89-11f1-8186-eeee0a8da331.OPERATION#flowable-async-job-executor-thread-2030#
[StageAppStep] Getting build "a3a50920-6c42-44ed-bf5b-6acd03df2971"...#
#2026 05 14 11:36:59.294#Z#DEBUG#12f0546a-4f89-11f1-8186-eeee0a8da331.OPERATION#flowable-async-job-executor-thread-2030#
[StageAppStep] Binding droplet "6c6f995f-f2f6-4e7f-9c4c-4ed36e606d78" to application "704b7d6e-c410-4b7e-8dbd-4e9da35f4465"...#
#2026 05 14 11:36:59.352#Z#INFO#12f0546a-4f89-11f1-8186-eeee0a8da331.OPERATION#flowable-async-job-executor-thread-2030#
[StageAppStep] Application "incident-management-db-deployer" staged#
#2026 05 14 11:36:59.357#Z#DEBUG#12f0546a-4f89-11f1-8186-eeee0a8da331.OPERATION#flowable-async-job-executor-thread-2030#
Step "Stage App" finished#
#2026 05 14 11:36:59.324#Z#DEBUG#12f0546a-4f89-11f1-8186-eeee0a8da331.OPERATION#flowable-async-job-executor-thread-2028#
[DetermineDesiredStateAchievingActionsStep] Executing task "determineDesiredStateAchievingActionsTask" of process "2bd5ed21-4f89-11f1-964a-eeee0a8788cb"...#
#2026 05 14 11:36:59.325#Z#DEBUG#12f0546a-4f89-11f1-8186-eeee0a8da331.OPERATION#flowable-async-job-executor-thread-2028#
[DetermineDesiredStateAchievingActionsStep] Getting application "incident-management-srv"...#
#2026 05 14 11:36:59.366#Z#DEBUG#12f0546a-4f89-11f1-8186-eeee0a8da331.OPERATION#flowable-async-job-executor-thread-2028#
[DetermineDesiredStateAchievingActionsStep] Getting instances for application "incident-management-srv"...#
#2026 05 14 11:36:59.405#Z#DEBUG#12f0546a-4f89-11f1-8186-eeee0a8da331.OPERATION#flowable-async-job-executor-thread-2028#
[DetermineDesiredStateAchievingActionsStep] Getting environment of application "2492ac56-a2da-4631-b25a-332a89a4684c"...#
#2026 05 14 11:36:59.433#Z#DEBUG#12f0546a-4f89-11f1-8186-eeee0a8da331.OPERATION#flowable-async-job-executor-thread-2028#
[DetermineDesiredStateAchievingActionsStep] Current state of application incident-management-srv: STARTED#
#2026 05 14 11:36:59.433#Z#DEBUG#12f0546a-4f89-11f1-8186-eeee0a8da331.OPERATION#flowable-async-job-executor-thread-2028#
[DetermineDesiredStateAchievingActionsStep] Desired state of application incident-management-srv: STARTED#
#2026 05 14 11:36:59.433#Z#DEBUG#12f0546a-4f89-11f1-8186-eeee0a8da331.OPERATION#flowable-async-job-executor-thread-2028#
[DetermineDesiredStateAchievingActionsStep] Actions that should be executed on application incident-management-srv: [STOP, STAGE, START]#
#2026 05 14 11:36:59.433#Z#DEBUG#12f0546a-4f89-11f1-8186-eeee0a8da331.OPERATION#flowable-async-job-executor-thread-2028#
Step "Determine Desired State Achieving Actions" finished#
#2026 05 14 11:36:59.617#Z#DEBUG#12f0546a-4f89-11f1-8186-eeee0a8da331.OPERATION#flowable-async-job-executor-thread-2028#
[PrepareToExecuteTasksStep] Executing task "prepareToExecuteTasksTask" of process "3817e557-4f89-11f1-964a-eeee0a8788cb"...#
#2026 05 14 11:36:59.618#Z#DEBUG#12f0546a-4f89-11f1-8186-eeee0a8da331.OPERATION#flowable-async-job-executor-thread-2028#
Step "Prepare To Execute Tasks" finished#
#2026 05 14 11:36:59.571#Z#DEBUG#12f0546a-4f89-11f1-8186-eeee0a8da331.OPERATION#flowable-async-job-executor-thread-2029#
[StopAppStep] Executing task "stopAppTask" of process "2bd5ed21-4f89-11f1-964a-eeee0a8788cb"...#
#2026 05 14 11:36:59.584#Z#INFO#12f0546a-4f89-11f1-8186-eeee0a8da331.OPERATION#flowable-async-job-executor-thread-2029#
[StopAppStep] Stopping application "incident-management-srv"...#
#2026 05 14 11:36:59.593#Z#DEBUG#12f0546a-4f89-11f1-8186-eeee0a8da331.OPERATION#flowable-async-job-executor-thread-2029#
[StopAppStep] Stopping application "incident-management-srv"...#
#2026 05 14 11:36:59.804#Z#DEBUG#12f0546a-4f89-11f1-8186-eeee0a8da331.OPERATION#flowable-async-job-executor-thread-2029#
[StopAppStep] Application "incident-management-srv" stopped#
#2026 05 14 11:36:59.804#Z#DEBUG#12f0546a-4f89-11f1-8186-eeee0a8da331.OPERATION#flowable-async-job-executor-thread-2029#
[StopAppStep] Getting environment of application "2492ac56-a2da-4631-b25a-332a89a4684c"...#
#2026 05 14 11:36:59.838#Z#DEBUG#12f0546a-4f89-11f1-8186-eeee0a8da331.OPERATION#flowable-async-job-executor-thread-2029#
Step "Stop App" finished#
#2026 05 14 11:36:59.642#Z#DEBUG#12f0546a-4f89-11f1-8186-eeee0a8da331.OPERATION#flowable-async-job-executor-thread-2028#
[ExecuteTaskStep] Executing task "executeTaskTask" of process "3817e557-4f89-11f1-964a-eeee0a8788cb"...#
#2026 05 14 11:36:59.643#Z#DEBUG#12f0546a-4f89-11f1-8186-eeee0a8da331.OPERATION#flowable-async-job-executor-thread-2028#
[ExecuteTaskStep] Application task execution timeout is default one: 43,200 seconds#
#2026 05 14 11:36:59.644#Z#INFO#12f0546a-4f89-11f1-8186-eeee0a8da331.OPERATION#flowable-async-job-executor-thread-2028#
[ExecuteTaskStep] Executing task "deploy" on application "incident-management-db-deployer"...#
#2026 05 14 11:36:59.647#Z#DEBUG#12f0546a-4f89-11f1-8186-eeee0a8da331.OPERATION#flowable-async-job-executor-thread-2028#
[ExecuteTaskStep] Running task on application "incident-management-db-deployer": {
  "name" : "deploy",
  "command" : "npm start",
  "limits" : {
    "memory" : 256
  }
}#
#2026 05 14 11:36:59.917#Z#DEBUG#12f0546a-4f89-11f1-8186-eeee0a8da331.OPERATION#flowable-async-job-executor-thread-2028#
Step "Execute Task" finished#
#2026 05 14 11:36:59.875#Z#DEBUG#12f0546a-4f89-11f1-8186-eeee0a8da331.OPERATION#flowable-async-job-executor-thread-2029#
[StageAppStep] Executing task "stageAppTask" of process "3845ac76-4f89-11f1-964a-eeee0a8788cb"...#
#2026 05 14 11:36:59.876#Z#DEBUG#12f0546a-4f89-11f1-8186-eeee0a8da331.OPERATION#flowable-async-job-executor-thread-2029#
[StageAppStep] Application stage timeout is default one: 3,600 seconds#
#2026 05 14 11:36:59.876#Z#INFO#12f0546a-4f89-11f1-8186-eeee0a8da331.OPERATION#flowable-async-job-executor-thread-2029#
[StageAppStep] Staging application "incident-management-srv"...#
#2026 05 14 11:36:59.879#Z#DEBUG#12f0546a-4f89-11f1-8186-eeee0a8da331.OPERATION#flowable-async-job-executor-thread-2029#
[StageAppStep] Creating build for package "71fd921e-0785-4329-9aa5-70d211ca1814"...#
#2026 05 14 11:37:00.264#Z#DEBUG#12f0546a-4f89-11f1-8186-eeee0a8da331.OPERATION#flowable-async-job-executor-thread-2029#
Step "Stage App" finished#
#2026 05 14 11:37:08.912#Z#DEBUG#12f0546a-4f89-11f1-8186-eeee0a8da331.OPERATION#flowable-async-job-executor-thread-2032#
[StageAppStep] Executing task "stageAppTask" of process "3845ac76-4f89-11f1-964a-eeee0a8788cb"...#
#2026 05 14 11:37:08.913#Z#DEBUG#12f0546a-4f89-11f1-8186-eeee0a8da331.OPERATION#flowable-async-job-executor-thread-2032#
[StageAppStep] Application stage timeout is default one: 3,600 seconds#
#2026 05 14 11:37:08.914#Z#DEBUG#12f0546a-4f89-11f1-8186-eeee0a8da331.OPERATION#flowable-async-job-executor-thread-2032#
[StageAppStep] Checking status of application "incident-management-srv"...#
#2026 05 14 11:37:08.914#Z#DEBUG#12f0546a-4f89-11f1-8186-eeee0a8da331.OPERATION#flowable-async-job-executor-thread-2032#
[StageAppStep] Getting build "8a184934-fe5e-4571-9708-342a4d72a545"...#
#2026 05 14 11:37:08.944#Z#DEBUG#12f0546a-4f89-11f1-8186-eeee0a8da331.OPERATION#flowable-async-job-executor-thread-2032#
[StageAppStep] Staging status of application "incident-management-srv": PENDING#
#2026 05 14 11:37:08.945#Z#DEBUG#12f0546a-4f89-11f1-8186-eeee0a8da331.OPERATION#flowable-async-job-executor-thread-2032#
[StageAppStep] Getting application guid "incident-management-srv"...#
#2026 05 14 11:37:09.049#Z#DEBUG#12f0546a-4f89-11f1-8186-eeee0a8da331.OPERATION#flowable-async-job-executor-thread-2032#
Step "Stage App" finished#
#2026 05 14 11:37:08.965#Z#DEBUG#12f0546a-4f89-11f1-8186-eeee0a8da331.OPERATION#flowable-async-job-executor-thread-1463#
[ExecuteTaskStep] Executing task "executeTaskTask" of process "3817e557-4f89-11f1-964a-eeee0a8788cb"...#
#2026 05 14 11:37:08.967#Z#DEBUG#12f0546a-4f89-11f1-8186-eeee0a8da331.OPERATION#flowable-async-job-executor-thread-1463#
[ExecuteTaskStep] Application task execution timeout is default one: 43,200 seconds#
#2026 05 14 11:37:08.969#Z#DEBUG#12f0546a-4f89-11f1-8186-eeee0a8da331.OPERATION#flowable-async-job-executor-thread-1463#
[ExecuteTaskStep] Getting task "822b1fe8-288e-4d8f-9fb8-8a8836e012fa"...#
#2026 05 14 11:37:08.997#Z#DEBUG#12f0546a-4f89-11f1-8186-eeee0a8da331.OPERATION#flowable-async-job-executor-thread-1463#
[ExecuteTaskStep] Task execution status: running#
#2026 05 14 11:37:08.998#Z#DEBUG#12f0546a-4f89-11f1-8186-eeee0a8da331.OPERATION#flowable-async-job-executor-thread-1463#
[ExecuteTaskStep] Getting application guid "incident-management-db-deployer"...#
#2026 05 14 11:37:09.107#Z#DEBUG#12f0546a-4f89-11f1-8186-eeee0a8da331.OPERATION#flowable-async-job-executor-thread-1463#
Step "Execute Task" finished#
#2026 05 14 11:37:18.972#Z#DEBUG#12f0546a-4f89-11f1-8186-eeee0a8da331.OPERATION#flowable-async-job-executor-thread-2046#
[StageAppStep] Executing task "stageAppTask" of process "3845ac76-4f89-11f1-964a-eeee0a8788cb"...#
#2026 05 14 11:37:18.973#Z#DEBUG#12f0546a-4f89-11f1-8186-eeee0a8da331.OPERATION#flowable-async-job-executor-thread-2046#
[StageAppStep] Application stage timeout is default one: 3,600 seconds#
#2026 05 14 11:37:18.973#Z#DEBUG#12f0546a-4f89-11f1-8186-eeee0a8da331.OPERATION#flowable-async-job-executor-thread-2046#
[StageAppStep] Checking status of application "incident-management-srv"...#
#2026 05 14 11:37:18.973#Z#DEBUG#12f0546a-4f89-11f1-8186-eeee0a8da331.OPERATION#flowable-async-job-executor-thread-2046#
[StageAppStep] Getting build "8a184934-fe5e-4571-9708-342a4d72a545"...#
#2026 05 14 11:37:19.002#Z#DEBUG#12f0546a-4f89-11f1-8186-eeee0a8da331.OPERATION#flowable-async-job-executor-thread-2046#
[StageAppStep] Staging status of application "incident-management-srv": PENDING#
#2026 05 14 11:37:19.003#Z#DEBUG#12f0546a-4f89-11f1-8186-eeee0a8da331.OPERATION#flowable-async-job-executor-thread-2046#
[StageAppStep] Getting application guid "incident-management-srv"...#
#2026 05 14 11:37:19.097#Z#DEBUG#12f0546a-4f89-11f1-8186-eeee0a8da331.OPERATION#flowable-async-job-executor-thread-2046#
Step "Stage App" finished#
#2026 05 14 11:37:18.978#Z#DEBUG#12f0546a-4f89-11f1-8186-eeee0a8da331.OPERATION#flowable-async-job-executor-thread-2042#
[ExecuteTaskStep] Executing task "executeTaskTask" of process "3817e557-4f89-11f1-964a-eeee0a8788cb"...#
#2026 05 14 11:37:18.979#Z#DEBUG#12f0546a-4f89-11f1-8186-eeee0a8da331.OPERATION#flowable-async-job-executor-thread-2042#
[ExecuteTaskStep] Application task execution timeout is default one: 43,200 seconds#
#2026 05 14 11:37:18.981#Z#DEBUG#12f0546a-4f89-11f1-8186-eeee0a8da331.OPERATION#flowable-async-job-executor-thread-2042#
[ExecuteTaskStep] Getting task "822b1fe8-288e-4d8f-9fb8-8a8836e012fa"...#
#2026 05 14 11:37:19.008#Z#DEBUG#12f0546a-4f89-11f1-8186-eeee0a8da331.OPERATION#flowable-async-job-executor-thread-2042#
[ExecuteTaskStep] Task execution status: failed#
#2026 05 14 11:37:19.009#Z#DEBUG#12f0546a-4f89-11f1-8186-eeee0a8da331.OPERATION#flowable-async-job-executor-thread-2042#
[ExecuteTaskStep] Getting application guid "incident-management-db-deployer"...#
#2026 05 14 11:37:19.100#Z#ERROR#12f0546a-4f89-11f1-8186-eeee0a8da331.OPERATION#flowable-async-job-executor-thread-2042#
[ExecuteTaskStep] Execution of task "deploy" on application "incident-management-db-deployer" failed.#
#2026 05 14 11:37:19.108#Z#INFO#12f0546a-4f89-11f1-8186-eeee0a8da331.OPERATION#flowable-async-job-executor-thread-2042#
[ExecuteTaskStep] Download the MTA operation logs for more details.#
#2026 05 14 11:37:19.113#Z#DEBUG#12f0546a-4f89-11f1-8186-eeee0a8da331.OPERATION#flowable-async-job-executor-thread-2042#
Step "Execute Task" finished#
#2026 05 14 11:37:29.012#Z#DEBUG#12f0546a-4f89-11f1-8186-eeee0a8da331.OPERATION#flowable-async-job-executor-thread-2051#
[StageAppStep] Executing task "stageAppTask" of process "3845ac76-4f89-11f1-964a-eeee0a8788cb"...#
#2026 05 14 11:37:29.014#Z#DEBUG#12f0546a-4f89-11f1-8186-eeee0a8da331.OPERATION#flowable-async-job-executor-thread-2051#
[StageAppStep] Application stage timeout is default one: 3,600 seconds#
#2026 05 14 11:37:29.066#Z#DEBUG#12f0546a-4f89-11f1-8186-eeee0a8da331.OPERATION#flowable-async-job-executor-thread-2051#
[StageAppStep] Checking status of application "incident-management-srv"...#
#2026 05 14 11:37:29.066#Z#DEBUG#12f0546a-4f89-11f1-8186-eeee0a8da331.OPERATION#flowable-async-job-executor-thread-2051#
[StageAppStep] Getting build "8a184934-fe5e-4571-9708-342a4d72a545"...#
#2026 05 14 11:37:29.100#Z#DEBUG#12f0546a-4f89-11f1-8186-eeee0a8da331.OPERATION#flowable-async-job-executor-thread-2051#
[StageAppStep] Staging status of application "incident-management-srv": PENDING#
#2026 05 14 11:37:29.101#Z#DEBUG#12f0546a-4f89-11f1-8186-eeee0a8da331.OPERATION#flowable-async-job-executor-thread-2051#
[StageAppStep] Getting application guid "incident-management-srv"...#
#2026 05 14 11:37:29.193#Z#DEBUG#12f0546a-4f89-11f1-8186-eeee0a8da331.OPERATION#flowable-async-job-executor-thread-2051#
Step "Stage App" finished#
#2026 05 14 11:37:39.060#Z#DEBUG#12f0546a-4f89-11f1-8186-eeee0a8da331.OPERATION#flowable-async-job-executor-thread-2059#
[StageAppStep] Executing task "stageAppTask" of process "3845ac76-4f89-11f1-964a-eeee0a8788cb"...#
#2026 05 14 11:37:39.061#Z#DEBUG#12f0546a-4f89-11f1-8186-eeee0a8da331.OPERATION#flowable-async-job-executor-thread-2059#
[StageAppStep] Application stage timeout is default one: 3,600 seconds#
#2026 05 14 11:37:39.062#Z#DEBUG#12f0546a-4f89-11f1-8186-eeee0a8da331.OPERATION#flowable-async-job-executor-thread-2059#
[StageAppStep] Checking status of application "incident-management-srv"...#
#2026 05 14 11:37:39.062#Z#DEBUG#12f0546a-4f89-11f1-8186-eeee0a8da331.OPERATION#flowable-async-job-executor-thread-2059#
[StageAppStep] Getting build "8a184934-fe5e-4571-9708-342a4d72a545"...#
#2026 05 14 11:37:39.090#Z#DEBUG#12f0546a-4f89-11f1-8186-eeee0a8da331.OPERATION#flowable-async-job-executor-thread-2059#
[StageAppStep] Staging status of application "incident-management-srv": STAGED#
#2026 05 14 11:37:39.092#Z#DEBUG#12f0546a-4f89-11f1-8186-eeee0a8da331.OPERATION#flowable-async-job-executor-thread-2059#
[StageAppStep] Getting application guid "incident-management-srv"...#
#2026 05 14 11:37:39.199#Z#DEBUG#12f0546a-4f89-11f1-8186-eeee0a8da331.OPERATION#flowable-async-job-executor-thread-2059#
[StageAppStep] Getting build "8a184934-fe5e-4571-9708-342a4d72a545"...#
#2026 05 14 11:37:39.230#Z#DEBUG#12f0546a-4f89-11f1-8186-eeee0a8da331.OPERATION#flowable-async-job-executor-thread-2059#
[StageAppStep] Binding droplet "0cb812a9-bdb9-4ca3-8a4f-8295e46fa1e1" to application "2492ac56-a2da-4631-b25a-332a89a4684c"...#
#2026 05 14 11:37:39.272#Z#INFO#12f0546a-4f89-11f1-8186-eeee0a8da331.OPERATION#flowable-async-job-executor-thread-2059#
[StageAppStep] Application "incident-management-srv" staged#
#2026 05 14 11:37:39.277#Z#DEBUG#12f0546a-4f89-11f1-8186-eeee0a8da331.OPERATION#flowable-async-job-executor-thread-2059#
Step "Stage App" finished#
#2026 05 14 11:37:39.299#Z#DEBUG#12f0546a-4f89-11f1-8186-eeee0a8da331.OPERATION#flowable-async-job-executor-thread-2059#
[RestartAppStep] Executing task "startAppTask" of process "3845ac76-4f89-11f1-964a-eeee0a8788cb"...#
#2026 05 14 11:37:39.301#Z#DEBUG#12f0546a-4f89-11f1-8186-eeee0a8da331.OPERATION#flowable-async-job-executor-thread-2059#
[RestartAppStep] Application start timeout is default one: 3,600 seconds#
#2026 05 14 11:37:39.304#Z#DEBUG#12f0546a-4f89-11f1-8186-eeee0a8da331.OPERATION#flowable-async-job-executor-thread-2059#
[RestartAppStep] Getting application "incident-management-srv"...#
#2026 05 14 11:37:39.337#Z#INFO#12f0546a-4f89-11f1-8186-eeee0a8da331.OPERATION#flowable-async-job-executor-thread-2059#
[RestartAppStep] Starting application "incident-management-srv"...#
#2026 05 14 11:37:39.340#Z#DEBUG#12f0546a-4f89-11f1-8186-eeee0a8da331.OPERATION#flowable-async-job-executor-thread-2059#
[RestartAppStep] Starting application "incident-management-srv"...#
#2026 05 14 11:37:39.596#Z#DEBUG#12f0546a-4f89-11f1-8186-eeee0a8da331.OPERATION#flowable-async-job-executor-thread-2059#
Step "Start App" finished#
#2026 05 14 11:37:49.124#Z#DEBUG#12f0546a-4f89-11f1-8186-eeee0a8da331.OPERATION#flowable-async-job-executor-thread-2064#
[RestartAppStep] Executing task "startAppTask" of process "4ff84313-4f89-11f1-964a-eeee0a8788cb"...#
#2026 05 14 11:37:49.125#Z#DEBUG#12f0546a-4f89-11f1-8186-eeee0a8da331.OPERATION#flowable-async-job-executor-thread-2064#
[RestartAppStep] Application start timeout is default one: 3,600 seconds#
#2026 05 14 11:37:49.126#Z#DEBUG#12f0546a-4f89-11f1-8186-eeee0a8da331.OPERATION#flowable-async-job-executor-thread-2064#
[RestartAppStep] Checking status of application "incident-management-srv"...#
#2026 05 14 11:37:49.126#Z#DEBUG#12f0546a-4f89-11f1-8186-eeee0a8da331.OPERATION#flowable-async-job-executor-thread-2064#
[RestartAppStep] Getting application "incident-management-srv"...#
#2026 05 14 11:37:49.170#Z#DEBUG#12f0546a-4f89-11f1-8186-eeee0a8da331.OPERATION#flowable-async-job-executor-thread-2064#
[RestartAppStep] Getting instances for application "incident-management-srv"...#
#2026 05 14 11:37:49.218#Z#DEBUG#12f0546a-4f89-11f1-8186-eeee0a8da331.OPERATION#flowable-async-job-executor-thread-2064#
[RestartAppStep] Application "incident-management-srv": 0 of 1 instances running (1 starting)#
#2026 05 14 11:37:49.264#Z#DEBUG#12f0546a-4f89-11f1-8186-eeee0a8da331.OPERATION#flowable-async-job-executor-thread-2064#
Step "Start App" finished#
#2026 05 14 11:37:59.156#Z#DEBUG#12f0546a-4f89-11f1-8186-eeee0a8da331.OPERATION#flowable-async-job-executor-thread-2074#
[RestartAppStep] Executing task "startAppTask" of process "55bb54e8-4f89-11f1-964a-eeee0a8788cb"...#
#2026 05 14 11:37:59.158#Z#DEBUG#12f0546a-4f89-11f1-8186-eeee0a8da331.OPERATION#flowable-async-job-executor-thread-2074#
[RestartAppStep] Application start timeout is default one: 3,600 seconds#
#2026 05 14 11:37:59.159#Z#DEBUG#12f0546a-4f89-11f1-8186-eeee0a8da331.OPERATION#flowable-async-job-executor-thread-2074#
[RestartAppStep] Checking status of application "incident-management-srv"...#
#2026 05 14 11:37:59.159#Z#DEBUG#12f0546a-4f89-11f1-8186-eeee0a8da331.OPERATION#flowable-async-job-executor-thread-2074#
[RestartAppStep] Getting instances for application "incident-management-srv"...#
#2026 05 14 11:37:59.198#Z#DEBUG#12f0546a-4f89-11f1-8186-eeee0a8da331.OPERATION#flowable-async-job-executor-thread-2074#
[RestartAppStep] Application "incident-management-srv": 1 of 1 instances running (1 running)#
#2026 05 14 11:37:59.225#Z#DEBUG#12f0546a-4f89-11f1-8186-eeee0a8da331.OPERATION#flowable-async-job-executor-thread-2074#
[RestartAppStep] Getting routes for application "2492ac56-a2da-4631-b25a-332a89a4684c"...#
#2026 05 14 11:37:59.273#Z#INFO#12f0546a-4f89-11f1-8186-eeee0a8da331.OPERATION#flowable-async-job-executor-thread-2074#
[RestartAppStep] Application "incident-management-srv" started and available at "922f8253trial-dev-incident-management-srv.cfapps.us10-001.hana.ondemand.com"#
#2026 05 14 11:37:59.277#Z#DEBUG#12f0546a-4f89-11f1-8186-eeee0a8da331.OPERATION#flowable-async-job-executor-thread-2074#
Step "Start App" finished#
#2026 05 14 11:38:09.196#Z#DEBUG#12f0546a-4f89-11f1-8186-eeee0a8da331.OPERATION#flowable-async-job-executor-thread-2086#
[RestartAppStep] Executing task "startAppTask" of process "5bb37f02-4f89-11f1-964a-eeee0a8788cb"...#
#2026 05 14 11:38:09.198#Z#DEBUG#12f0546a-4f89-11f1-8186-eeee0a8da331.OPERATION#flowable-async-job-executor-thread-2086#
[RestartAppStep] Application start timeout is default one: 3,600 seconds#
#2026 05 14 11:38:09.199#Z#DEBUG#12f0546a-4f89-11f1-8186-eeee0a8da331.OPERATION#flowable-async-job-executor-thread-2086#
Step "Start App" finished#
#2026 05 14 11:38:09.381#Z#DEBUG#12f0546a-4f89-11f1-8186-eeee0a8da331.OPERATION#flowable-async-job-executor-thread-2083#
[PrepareToExecuteTasksStep] Executing task "prepareToExecuteTasksTask" of process "61b08c93-4f89-11f1-964a-eeee0a8788cb"...#
#2026 05 14 11:38:09.382#Z#DEBUG#12f0546a-4f89-11f1-8186-eeee0a8da331.OPERATION#flowable-async-job-executor-thread-2083#
Step "Prepare To Execute Tasks" finished#
#2026 05 14 11:38:09.424#Z#DEBUG#12f0546a-4f89-11f1-8186-eeee0a8da331.OPERATION#flowable-async-job-executor-thread-2083#
[PublishConfigurationEntriesStep] Executing task "publishProvidedDependenciesTask" of process "619d5277-4f89-11f1-964a-eeee0a8788cb"...#
#2026 05 14 11:38:09.425#Z#DEBUG#12f0546a-4f89-11f1-8186-eeee0a8da331.OPERATION#flowable-async-job-executor-thread-2083#
[PublishConfigurationEntriesStep] Publishing public provided dependencies for application "incident-management-srv"...#
#2026 05 14 11:38:09.425#Z#DEBUG#12f0546a-4f89-11f1-8186-eeee0a8da331.OPERATION#flowable-async-job-executor-thread-2083#
[PublishConfigurationEntriesStep] No public provided dependencies for publishing#
#2026 05 14 11:38:09.425#Z#DEBUG#12f0546a-4f89-11f1-8186-eeee0a8da331.OPERATION#flowable-async-job-executor-thread-2083#
Step "Publish Provided Dependencies" finished#
#2026 05 14 11:38:09.449#Z#DEBUG#12f0546a-4f89-11f1-8186-eeee0a8da331.OPERATION#flowable-async-job-executor-thread-2083#
[CreateOrUpdateServiceBrokerStep] Executing task "createOrUpdateServiceBrokerTask" of process "619d5277-4f89-11f1-964a-eeee0a8788cb"...#
#2026 05 14 11:38:09.450#Z#DEBUG#12f0546a-4f89-11f1-8186-eeee0a8da331.OPERATION#flowable-async-job-executor-thread-2083#
[CreateOrUpdateServiceBrokerStep] Creating service brokers...#
#2026 05 14 11:38:09.450#Z#DEBUG#12f0546a-4f89-11f1-8186-eeee0a8da331.OPERATION#flowable-async-job-executor-thread-2083#
Step "Create Or Update Service Broker " finished#
